date,location,waste_category,quantity_kg,people_count,meals_served,event_flag,previous_waste_kg,disposal_method
2025-01-01,Main Canteen,Food,62.57,956,969,false,,Composting
2025-01-01,Main Canteen,Plastic,12.22,956,969,false,,Recycling
2025-01-01,Main Canteen,Paper,8.23,956,969,false,,Recycling
2025-01-01,Main Canteen,Glass,3.18,956,969,false,,Recycling
2025-01-01,Main Canteen,Metal,2.13,956,969,false,,Recycling
2025-01-01,Main Canteen,E-Waste,0.54,956,969,false,,Authorized Recycler
2025-01-01,Main Canteen,Other,6.89,956,969,false,,Recycling
2025-01-01,Hostel A,Food,31.39,427,374,false,,Composting
2025-01-01,Hostel A,Plastic,8.09,427,374,false,,Recycling
2025-01-01,Hostel A,Paper,4.72,427,374,false,,Recycling
2025-01-01,Hostel A,Glass,2.1,427,374,false,,Recycling
2025-01-01,Hostel A,Metal,1.01,427,374,false,,Recycling
2025-01-01,Hostel A,E-Waste,0.29,427,374,false,,Authorized Recycler
2025-01-01,Hostel A,Other,3.55,427,374,false,,Recycling
2025-01-01,Hostel B,Food,31.17,418,370,false,,Composting
2025-01-01,Hostel B,Plastic,7.62,418,370,false,,Recycling
2025-01-01,Hostel B,Paper,3.74,418,370,false,,Recycling
2025-01-01,Hostel B,Glass,2.29,418,370,false,,Recycling
2025-01-01,Hostel B,Metal,1.05,418,370,false,,Recycling
2025-01-01,Hostel B,E-Waste,0.28,418,370,false,,Authorized Recycler
2025-01-01,Hostel B,Other,3.49,418,370,false,,Recycling
2025-01-01,Food Court,Food,44.49,592,596,false,,Composting
2025-01-01,Food Court,Plastic,14.95,592,596,false,,Recycling
2025-01-01,Food Court,Paper,6.8,592,596,false,,Recycling
2025-01-01,Food Court,Glass,3.79,592,596,false,,Recycling
2025-01-01,Food Court,Metal,1.53,592,596,false,,Recycling
2025-01-01,Food Court,E-Waste,0.2,592,596,false,,Authorized Recycler
2025-01-01,Food Court,Other,5.72,592,596,false,,Recycling
2025-01-01,Academic Block,Food,5.2,1225,1117,false,,Composting
2025-01-01,Academic Block,Plastic,5.44,1225,1117,false,,Recycling
2025-01-01,Academic Block,Paper,11.97,1225,1117,false,,Recycling
2025-01-01,Academic Block,Glass,0.99,1225,1117,false,,Recycling
2025-01-01,Academic Block,Metal,0.93,1225,1117,false,,Recycling
2025-01-01,Academic Block,E-Waste,1.04,1225,1117,false,,Authorized Recycler
2025-01-01,Academic Block,Other,4.84,1225,1117,false,,Recycling
2025-01-01,Administration,Food,2.64,152,135,false,,Composting
2025-01-01,Administration,Plastic,3.24,152,135,false,,Recycling
2025-01-01,Administration,Paper,9.76,152,135,false,,Recycling
2025-01-01,Administration,Glass,0.49,152,135,false,,Recycling
2025-01-01,Administration,Metal,0.9,152,135,false,,Recycling
2025-01-01,Administration,E-Waste,0.72,152,135,false,,Authorized Recycler
2025-01-01,Administration,Other,2.98,152,135,false,,Recycling
2025-01-02,Main Canteen,Food,48.23,848,747,false,,Composting
2025-01-02,Main Canteen,Plastic,11.98,848,747,false,,Recycling
2025-01-02,Main Canteen,Paper,8.75,848,747,false,,Recycling
2025-01-02,Main Canteen,Glass,3.07,848,747,false,,Recycling
2025-01-02,Main Canteen,Metal,2.2,848,747,false,,Recycling
2025-01-02,Main Canteen,E-Waste,0.46,848,747,false,,Authorized Recycler
2025-01-02,Main Canteen,Other,6.79,848,747,false,,Recycling
2025-01-02,Hostel A,Food,32.69,473,413,false,,Composting
2025-01-02,Hostel A,Plastic,9.05,473,413,false,,Recycling
2025-01-02,Hostel A,Paper,5.45,473,413,false,,Recycling
2025-01-02,Hostel A,Glass,2.17,473,413,false,,Recycling
2025-01-02,Hostel A,Metal,1.04,473,413,false,,Recycling
2025-01-02,Hostel A,E-Waste,0.26,473,413,false,,Authorized Recycler
2025-01-02,Hostel A,Other,4.03,473,413,false,,Recycling
2025-01-02,Hostel B,Food,24.39,429,427,false,,Composting
2025-01-02,Hostel B,Plastic,7.7,429,427,false,,Recycling
2025-01-02,Hostel B,Paper,4.43,429,427,false,,Recycling
2025-01-02,Hostel B,Glass,1.71,429,427,false,,Recycling
2025-01-02,Hostel B,Metal,1.05,429,427,false,,Recycling
2025-01-02,Hostel B,E-Waste,0.31,429,427,false,,Authorized Recycler
2025-01-02,Hostel B,Other,3.76,429,427,false,,Recycling
2025-01-02,Food Court,Food,37.17,620,601,false,,Composting
2025-01-02,Food Court,Plastic,13.82,620,601,false,,Recycling
2025-01-02,Food Court,Paper,6.66,620,601,false,,Recycling
2025-01-02,Food Court,Glass,3.54,620,601,false,,Recycling
2025-01-02,Food Court,Metal,1.35,620,601,false,,Recycling
2025-01-02,Food Court,E-Waste,0.2,620,601,false,,Authorized Recycler
2025-01-02,Food Court,Other,5.03,620,601,false,,Recycling
2025-01-02,Academic Block,Food,5.47,1183,1056,false,,Composting
2025-01-02,Academic Block,Plastic,6.54,1183,1056,false,,Recycling
2025-01-02,Academic Block,Paper,13.25,1183,1056,false,,Recycling
2025-01-02,Academic Block,Glass,0.93,1183,1056,false,,Recycling
2025-01-02,Academic Block,Metal,0.94,1183,1056,false,,Recycling
2025-01-02,Academic Block,E-Waste,1.1,1183,1056,false,,Authorized Recycler
2025-01-02,Academic Block,Other,4.5,1183,1056,false,,Recycling
2025-01-02,Administration,Food,2.95,146,137,false,,Composting
2025-01-02,Administration,Plastic,3.3,146,137,false,,Recycling
2025-01-02,Administration,Paper,9.27,146,137,false,,Recycling
2025-01-02,Administration,Glass,0.47,146,137,false,,Recycling
2025-01-02,Administration,Metal,0.82,146,137,false,,Recycling
2025-01-02,Administration,E-Waste,0.77,146,137,false,,Authorized Recycler
2025-01-02,Administration,Other,2.72,146,137,false,,Recycling
2025-01-03,Main Canteen,Food,47.94,942,949,false,,Composting
2025-01-03,Main Canteen,Plastic,11.61,942,949,false,,Recycling
2025-01-03,Main Canteen,Paper,8.66,942,949,false,,Recycling
2025-01-03,Main Canteen,Glass,3.12,942,949,false,,Recycling
2025-01-03,Main Canteen,Metal,1.85,942,949,false,,Recycling
2025-01-03,Main Canteen,E-Waste,0.55,942,949,false,,Authorized Recycler
2025-01-03,Main Canteen,Other,5.83,942,949,false,,Recycling
2025-01-03,Hostel A,Food,28.64,420,380,false,,Composting
2025-01-03,Hostel A,Plastic,9.6,420,380,false,,Recycling
2025-01-03,Hostel A,Paper,4.63,420,380,false,,Recycling
2025-01-03,Hostel A,Glass,2.07,420,380,false,,Recycling
2025-01-03,Hostel A,Metal,1.13,420,380,false,,Recycling
2025-01-03,Hostel A,E-Waste,0.26,420,380,false,,Authorized Recycler
2025-01-03,Hostel A,Other,4.6,420,380,false,,Recycling
2025-01-03,Hostel B,Food,31.31,408,348,false,,Composting
2025-01-03,Hostel B,Plastic,8.75,408,348,false,,Recycling
2025-01-03,Hostel B,Paper,3.74,408,348,false,,Recycling
2025-01-03,Hostel B,Glass,1.72,408,348,false,,Recycling
2025-01-03,Hostel B,Metal,0.97,408,348,false,,Recycling
2025-01-03,Hostel B,E-Waste,0.76,408,348,false,,Authorized Recycler
2025-01-03,Hostel B,Other,3.75,408,348,false,,Recycling
2025-01-03,Food Court,Food,45.98,589,520,false,,Composting
2025-01-03,Food Court,Plastic,13.62,589,520,false,,Recycling
2025-01-03,Food Court,Paper,6.76,589,520,false,,Recycling
2025-01-03,Food Court,Glass,3.5,589,520,false,,Recycling
2025-01-03,Food Court,Metal,1.42,589,520,false,,Recycling
2025-01-03,Food Court,E-Waste,0.2,589,520,false,,Authorized Recycler
2025-01-03,Food Court,Other,5.15,589,520,false,,Recycling
2025-01-03,Academic Block,Food,4.69,1290,1111,false,,Composting
2025-01-03,Academic Block,Plastic,6.71,1290,1111,false,,Recycling
2025-01-03,Academic Block,Paper,14.1,1290,1111,false,,Recycling
2025-01-03,Academic Block,Glass,1.09,1290,1111,false,,Recycling
2025-01-03,Academic Block,Metal,0.93,1290,1111,false,,Recycling
2025-01-03,Academic Block,E-Waste,1.12,1290,1111,false,,Authorized Recycler
2025-01-03,Academic Block,Other,4.69,1290,1111,false,,Recycling
2025-01-03,Administration,Food,3.08,140,121,false,,Composting
2025-01-03,Administration,Plastic,2.65,140,121,false,,Recycling
2025-01-03,Administration,Paper,10.61,140,121,false,,Recycling
2025-01-03,Administration,Glass,0.54,140,121,false,,Recycling
2025-01-03,Administration,Metal,0.82,140,121,false,,Recycling
2025-01-03,Administration,E-Waste,0.78,140,121,false,,Authorized Recycler
2025-01-03,Administration,Other,2.7,140,121,false,,Recycling
2025-01-04,Main Canteen,Food,41.67,626,561,false,,Composting
2025-01-04,Main Canteen,Plastic,7.96,626,561,false,,Recycling
2025-01-04,Main Canteen,Paper,6.64,626,561,false,,Recycling
2025-01-04,Main Canteen,Glass,2.21,626,561,false,,Recycling
2025-01-04,Main Canteen,Metal,1.7,626,561,false,,Recycling
2025-01-04,Main Canteen,E-Waste,0.35,626,561,false,,Authorized Recycler
2025-01-04,Main Canteen,Other,4.41,626,561,false,,Recycling
2025-01-04,Hostel A,Food,24.16,362,353,false,,Composting
2025-01-04,Hostel A,Plastic,7.51,362,353,false,,Recycling
2025-01-04,Hostel A,Paper,3.81,362,353,false,,Recycling
2025-01-04,Hostel A,Glass,1.5,362,353,false,,Recycling
2025-01-04,Hostel A,Metal,0.65,362,353,false,,Recycling
2025-01-04,Hostel A,E-Waste,0.19,362,353,false,,Authorized Recycler
2025-01-04,Hostel A,Other,3.39,362,353,false,,Recycling
2025-01-04,Hostel B,Food,22.21,308,303,false,,Composting
2025-01-04,Hostel B,Plastic,5.71,308,303,false,,Recycling
2025-01-04,Hostel B,Paper,2.66,308,303,false,,Recycling
2025-01-04,Hostel B,Glass,1.69,308,303,false,,Recycling
2025-01-04,Hostel B,Metal,0.65,308,303,false,,Recycling
2025-01-04,Hostel B,E-Waste,0.23,308,303,false,,Authorized Recycler
2025-01-04,Hostel B,Other,3.46,308,303,false,,Recycling
2025-01-04,Food Court,Food,27.75,447,462,false,,Composting
2025-01-04,Food Court,Plastic,10.66,447,462,false,,Recycling
2025-01-04,Food Court,Paper,4.98,447,462,false,,Recycling
2025-01-04,Food Court,Glass,2.82,447,462,false,,Recycling
2025-01-04,Food Court,Metal,1.02,447,462,false,,Recycling
2025-01-04,Food Court,E-Waste,0.15,447,462,false,,Authorized Recycler
2025-01-04,Food Court,Other,3.32,447,462,false,,Recycling
2025-01-04,Academic Block,Food,4.24,959,952,false,,Composting
2025-01-04,Academic Block,Plastic,3.87,959,952,false,,Recycling
2025-01-04,Academic Block,Paper,11.7,959,952,false,,Recycling
2025-01-04,Academic Block,Glass,0.7,959,952,false,,Recycling
2025-01-04,Academic Block,Metal,0.72,959,952,false,,Recycling
2025-01-04,Academic Block,E-Waste,0.87,959,952,false,,Authorized Recycler
2025-01-04,Academic Block,Other,4.28,959,952,false,,Recycling
2025-01-04,Administration,Food,2.42,112,103,false,,Composting
2025-01-04,Administration,Plastic,2.12,112,103,false,,Recycling
2025-01-04,Administration,Paper,8.03,112,103,false,,Recycling
2025-01-04,Administration,Glass,0.36,112,103,false,,Recycling
2025-01-04,Administration,Metal,0.62,112,103,false,,Recycling
2025-01-04,Administration,E-Waste,0.58,112,103,false,,Authorized Recycler
2025-01-04,Administration,Other,2.24,112,103,false,,Recycling
2025-01-05,Main Canteen,Food,45.31,651,672,false,,Composting
2025-01-05,Main Canteen,Plastic,9.02,651,672,false,,Recycling
2025-01-05,Main Canteen,Paper,6.19,651,672,false,,Recycling
2025-01-05,Main Canteen,Glass,2.15,651,672,false,,Recycling
2025-01-05,Main Canteen,Metal,1.61,651,672,false,,Recycling
2025-01-05,Main Canteen,E-Waste,0.42,651,672,false,,Authorized Recycler
2025-01-05,Main Canteen,Other,4.26,651,672,false,,Recycling
2025-01-05,Hostel A,Food,50.56,337,353,false,,Composting
2025-01-05,Hostel A,Plastic,6.51,337,353,false,,Recycling
2025-01-05,Hostel A,Paper,4.17,337,353,false,,Recycling
2025-01-05,Hostel A,Glass,1.44,337,353,false,,Recycling
2025-01-05,Hostel A,Metal,0.69,337,353,false,,Recycling
2025-01-05,Hostel A,E-Waste,0.23,337,353,false,,Authorized Recycler
2025-01-05,Hostel A,Other,3.08,337,353,false,,Recycling
2025-01-05,Hostel B,Food,19.41,327,306,false,,Composting
2025-01-05,Hostel B,Plastic,5.15,327,306,false,,Recycling
2025-01-05,Hostel B,Paper,2.79,327,306,false,,Recycling
2025-01-05,Hostel B,Glass,1.46,327,306,false,,Recycling
2025-01-05,Hostel B,Metal,0.87,327,306,false,,Recycling
2025-01-05,Hostel B,E-Waste,0.2,327,306,false,,Authorized Recycler
2025-01-05,Hostel B,Other,2.88,327,306,false,,Recycling
2025-01-05,Food Court,Food,30.86,476,490,false,,Composting
2025-01-05,Food Court,Plastic,10.93,476,490,false,,Recycling
2025-01-05,Food Court,Paper,5.12,476,490,false,,Recycling
2025-01-05,Food Court,Glass,2.62,476,490,false,,Recycling
2025-01-05,Food Court,Metal,1.26,476,490,false,,Recycling
2025-01-05,Food Court,E-Waste,0.15,476,490,false,,Authorized Recycler
2025-01-05,Food Court,Other,4.18,476,490,false,,Recycling
2025-01-05,Academic Block,Food,3.28,844,748,false,,Composting
2025-01-05,Academic Block,Plastic,4.29,844,748,false,,Recycling
2025-01-05,Academic Block,Paper,10.44,844,748,false,,Recycling
2025-01-05,Academic Block,Glass,0.82,844,748,false,,Recycling
2025-01-05,Academic Block,Metal,0.82,844,748,false,,Recycling
2025-01-05,Academic Block,E-Waste,0.84,844,748,false,,Authorized Recycler
2025-01-05,Academic Block,Other,3.26,844,748,false,,Recycling
2025-01-05,Administration,Food,2.47,114,107,false,,Composting
2025-01-05,Administration,Plastic,2.05,114,107,false,,Recycling
2025-01-05,Administration,Paper,8.66,114,107,false,,Recycling
2025-01-05,Administration,Glass,0.37,114,107,false,,Recycling
2025-01-05,Administration,Metal,0.61,114,107,false,,Recycling
2025-01-05,Administration,E-Waste,0.59,114,107,false,,Authorized Recycler
2025-01-05,Administration,Other,2.29,114,107,false,,Recycling
2025-01-06,Main Canteen,Food,49.91,892,788,false,,Composting
2025-01-06,Main Canteen,Plastic,11.73,892,788,false,,Recycling
2025-01-06,Main Canteen,Paper,7.39,892,788,false,,Recycling
2025-01-06,Main Canteen,Glass,3.09,892,788,false,,Recycling
2025-01-06,Main Canteen,Metal,1.93,892,788,false,,Recycling
2025-01-06,Main Canteen,E-Waste,0.46,892,788,false,,Authorized Recycler
2025-01-06,Main Canteen,Other,6.91,892,788,false,,Recycling
2025-01-06,Hostel A,Food,32.56,468,453,false,,Composting
2025-01-06,Hostel A,Plastic,9.6,468,453,false,,Recycling
2025-01-06,Hostel A,Paper,5.67,468,453,false,,Recycling
2025-01-06,Hostel A,Glass,1.82,468,453,false,,Recycling
2025-01-06,Hostel A,Metal,0.88,468,453,false,,Recycling
2025-01-06,Hostel A,E-Waste,0.27,468,453,false,,Authorized Recycler
2025-01-06,Hostel A,Other,4.41,468,453,false,,Recycling
2025-01-06,Hostel B,Food,31.48,416,385,false,,Composting
2025-01-06,Hostel B,Plastic,9.24,416,385,false,,Recycling
2025-01-06,Hostel B,Paper,3.6,416,385,false,,Recycling
2025-01-06,Hostel B,Glass,1.93,416,385,false,,Recycling
2025-01-06,Hostel B,Metal,0.87,416,385,false,,Recycling
2025-01-06,Hostel B,E-Waste,0.3,416,385,false,,Authorized Recycler
2025-01-06,Hostel B,Other,4.55,416,385,false,,Recycling
2025-01-06,Food Court,Food,44.37,583,530,false,,Composting
2025-01-06,Food Court,Plastic,17.07,583,530,false,,Recycling
2025-01-06,Food Court,Paper,5.39,583,530,false,,Recycling
2025-01-06,Food Court,Glass,4.03,583,530,false,,Recycling
2025-01-06,Food Court,Metal,4.61,583,530,false,,Recycling
2025-01-06,Food Court,E-Waste,0.21,583,530,false,,Authorized Recycler
2025-01-06,Food Court,Other,5.31,583,530,false,,Recycling
2025-01-06,Academic Block,Food,5.57,1181,1180,false,,Composting
2025-01-06,Academic Block,Plastic,5.95,1181,1180,false,,Recycling
2025-01-06,Academic Block,Paper,13.95,1181,1180,false,,Recycling
2025-01-06,Academic Block,Glass,0.9,1181,1180,false,,Recycling
2025-01-06,Academic Block,Metal,0.99,1181,1180,false,,Recycling
2025-01-06,Academic Block,E-Waste,1.21,1181,1180,false,,Authorized Recycler
2025-01-06,Academic Block,Other,5.56,1181,1180,false,,Recycling
2025-01-06,Administration,Food,3.38,161,142,false,,Composting
2025-01-06,Administration,Plastic,2.87,161,142,false,,Recycling
2025-01-06,Administration,Paper,9.66,161,142,false,,Recycling
2025-01-06,Administration,Glass,0.57,161,142,false,,Recycling
2025-01-06,Administration,Metal,0.91,161,142,false,,Recycling
2025-01-06,Administration,E-Waste,0.92,161,142,false,,Authorized Recycler
2025-01-06,Administration,Other,3.43,161,142,false,,Recycling
2025-01-07,Main Canteen,Food,49.6,963,866,false,,Composting
2025-01-07,Main Canteen,Plastic,11.36,963,866,false,,Recycling
2025-01-07,Main Canteen,Paper,8.61,963,866,false,,Recycling
2025-01-07,Main Canteen,Glass,2.75,963,866,false,,Recycling
2025-01-07,Main Canteen,Metal,1.9,963,866,false,,Recycling
2025-01-07,Main Canteen,E-Waste,0.52,963,866,false,,Authorized Recycler
2025-01-07,Main Canteen,Other,5.96,963,866,false,,Recycling
2025-01-07,Hostel A,Food,34.27,435,431,false,,Composting
2025-01-07,Hostel A,Plastic,8.41,435,431,false,,Recycling
2025-01-07,Hostel A,Paper,5.22,435,431,false,,Recycling
2025-01-07,Hostel A,Glass,1.74,435,431,false,,Recycling
2025-01-07,Hostel A,Metal,1.14,435,431,false,,Recycling
2025-01-07,Hostel A,E-Waste,0.31,435,431,false,,Authorized Recycler
2025-01-07,Hostel A,Other,3.71,435,431,false,,Recycling
2025-01-07,Hostel B,Food,28.75,442,401,false,,Composting
2025-01-07,Hostel B,Plastic,8.95,442,401,false,,Recycling
2025-01-07,Hostel B,Paper,3.77,442,401,false,,Recycling
2025-01-07,Hostel B,Glass,2.23,442,401,false,,Recycling
2025-01-07,Hostel B,Metal,0.94,442,401,false,,Recycling
2025-01-07,Hostel B,E-Waste,0.31,442,401,false,,Authorized Recycler
2025-01-07,Hostel B,Other,4.4,442,401,false,,Recycling
2025-01-07,Food Court,Food,35.94,625,539,false,,Composting
2025-01-07,Food Court,Plastic,16.22,625,539,false,,Recycling
2025-01-07,Food Court,Paper,6.42,625,539,false,,Recycling
2025-01-07,Food Court,Glass,3.69,625,539,false,,Recycling
2025-01-07,Food Court,Metal,1.29,625,539,false,,Recycling
2025-01-07,Food Court,E-Waste,0.2,625,539,false,,Authorized Recycler
2025-01-07,Food Court,Other,4.56,625,539,false,,Recycling
2025-01-07,Academic Block,Food,4.61,1282,1162,false,,Composting
2025-01-07,Academic Block,Plastic,5.79,1282,1162,false,,Recycling
2025-01-07,Academic Block,Paper,15.55,1282,1162,false,,Recycling
2025-01-07,Academic Block,Glass,1,1282,1162,false,,Recycling
2025-01-07,Academic Block,Metal,0.88,1282,1162,false,,Recycling
2025-01-07,Academic Block,E-Waste,1.06,1282,1162,false,,Authorized Recycler
2025-01-07,Academic Block,Other,4.99,1282,1162,false,,Recycling
2025-01-07,Administration,Food,3.45,154,159,false,,Composting
2025-01-07,Administration,Plastic,3.1,154,159,false,,Recycling
2025-01-07,Administration,Paper,10.05,154,159,false,,Recycling
2025-01-07,Administration,Glass,0.56,154,159,false,,Recycling
2025-01-07,Administration,Metal,0.72,154,159,false,,Recycling
2025-01-07,Administration,E-Waste,0.89,154,159,false,,Authorized Recycler
2025-01-07,Administration,Other,2.63,154,159,false,,Recycling
2025-01-08,Main Canteen,Food,48.69,892,928,false,,Composting
2025-01-08,Main Canteen,Plastic,13.68,892,928,false,,Recycling
2025-01-08,Main Canteen,Paper,8.96,892,928,false,,Recycling
2025-01-08,Main Canteen,Glass,3.07,892,928,false,,Recycling
2025-01-08,Main Canteen,Metal,2.19,892,928,false,,Recycling
2025-01-08,Main Canteen,E-Waste,0.54,892,928,false,,Authorized Recycler
2025-01-08,Main Canteen,Other,6.13,892,928,false,,Recycling
2025-01-08,Hostel A,Food,28.85,483,426,false,,Composting
2025-01-08,Hostel A,Plastic,8.87,483,426,false,,Recycling
2025-01-08,Hostel A,Paper,5.51,483,426,false,,Recycling
2025-01-08,Hostel A,Glass,4.58,483,426,false,,Recycling
2025-01-08,Hostel A,Metal,0.9,483,426,false,,Recycling
2025-01-08,Hostel A,E-Waste,0.27,483,426,false,,Authorized Recycler
2025-01-08,Hostel A,Other,3.54,483,426,false,,Recycling
2025-01-08,Hostel B,Food,31.14,437,440,false,,Composting
2025-01-08,Hostel B,Plastic,7.23,437,440,false,,Recycling
2025-01-08,Hostel B,Paper,4.43,437,440,false,,Recycling
2025-01-08,Hostel B,Glass,1.74,437,440,false,,Recycling
2025-01-08,Hostel B,Metal,1.02,437,440,false,,Recycling
2025-01-08,Hostel B,E-Waste,0.32,437,440,false,,Authorized Recycler
2025-01-08,Hostel B,Other,3.59,437,440,false,,Recycling
2025-01-08,Food Court,Food,41.4,608,598,false,,Composting
2025-01-08,Food Court,Plastic,14.83,608,598,false,,Recycling
2025-01-08,Food Court,Paper,6.28,608,598,false,,Recycling
2025-01-08,Food Court,Glass,4.59,608,598,false,,Recycling
2025-01-08,Food Court,Metal,1.41,608,598,false,,Recycling
2025-01-08,Food Court,E-Waste,0.23,608,598,false,,Authorized Recycler
2025-01-08,Food Court,Other,4.42,608,598,false,,Recycling
2025-01-08,Academic Block,Food,4.3,1296,1356,false,,Composting
2025-01-08,Academic Block,Plastic,5.74,1296,1356,false,,Recycling
2025-01-08,Academic Block,Paper,16.01,1296,1356,false,,Recycling
2025-01-08,Academic Block,Glass,0.86,1296,1356,false,,Recycling
2025-01-08,Academic Block,Metal,1.16,1296,1356,false,,Recycling
2025-01-08,Academic Block,E-Waste,1.18,1296,1356,false,,Authorized Recycler
2025-01-08,Academic Block,Other,4.82,1296,1356,false,,Recycling
2025-01-08,Administration,Food,3.29,148,146,false,,Composting
2025-01-08,Administration,Plastic,2.88,148,146,false,,Recycling
2025-01-08,Administration,Paper,11.56,148,146,false,,Recycling
2025-01-08,Administration,Glass,0.48,148,146,false,,Recycling
2025-01-08,Administration,Metal,0.76,148,146,false,,Recycling
2025-01-08,Administration,E-Waste,0.92,148,146,false,,Authorized Recycler
2025-01-08,Administration,Other,3.02,148,146,false,,Recycling
2025-01-09,Main Canteen,Food,59.09,918,881,false,,Composting
2025-01-09,Main Canteen,Plastic,12.11,918,881,false,,Recycling
2025-01-09,Main Canteen,Paper,8.3,918,881,false,,Recycling
2025-01-09,Main Canteen,Glass,3.09,918,881,false,,Recycling
2025-01-09,Main Canteen,Metal,2.15,918,881,false,,Recycling
2025-01-09,Main Canteen,E-Waste,0.51,918,881,false,,Authorized Recycler
2025-01-09,Main Canteen,Other,6.69,918,881,false,,Recycling
2025-01-09,Hostel A,Food,33.25,448,453,false,,Composting
2025-01-09,Hostel A,Plastic,10.18,448,453,false,,Recycling
2025-01-09,Hostel A,Paper,4.47,448,453,false,,Recycling
2025-01-09,Hostel A,Glass,2.18,448,453,false,,Recycling
2025-01-09,Hostel A,Metal,0.87,448,453,false,,Recycling
2025-01-09,Hostel A,E-Waste,0.35,448,453,false,,Authorized Recycler
2025-01-09,Hostel A,Other,4.26,448,453,false,,Recycling
2025-01-09,Hostel B,Food,27.22,429,391,false,,Composting
2025-01-09,Hostel B,Plastic,9.14,429,391,false,,Recycling
2025-01-09,Hostel B,Paper,4.65,429,391,false,,Recycling
2025-01-09,Hostel B,Glass,2.12,429,391,false,,Recycling
2025-01-09,Hostel B,Metal,1.11,429,391,false,,Recycling
2025-01-09,Hostel B,E-Waste,0.3,429,391,false,,Authorized Recycler
2025-01-09,Hostel B,Other,3.62,429,391,false,,Recycling
2025-01-09,Food Court,Food,38.64,623,578,false,,Composting
2025-01-09,Food Court,Plastic,13.74,623,578,false,,Recycling
2025-01-09,Food Court,Paper,6.9,623,578,false,,Recycling
2025-01-09,Food Court,Glass,3.46,623,578,false,,Recycling
2025-01-09,Food Court,Metal,1.34,623,578,false,,Recycling
2025-01-09,Food Court,E-Waste,0.22,623,578,false,,Authorized Recycler
2025-01-09,Food Court,Other,5.48,623,578,false,,Recycling
2025-01-09,Academic Block,Food,5.37,1150,1090,false,,Composting
2025-01-09,Academic Block,Plastic,6.94,1150,1090,false,,Recycling
2025-01-09,Academic Block,Paper,15.94,1150,1090,false,,Recycling
2025-01-09,Academic Block,Glass,1.13,1150,1090,false,,Recycling
2025-01-09,Academic Block,Metal,1.15,1150,1090,false,,Recycling
2025-01-09,Academic Block,E-Waste,1.21,1150,1090,false,,Authorized Recycler
2025-01-09,Academic Block,Other,12.07,1150,1090,false,,Recycling
2025-01-09,Administration,Food,3.16,146,131,false,,Composting
2025-01-09,Administration,Plastic,3.15,146,131,false,,Recycling
2025-01-09,Administration,Paper,11.43,146,131,false,,Recycling
2025-01-09,Administration,Glass,0.45,146,131,false,,Recycling
2025-01-09,Administration,Metal,0.8,146,131,false,,Recycling
2025-01-09,Administration,E-Waste,0.81,146,131,false,,Authorized Recycler
2025-01-09,Administration,Other,2.6,146,131,false,,Recycling
2025-01-10,Main Canteen,Food,54.29,952,843,false,,Composting
2025-01-10,Main Canteen,Plastic,12.88,952,843,false,,Recycling
2025-01-10,Main Canteen,Paper,7.2,952,843,false,,Recycling
2025-01-10,Main Canteen,Glass,3.47,952,843,false,,Recycling
2025-01-10,Main Canteen,Metal,2.01,952,843,false,,Recycling
2025-01-10,Main Canteen,E-Waste,0.52,952,843,false,,Authorized Recycler
2025-01-10,Main Canteen,Other,6.13,952,843,false,,Recycling
2025-01-10,Hostel A,Food,31.61,464,426,false,,Composting
2025-01-10,Hostel A,Plastic,8.85,464,426,false,,Recycling
2025-01-10,Hostel A,Paper,5.33,464,426,false,,Recycling
2025-01-10,Hostel A,Glass,2.05,464,426,false,,Recycling
2025-01-10,Hostel A,Metal,1.14,464,426,false,,Recycling
2025-01-10,Hostel A,E-Waste,0.33,464,426,false,,Authorized Recycler
2025-01-10,Hostel A,Other,4.24,464,426,false,,Recycling
2025-01-10,Hostel B,Food,65.11,417,362,false,,Composting
2025-01-10,Hostel B,Plastic,7.48,417,362,false,,Recycling
2025-01-10,Hostel B,Paper,4.39,417,362,false,,Recycling
2025-01-10,Hostel B,Glass,2.19,417,362,false,,Recycling
2025-01-10,Hostel B,Metal,1.06,417,362,false,,Recycling
2025-01-10,Hostel B,E-Waste,0.26,417,362,false,,Authorized Recycler
2025-01-10,Hostel B,Other,4.48,417,362,false,,Recycling
2025-01-10,Food Court,Food,35.98,634,577,false,,Composting
2025-01-10,Food Court,Plastic,15.61,634,577,false,,Recycling
2025-01-10,Food Court,Paper,5.44,634,577,false,,Recycling
2025-01-10,Food Court,Glass,4,634,577,false,,Recycling
2025-01-10,Food Court,Metal,1.44,634,577,false,,Recycling
2025-01-10,Food Court,E-Waste,0.23,634,577,false,,Authorized Recycler
2025-01-10,Food Court,Other,4.8,634,577,false,,Recycling
2025-01-10,Academic Block,Food,4.88,1176,1119,false,,Composting
2025-01-10,Academic Block,Plastic,5.31,1176,1119,false,,Recycling
2025-01-10,Academic Block,Paper,12.44,1176,1119,false,,Recycling
2025-01-10,Academic Block,Glass,1.16,1176,1119,false,,Recycling
2025-01-10,Academic Block,Metal,0.88,1176,1119,false,,Recycling
2025-01-10,Academic Block,E-Waste,1.32,1176,1119,false,,Authorized Recycler
2025-01-10,Academic Block,Other,4.32,1176,1119,false,,Recycling
2025-01-10,Administration,Food,3.33,151,132,false,,Composting
2025-01-10,Administration,Plastic,3.33,151,132,false,,Recycling
2025-01-10,Administration,Paper,11.5,151,132,false,,Recycling
2025-01-10,Administration,Glass,0.51,151,132,false,,Recycling
2025-01-10,Administration,Metal,0.86,151,132,false,,Recycling
2025-01-10,Administration,E-Waste,0.82,151,132,false,,Authorized Recycler
2025-01-10,Administration,Other,2.75,151,132,false,,Recycling
2025-01-11,Main Canteen,Food,44.47,627,650,false,,Composting
2025-01-11,Main Canteen,Plastic,8.27,627,650,false,,Recycling
2025-01-11,Main Canteen,Paper,5.48,627,650,false,,Recycling
2025-01-11,Main Canteen,Glass,2.45,627,650,false,,Recycling
2025-01-11,Main Canteen,Metal,1.68,627,650,false,,Recycling
2025-01-11,Main Canteen,E-Waste,0.37,627,650,false,,Authorized Recycler
2025-01-11,Main Canteen,Other,5.23,627,650,false,,Recycling
2025-01-11,Hostel A,Food,19.55,337,310,false,,Composting
2025-01-11,Hostel A,Plastic,7.41,337,310,false,,Recycling
2025-01-11,Hostel A,Paper,3.76,337,310,false,,Recycling
2025-01-11,Hostel A,Glass,1.49,337,310,false,,Recycling
2025-01-11,Hostel A,Metal,0.75,337,310,false,,Recycling
2025-01-11,Hostel A,E-Waste,0.2,337,310,false,,Authorized Recycler
2025-01-11,Hostel A,Other,3.46,337,310,false,,Recycling
2025-01-11,Hostel B,Food,22.67,306,308,false,,Composting
2025-01-11,Hostel B,Plastic,6.82,306,308,false,,Recycling
2025-01-11,Hostel B,Paper,3.28,306,308,false,,Recycling
2025-01-11,Hostel B,Glass,1.59,306,308,false,,Recycling
2025-01-11,Hostel B,Metal,0.79,306,308,false,,Recycling
2025-01-11,Hostel B,E-Waste,0.2,306,308,false,,Authorized Recycler
2025-01-11,Hostel B,Other,2.82,306,308,false,,Recycling
2025-01-11,Food Court,Food,31.23,446,466,false,,Composting
2025-01-11,Food Court,Plastic,12.62,446,466,false,,Recycling
2025-01-11,Food Court,Paper,4.84,446,466,false,,Recycling
2025-01-11,Food Court,Glass,3.18,446,466,false,,Recycling
2025-01-11,Food Court,Metal,1.23,446,466,false,,Recycling
2025-01-11,Food Court,E-Waste,0.16,446,466,false,,Authorized Recycler
2025-01-11,Food Court,Other,3.92,446,466,false,,Recycling
2025-01-11,Academic Block,Food,4.2,877,890,false,,Composting
2025-01-11,Academic Block,Plastic,4.93,877,890,false,,Recycling
2025-01-11,Academic Block,Paper,11.96,877,890,false,,Recycling
2025-01-11,Academic Block,Glass,0.74,877,890,false,,Recycling
2025-01-11,Academic Block,Metal,0.75,877,890,false,,Recycling
2025-01-11,Academic Block,E-Waste,0.99,877,890,false,,Authorized Recycler
2025-01-11,Academic Block,Other,4.08,877,890,false,,Recycling
2025-01-11,Administration,Food,2.18,104,109,false,,Composting
2025-01-11,Administration,Plastic,2.06,104,109,false,,Recycling
2025-01-11,Administration,Paper,8.42,104,109,false,,Recycling
2025-01-11,Administration,Glass,0.42,104,109,false,,Recycling
2025-01-11,Administration,Metal,0.53,104,109,false,,Recycling
2025-01-11,Administration,E-Waste,0.55,104,109,false,,Authorized Recycler
2025-01-11,Administration,Other,2.45,104,109,false,,Recycling
2025-01-12,Main Canteen,Food,41,694,602,false,,Composting
2025-01-12,Main Canteen,Plastic,8.49,694,602,false,,Recycling
2025-01-12,Main Canteen,Paper,5.94,694,602,false,,Recycling
2025-01-12,Main Canteen,Glass,2.54,694,602,false,,Recycling
2025-01-12,Main Canteen,Metal,1.65,694,602,false,,Recycling
2025-01-12,Main Canteen,E-Waste,0.39,694,602,false,,Authorized Recycler
2025-01-12,Main Canteen,Other,13.56,694,602,false,,Recycling
2025-01-12,Hostel A,Food,20.7,342,327,false,,Composting
2025-01-12,Hostel A,Plastic,7.03,342,327,false,,Recycling
2025-01-12,Hostel A,Paper,3.97,342,327,false,,Recycling
2025-01-12,Hostel A,Glass,1.64,342,327,false,,Recycling
2025-01-12,Hostel A,Metal,0.86,342,327,false,,Recycling
2025-01-12,Hostel A,E-Waste,0.23,342,327,false,,Authorized Recycler
2025-01-12,Hostel A,Other,3.49,342,327,false,,Recycling
2025-01-12,Hostel B,Food,22.77,308,285,false,,Composting
2025-01-12,Hostel B,Plastic,5.55,308,285,false,,Recycling
2025-01-12,Hostel B,Paper,2.82,308,285,false,,Recycling
2025-01-12,Hostel B,Glass,1.49,308,285,false,,Recycling
2025-01-12,Hostel B,Metal,0.82,308,285,false,,Recycling
2025-01-12,Hostel B,E-Waste,0.26,308,285,false,,Authorized Recycler
2025-01-12,Hostel B,Other,3.5,308,285,false,,Recycling
2025-01-12,Food Court,Food,31.9,482,496,false,,Composting
2025-01-12,Food Court,Plastic,12.38,482,496,false,,Recycling
2025-01-12,Food Court,Paper,4.06,482,496,false,,Recycling
2025-01-12,Food Court,Glass,3.36,482,496,false,,Recycling
2025-01-12,Food Court,Metal,1.01,482,496,false,,Recycling
2025-01-12,Food Court,E-Waste,0.16,482,496,false,,Authorized Recycler
2025-01-12,Food Court,Other,4.15,482,496,false,,Recycling
2025-01-12,Academic Block,Food,4.17,874,870,false,,Composting
2025-01-12,Academic Block,Plastic,5.06,874,870,false,,Recycling
2025-01-12,Academic Block,Paper,11.45,874,870,false,,Recycling
2025-01-12,Academic Block,Glass,0.87,874,870,false,,Recycling
2025-01-12,Academic Block,Metal,0.73,874,870,false,,Recycling
2025-01-12,Academic Block,E-Waste,0.97,874,870,false,,Authorized Recycler
2025-01-12,Academic Block,Other,3.77,874,870,false,,Recycling
2025-01-12,Administration,Food,2.33,114,108,false,,Composting
2025-01-12,Administration,Plastic,2.36,114,108,false,,Recycling
2025-01-12,Administration,Paper,8.7,114,108,false,,Recycling
2025-01-12,Administration,Glass,0.4,114,108,false,,Recycling
2025-01-12,Administration,Metal,0.65,114,108,false,,Recycling
2025-01-12,Administration,E-Waste,0.66,114,108,false,,Authorized Recycler
2025-01-12,Administration,Other,2.11,114,108,false,,Recycling
2025-01-13,Main Canteen,Food,53.2,857,842,false,,Composting
2025-01-13,Main Canteen,Plastic,13.05,857,842,false,,Recycling
2025-01-13,Main Canteen,Paper,7.69,857,842,false,,Recycling
2025-01-13,Main Canteen,Glass,2.6,857,842,false,,Recycling
2025-01-13,Main Canteen,Metal,1.99,857,842,false,,Recycling
2025-01-13,Main Canteen,E-Waste,0.5,857,842,false,,Authorized Recycler
2025-01-13,Main Canteen,Other,5.39,857,842,false,,Recycling
2025-01-13,Hostel A,Food,33.77,463,404,false,,Composting
2025-01-13,Hostel A,Plastic,10.48,463,404,false,,Recycling
2025-01-13,Hostel A,Paper,5.56,463,404,false,,Recycling
2025-01-13,Hostel A,Glass,2.31,463,404,false,,Recycling
2025-01-13,Hostel A,Metal,1.16,463,404,false,,Recycling
2025-01-13,Hostel A,E-Waste,0.27,463,404,false,,Authorized Recycler
2025-01-13,Hostel A,Other,3.49,463,404,false,,Recycling
2025-01-13,Hostel B,Food,24.52,411,378,false,,Composting
2025-01-13,Hostel B,Plastic,7.96,411,378,false,,Recycling
2025-01-13,Hostel B,Paper,4.12,411,378,false,,Recycling
2025-01-13,Hostel B,Glass,2.22,411,378,false,,Recycling
2025-01-13,Hostel B,Metal,1.01,411,378,false,,Recycling
2025-01-13,Hostel B,E-Waste,0.33,411,378,false,,Authorized Recycler
2025-01-13,Hostel B,Other,4.42,411,378,false,,Recycling
2025-01-13,Food Court,Food,41.12,603,560,false,,Composting
2025-01-13,Food Court,Plastic,14.39,603,560,false,,Recycling
2025-01-13,Food Court,Paper,6.86,603,560,false,,Recycling
2025-01-13,Food Court,Glass,3.48,603,560,false,,Recycling
2025-01-13,Food Court,Metal,1.63,603,560,false,,Recycling
2025-01-13,Food Court,E-Waste,0.23,603,560,false,,Authorized Recycler
2025-01-13,Food Court,Other,5.24,603,560,false,,Recycling
2025-01-13,Academic Block,Food,5.8,1168,1074,false,,Composting
2025-01-13,Academic Block,Plastic,6.33,1168,1074,false,,Recycling
2025-01-13,Academic Block,Paper,14.25,1168,1074,false,,Recycling
2025-01-13,Academic Block,Glass,0.96,1168,1074,false,,Recycling
2025-01-13,Academic Block,Metal,0.99,1168,1074,false,,Recycling
2025-01-13,Academic Block,E-Waste,1.24,1168,1074,false,,Authorized Recycler
2025-01-13,Academic Block,Other,4.81,1168,1074,false,,Recycling
2025-01-13,Administration,Food,3.33,145,141,false,,Composting
2025-01-13,Administration,Plastic,2.88,145,141,false,,Recycling
2025-01-13,Administration,Paper,10.57,145,141,false,,Recycling
2025-01-13,Administration,Glass,0.53,145,141,false,,Recycling
2025-01-13,Administration,Metal,0.85,145,141,false,,Recycling
2025-01-13,Administration,E-Waste,0.87,145,141,false,,Authorized Recycler
2025-01-13,Administration,Other,2.86,145,141,false,,Recycling
2025-01-14,Main Canteen,Food,63.09,916,917,false,,Composting
2025-01-14,Main Canteen,Plastic,11.08,916,917,false,,Recycling
2025-01-14,Main Canteen,Paper,22.02,916,917,false,,Recycling
2025-01-14,Main Canteen,Glass,3.38,916,917,false,,Recycling
2025-01-14,Main Canteen,Metal,2.08,916,917,false,,Recycling
2025-01-14,Main Canteen,E-Waste,0.51,916,917,false,,Authorized Recycler
2025-01-14,Main Canteen,Other,5.3,916,917,false,,Recycling
2025-01-14,Hostel A,Food,30.45,421,427,false,,Composting
2025-01-14,Hostel A,Plastic,9.4,421,427,false,,Recycling
2025-01-14,Hostel A,Paper,4.95,421,427,false,,Recycling
2025-01-14,Hostel A,Glass,1.96,421,427,false,,Recycling
2025-01-14,Hostel A,Metal,1.1,421,427,false,,Recycling
2025-01-14,Hostel A,E-Waste,0.33,421,427,false,,Authorized Recycler
2025-01-14,Hostel A,Other,4.06,421,427,false,,Recycling
2025-01-14,Hostel B,Food,29.83,450,430,false,,Composting
2025-01-14,Hostel B,Plastic,7.26,450,430,false,,Recycling
2025-01-14,Hostel B,Paper,4.01,450,430,false,,Recycling
2025-01-14,Hostel B,Glass,1.89,450,430,false,,Recycling
2025-01-14,Hostel B,Metal,1.07,450,430,false,,Recycling
2025-01-14,Hostel B,E-Waste,0.32,450,430,false,,Authorized Recycler
2025-01-14,Hostel B,Other,4.65,450,430,false,,Recycling
2025-01-14,Food Court,Food,43.83,591,520,false,,Composting
2025-01-14,Food Court,Plastic,13.52,591,520,false,,Recycling
2025-01-14,Food Court,Paper,6.48,591,520,false,,Recycling
2025-01-14,Food Court,Glass,3.74,591,520,false,,Recycling
2025-01-14,Food Court,Metal,1.31,591,520,false,,Recycling
2025-01-14,Food Court,E-Waste,0.23,591,520,false,,Authorized Recycler
2025-01-14,Food Court,Other,4.87,591,520,false,,Recycling
2025-01-14,Academic Block,Food,4.72,1112,963,false,,Composting
2025-01-14,Academic Block,Plastic,6.07,1112,963,false,,Recycling
2025-01-14,Academic Block,Paper,14.25,1112,963,false,,Recycling
2025-01-14,Academic Block,Glass,0.92,1112,963,false,,Recycling
2025-01-14,Academic Block,Metal,1.15,1112,963,false,,Recycling
2025-01-14,Academic Block,E-Waste,1.3,1112,963,false,,Authorized Recycler
2025-01-14,Academic Block,Other,5.85,1112,963,false,,Recycling
2025-01-14,Administration,Food,2.63,138,142,false,,Composting
2025-01-14,Administration,Plastic,2.61,138,142,false,,Recycling
2025-01-14,Administration,Paper,9.01,138,142,false,,Recycling
2025-01-14,Administration,Glass,0.55,138,142,false,,Recycling
2025-01-14,Administration,Metal,0.84,138,142,false,,Recycling
2025-01-14,Administration,E-Waste,0.82,138,142,false,,Authorized Recycler
2025-01-14,Administration,Other,2.89,138,142,false,,Recycling
2025-01-15,Main Canteen,Food,57.88,832,858,false,,Composting
2025-01-15,Main Canteen,Plastic,13.88,832,858,false,,Recycling
2025-01-15,Main Canteen,Paper,8.63,832,858,false,,Recycling
2025-01-15,Main Canteen,Glass,3.22,832,858,false,,Recycling
2025-01-15,Main Canteen,Metal,1.74,832,858,false,,Recycling
2025-01-15,Main Canteen,E-Waste,0.57,832,858,false,,Authorized Recycler
2025-01-15,Main Canteen,Other,5.31,832,858,false,,Recycling
2025-01-15,Hostel A,Food,35.05,474,442,false,,Composting
2025-01-15,Hostel A,Plastic,8.09,474,442,false,,Recycling
2025-01-15,Hostel A,Paper,5.51,474,442,false,,Recycling
2025-01-15,Hostel A,Glass,1.91,474,442,false,,Recycling
2025-01-15,Hostel A,Metal,0.91,474,442,false,,Recycling
2025-01-15,Hostel A,E-Waste,0.27,474,442,false,,Authorized Recycler
2025-01-15,Hostel A,Other,3.63,474,442,false,,Recycling
2025-01-15,Hostel B,Food,26.62,420,403,false,,Composting
2025-01-15,Hostel B,Plastic,9.03,420,403,false,,Recycling
2025-01-15,Hostel B,Paper,4.11,420,403,false,,Recycling
2025-01-15,Hostel B,Glass,2.05,420,403,false,,Recycling
2025-01-15,Hostel B,Metal,1.11,420,403,false,,Recycling
2025-01-15,Hostel B,E-Waste,0.31,420,403,false,,Authorized Recycler
2025-01-15,Hostel B,Other,3.69,420,403,false,,Recycling
2025-01-15,Food Court,Food,45.29,578,589,false,,Composting
2025-01-15,Food Court,Plastic,15.88,578,589,false,,Recycling
2025-01-15,Food Court,Paper,6.38,578,589,false,,Recycling
2025-01-15,Food Court,Glass,4.52,578,589,false,,Recycling
2025-01-15,Food Court,Metal,1.38,578,589,false,,Recycling
2025-01-15,Food Court,E-Waste,0.19,578,589,false,,Authorized Recycler
2025-01-15,Food Court,Other,5.62,578,589,false,,Recycling
2025-01-15,Academic Block,Food,4.86,1132,1073,false,,Composting
2025-01-15,Academic Block,Plastic,5.47,1132,1073,false,,Recycling
2025-01-15,Academic Block,Paper,15.97,1132,1073,false,,Recycling
2025-01-15,Academic Block,Glass,0.97,1132,1073,false,,Recycling
2025-01-15,Academic Block,Metal,0.9,1132,1073,false,,Recycling
2025-01-15,Academic Block,E-Waste,1.31,1132,1073,false,,Authorized Recycler
2025-01-15,Academic Block,Other,5.2,1132,1073,false,,Recycling
2025-01-15,Administration,Food,2.63,139,123,false,,Composting
2025-01-15,Administration,Plastic,2.9,139,123,false,,Recycling
2025-01-15,Administration,Paper,9.71,139,123,false,,Recycling
2025-01-15,Administration,Glass,0.45,139,123,false,,Recycling
2025-01-15,Administration,Metal,0.93,139,123,false,,Recycling
2025-01-15,Administration,E-Waste,0.76,139,123,false,,Authorized Recycler
2025-01-15,Administration,Other,2.82,139,123,false,,Recycling
2025-01-16,Main Canteen,Food,51.14,946,925,false,,Composting
2025-01-16,Main Canteen,Plastic,13.45,946,925,false,,Recycling
2025-01-16,Main Canteen,Paper,7.5,946,925,false,,Recycling
2025-01-16,Main Canteen,Glass,3.02,946,925,false,,Recycling
2025-01-16,Main Canteen,Metal,1.85,946,925,false,,Recycling
2025-01-16,Main Canteen,E-Waste,0.51,946,925,false,,Authorized Recycler
2025-01-16,Main Canteen,Other,5.87,946,925,false,,Recycling
2025-01-16,Hostel A,Food,35.25,460,480,false,,Composting
2025-01-16,Hostel A,Plastic,8.52,460,480,false,,Recycling
2025-01-16,Hostel A,Paper,5.17,460,480,false,,Recycling
2025-01-16,Hostel A,Glass,1.76,460,480,false,,Recycling
2025-01-16,Hostel A,Metal,1.02,460,480,false,,Recycling
2025-01-16,Hostel A,E-Waste,0.28,460,480,false,,Authorized Recycler
2025-01-16,Hostel A,Other,4.65,460,480,false,,Recycling
2025-01-16,Hostel B,Food,32.62,410,382,false,,Composting
2025-01-16,Hostel B,Plastic,7.17,410,382,false,,Recycling
2025-01-16,Hostel B,Paper,3.75,410,382,false,,Recycling
2025-01-16,Hostel B,Glass,1.84,410,382,false,,Recycling
2025-01-16,Hostel B,Metal,1.11,410,382,false,,Recycling
2025-01-16,Hostel B,E-Waste,0.3,410,382,false,,Authorized Recycler
2025-01-16,Hostel B,Other,3.64,410,382,false,,Recycling
2025-01-16,Food Court,Food,38.12,583,606,false,,Composting
2025-01-16,Food Court,Plastic,13.98,583,606,false,,Recycling
2025-01-16,Food Court,Paper,5.4,583,606,false,,Recycling
2025-01-16,Food Court,Glass,3.62,583,606,false,,Recycling
2025-01-16,Food Court,Metal,1.63,583,606,false,,Recycling
2025-01-16,Food Court,E-Waste,0.2,583,606,false,,Authorized Recycler
2025-01-16,Food Court,Other,4.78,583,606,false,,Recycling
2025-01-16,Academic Block,Food,5.29,1293,1236,false,,Composting
2025-01-16,Academic Block,Plastic,5.41,1293,1236,false,,Recycling
2025-01-16,Academic Block,Paper,13.73,1293,1236,false,,Recycling
2025-01-16,Academic Block,Glass,0.88,1293,1236,false,,Recycling
2025-01-16,Academic Block,Metal,1.15,1293,1236,false,,Recycling
2025-01-16,Academic Block,E-Waste,1.11,1293,1236,false,,Authorized Recycler
2025-01-16,Academic Block,Other,5.85,1293,1236,false,,Recycling
2025-01-16,Administration,Food,3.3,139,145,false,,Composting
2025-01-16,Administration,Plastic,3.36,139,145,false,,Recycling
2025-01-16,Administration,Paper,11.32,139,145,false,,Recycling
2025-01-16,Administration,Glass,0.5,139,145,false,,Recycling
2025-01-16,Administration,Metal,0.91,139,145,false,,Recycling
2025-01-16,Administration,E-Waste,0.85,139,145,false,,Authorized Recycler
2025-01-16,Administration,Other,3.12,139,145,false,,Recycling
2025-01-17,Main Canteen,Food,154.86,895,840,false,,Composting
2025-01-17,Main Canteen,Plastic,12.2,895,840,false,,Recycling
2025-01-17,Main Canteen,Paper,9.33,895,840,false,,Recycling
2025-01-17,Main Canteen,Glass,3.23,895,840,false,,Recycling
2025-01-17,Main Canteen,Metal,1.94,895,840,false,,Recycling
2025-01-17,Main Canteen,E-Waste,0.47,895,840,false,,Authorized Recycler
2025-01-17,Main Canteen,Other,5.63,895,840,false,,Recycling
2025-01-17,Hostel A,Food,32.05,474,485,false,,Composting
2025-01-17,Hostel A,Plastic,10.54,474,485,false,,Recycling
2025-01-17,Hostel A,Paper,4.85,474,485,false,,Recycling
2025-01-17,Hostel A,Glass,2.03,474,485,false,,Recycling
2025-01-17,Hostel A,Metal,0.96,474,485,false,,Recycling
2025-01-17,Hostel A,E-Waste,0.27,474,485,false,,Authorized Recycler
2025-01-17,Hostel A,Other,3.56,474,485,false,,Recycling
2025-01-17,Hostel B,Food,29.7,418,361,false,,Composting
2025-01-17,Hostel B,Plastic,8.83,418,361,false,,Recycling
2025-01-17,Hostel B,Paper,4.54,418,361,false,,Recycling
2025-01-17,Hostel B,Glass,1.79,418,361,false,,Recycling
2025-01-17,Hostel B,Metal,1.14,418,361,false,,Recycling
2025-01-17,Hostel B,E-Waste,0.34,418,361,false,,Authorized Recycler
2025-01-17,Hostel B,Other,4.56,418,361,false,,Recycling
2025-01-17,Food Court,Food,42.54,628,573,false,,Composting
2025-01-17,Food Court,Plastic,14.57,628,573,false,,Recycling
2025-01-17,Food Court,Paper,6.68,628,573,false,,Recycling
2025-01-17,Food Court,Glass,4.3,628,573,false,,Recycling
2025-01-17,Food Court,Metal,1.66,628,573,false,,Recycling
2025-01-17,Food Court,E-Waste,0.19,628,573,false,,Authorized Recycler
2025-01-17,Food Court,Other,4.73,628,573,false,,Recycling
2025-01-17,Academic Block,Food,5.02,1206,1124,false,,Composting
2025-01-17,Academic Block,Plastic,6.53,1206,1124,false,,Recycling
2025-01-17,Academic Block,Paper,16.29,1206,1124,false,,Recycling
2025-01-17,Academic Block,Glass,1.1,1206,1124,false,,Recycling
2025-01-17,Academic Block,Metal,0.99,1206,1124,false,,Recycling
2025-01-17,Academic Block,E-Waste,1.18,1206,1124,false,,Authorized Recycler
2025-01-17,Academic Block,Other,5.1,1206,1124,false,,Recycling
2025-01-17,Administration,Food,2.71,152,146,false,,Composting
2025-01-17,Administration,Plastic,9.75,152,146,false,,Recycling
2025-01-17,Administration,Paper,9.34,152,146,false,,Recycling
2025-01-17,Administration,Glass,0.53,152,146,false,,Recycling
2025-01-17,Administration,Metal,0.94,152,146,false,,Recycling
2025-01-17,Administration,E-Waste,0.85,152,146,false,,Authorized Recycler
2025-01-17,Administration,Other,2.88,152,146,false,,Recycling
2025-01-18,Main Canteen,Food,37.68,687,704,false,,Composting
2025-01-18,Main Canteen,Plastic,8.34,687,704,false,,Recycling
2025-01-18,Main Canteen,Paper,5.66,687,704,false,,Recycling
2025-01-18,Main Canteen,Glass,2.02,687,704,false,,Recycling
2025-01-18,Main Canteen,Metal,1.59,687,704,false,,Recycling
2025-01-18,Main Canteen,E-Waste,0.35,687,704,false,,Authorized Recycler
2025-01-18,Main Canteen,Other,5.04,687,704,false,,Recycling
2025-01-18,Hostel A,Food,25,360,360,false,,Composting
2025-01-18,Hostel A,Plastic,7.19,360,360,false,,Recycling
2025-01-18,Hostel A,Paper,3.77,360,360,false,,Recycling
2025-01-18,Hostel A,Glass,1.48,360,360,false,,Recycling
2025-01-18,Hostel A,Metal,0.86,360,360,false,,Recycling
2025-01-18,Hostel A,E-Waste,0.23,360,360,false,,Authorized Recycler
2025-01-18,Hostel A,Other,2.88,360,360,false,,Recycling
2025-01-18,Hostel B,Food,21.24,336,330,false,,Composting
2025-01-18,Hostel B,Plastic,6.82,336,330,false,,Recycling
2025-01-18,Hostel B,Paper,2.65,336,330,false,,Recycling
2025-01-18,Hostel B,Glass,1.59,336,330,false,,Recycling
2025-01-18,Hostel B,Metal,0.75,336,330,false,,Recycling
2025-01-18,Hostel B,E-Waste,0.24,336,330,false,,Authorized Recycler
2025-01-18,Hostel B,Other,2.91,336,330,false,,Recycling
2025-01-18,Food Court,Food,34.71,437,408,false,,Composting
2025-01-18,Food Court,Plastic,12.95,437,408,false,,Recycling
2025-01-18,Food Court,Paper,5.12,437,408,false,,Recycling
2025-01-18,Food Court,Glass,2.95,437,408,false,,Recycling
2025-01-18,Food Court,Metal,1.23,437,408,false,,Recycling
2025-01-18,Food Court,E-Waste,0.15,437,408,false,,Authorized Recycler
2025-01-18,Food Court,Other,3.53,437,408,false,,Recycling
2025-01-18,Academic Block,Food,3.57,836,751,false,,Composting
2025-01-18,Academic Block,Plastic,5.12,836,751,false,,Recycling
2025-01-18,Academic Block,Paper,10.05,836,751,false,,Recycling
2025-01-18,Academic Block,Glass,0.83,836,751,false,,Recycling
2025-01-18,Academic Block,Metal,0.79,836,751,false,,Recycling
2025-01-18,Academic Block,E-Waste,0.98,836,751,false,,Authorized Recycler
2025-01-18,Academic Block,Other,3.6,836,751,false,,Recycling
2025-01-18,Administration,Food,2.45,117,122,false,,Composting
2025-01-18,Administration,Plastic,2.05,117,122,false,,Recycling
2025-01-18,Administration,Paper,8.19,117,122,false,,Recycling
2025-01-18,Administration,Glass,0.39,117,122,false,,Recycling
2025-01-18,Administration,Metal,0.64,117,122,false,,Recycling
2025-01-18,Administration,E-Waste,0.66,117,122,false,,Authorized Recycler
2025-01-18,Administration,Other,2.41,117,122,false,,Recycling
2025-01-19,Main Canteen,Food,39.03,631,654,false,,Composting
2025-01-19,Main Canteen,Plastic,8.6,631,654,false,,Recycling
2025-01-19,Main Canteen,Paper,6.9,631,654,false,,Recycling
2025-01-19,Main Canteen,Glass,2.3,631,654,false,,Recycling
2025-01-19,Main Canteen,Metal,1.67,631,654,false,,Recycling
2025-01-19,Main Canteen,E-Waste,0.37,631,654,false,,Authorized Recycler
2025-01-19,Main Canteen,Other,5.08,631,654,false,,Recycling
2025-01-19,Hostel A,Food,25.31,337,326,false,,Composting
2025-01-19,Hostel A,Plastic,7.18,337,326,false,,Recycling
2025-01-19,Hostel A,Paper,4.14,337,326,false,,Recycling
2025-01-19,Hostel A,Glass,1.58,337,326,false,,Recycling
2025-01-19,Hostel A,Metal,0.69,337,326,false,,Recycling
2025-01-19,Hostel A,E-Waste,0.26,337,326,false,,Authorized Recycler
2025-01-19,Hostel A,Other,2.65,337,326,false,,Recycling
2025-01-19,Hostel B,Food,19.93,331,325,false,,Composting
2025-01-19,Hostel B,Plastic,6.08,331,325,false,,Recycling
2025-01-19,Hostel B,Paper,3.46,331,325,false,,Recycling
2025-01-19,Hostel B,Glass,1.38,331,325,false,,Recycling
2025-01-19,Hostel B,Metal,0.7,331,325,false,,Recycling
2025-01-19,Hostel B,E-Waste,0.25,331,325,false,,Authorized Recycler
2025-01-19,Hostel B,Other,3.48,331,325,false,,Recycling
2025-01-19,Food Court,Food,32.96,458,395,false,,Composting
2025-01-19,Food Court,Plastic,13.02,458,395,false,,Recycling
2025-01-19,Food Court,Paper,3.95,458,395,false,,Recycling
2025-01-19,Food Court,Glass,2.74,458,395,false,,Recycling
2025-01-19,Food Court,Metal,1.14,458,395,false,,Recycling
2025-01-19,Food Court,E-Waste,0.16,458,395,false,,Authorized Recycler
2025-01-19,Food Court,Other,3.61,458,395,false,,Recycling
2025-01-19,Academic Block,Food,3.41,955,898,false,,Composting
2025-01-19,Academic Block,Plastic,4.7,955,898,false,,Recycling
2025-01-19,Academic Block,Paper,10.84,955,898,false,,Recycling
2025-01-19,Academic Block,Glass,0.77,955,898,false,,Recycling
2025-01-19,Academic Block,Metal,0.71,955,898,false,,Recycling
2025-01-19,Academic Block,E-Waste,0.98,955,898,false,,Authorized Recycler
2025-01-19,Academic Block,Other,3.48,955,898,false,,Recycling
2025-01-19,Administration,Food,2.49,117,110,false,,Composting
2025-01-19,Administration,Plastic,2.33,117,110,false,,Recycling
2025-01-19,Administration,Paper,7.24,117,110,false,,Recycling
2025-01-19,Administration,Glass,0.33,117,110,false,,Recycling
2025-01-19,Administration,Metal,0.69,117,110,false,,Recycling
2025-01-19,Administration,E-Waste,0.58,117,110,false,,Authorized Recycler
2025-01-19,Administration,Other,2.55,117,110,false,,Recycling
2025-01-20,Main Canteen,Food,49.44,906,861,false,,Composting
2025-01-20,Main Canteen,Plastic,12.5,906,861,false,,Recycling
2025-01-20,Main Canteen,Paper,9.13,906,861,false,,Recycling
2025-01-20,Main Canteen,Glass,3.51,906,861,false,,Recycling
2025-01-20,Main Canteen,Metal,2.03,906,861,false,,Recycling
2025-01-20,Main Canteen,E-Waste,0.47,906,861,false,,Authorized Recycler
2025-01-20,Main Canteen,Other,5.74,906,861,false,,Recycling
2025-01-20,Hostel A,Food,33.83,479,455,false,,Composting
2025-01-20,Hostel A,Plastic,8.84,479,455,false,,Recycling
2025-01-20,Hostel A,Paper,4.75,479,455,false,,Recycling
2025-01-20,Hostel A,Glass,1.82,479,455,false,,Recycling
2025-01-20,Hostel A,Metal,1.04,479,455,false,,Recycling
2025-01-20,Hostel A,E-Waste,0.34,479,455,false,,Authorized Recycler
2025-01-20,Hostel A,Other,4,479,455,false,,Recycling
2025-01-20,Hostel B,Food,32.18,396,413,false,,Composting
2025-01-20,Hostel B,Plastic,7.03,396,413,false,,Recycling
2025-01-20,Hostel B,Paper,4.16,396,413,false,,Recycling
2025-01-20,Hostel B,Glass,2.28,396,413,false,,Recycling
2025-01-20,Hostel B,Metal,0.96,396,413,false,,Recycling
2025-01-20,Hostel B,E-Waste,0.26,396,413,false,,Authorized Recycler
2025-01-20,Hostel B,Other,3.57,396,413,false,,Recycling
2025-01-20,Food Court,Food,46.64,604,622,false,,Composting
2025-01-20,Food Court,Plastic,16.77,604,622,false,,Recycling
2025-01-20,Food Court,Paper,5.48,604,622,false,,Recycling
2025-01-20,Food Court,Glass,4.28,604,622,false,,Recycling
2025-01-20,Food Court,Metal,1.5,604,622,false,,Recycling
2025-01-20,Food Court,E-Waste,0.2,604,622,false,,Authorized Recycler
2025-01-20,Food Court,Other,5.04,604,622,false,,Recycling
2025-01-20,Academic Block,Food,5.3,1149,1070,false,,Composting
2025-01-20,Academic Block,Plastic,6.47,1149,1070,false,,Recycling
2025-01-20,Academic Block,Paper,14.86,1149,1070,false,,Recycling
2025-01-20,Academic Block,Glass,0.92,1149,1070,false,,Recycling
2025-01-20,Academic Block,Metal,1.08,1149,1070,false,,Recycling
2025-01-20,Academic Block,E-Waste,1.37,1149,1070,false,,Authorized Recycler
2025-01-20,Academic Block,Other,4.94,1149,1070,false,,Recycling
2025-01-20,Administration,Food,2.92,156,160,false,,Composting
2025-01-20,Administration,Plastic,3.15,156,160,false,,Recycling
2025-01-20,Administration,Paper,9.63,156,160,false,,Recycling
2025-01-20,Administration,Glass,0.49,156,160,false,,Recycling
2025-01-20,Administration,Metal,0.72,156,160,false,,Recycling
2025-01-20,Administration,E-Waste,0.85,156,160,false,,Authorized Recycler
2025-01-20,Administration,Other,2.84,156,160,false,,Recycling
2025-01-21,Main Canteen,Food,65.09,869,899,false,,Composting
2025-01-21,Main Canteen,Plastic,11.75,869,899,false,,Recycling
2025-01-21,Main Canteen,Paper,8.15,869,899,false,,Recycling
2025-01-21,Main Canteen,Glass,3.4,869,899,false,,Recycling
2025-01-21,Main Canteen,Metal,2.36,869,899,false,,Recycling
2025-01-21,Main Canteen,E-Waste,0.59,869,899,false,,Authorized Recycler
2025-01-21,Main Canteen,Other,6.08,869,899,false,,Recycling
2025-01-21,Hostel A,Food,27.38,451,458,false,,Composting
2025-01-21,Hostel A,Plastic,8.31,451,458,false,,Recycling
2025-01-21,Hostel A,Paper,4.78,451,458,false,,Recycling
2025-01-21,Hostel A,Glass,1.92,451,458,false,,Recycling
2025-01-21,Hostel A,Metal,2.56,451,458,false,,Recycling
2025-01-21,Hostel A,E-Waste,0.35,451,458,false,,Authorized Recycler
2025-01-21,Hostel A,Other,3.74,451,458,false,,Recycling
2025-01-21,Hostel B,Food,28.84,446,443,false,,Composting
2025-01-21,Hostel B,Plastic,8.37,446,443,false,,Recycling
2025-01-21,Hostel B,Paper,3.62,446,443,false,,Recycling
2025-01-21,Hostel B,Glass,2.26,446,443,false,,Recycling
2025-01-21,Hostel B,Metal,1.12,446,443,false,,Recycling
2025-01-21,Hostel B,E-Waste,0.35,446,443,false,,Authorized Recycler
2025-01-21,Hostel B,Other,3.79,446,443,false,,Recycling
2025-01-21,Food Court,Food,45.17,575,592,false,,Composting
2025-01-21,Food Court,Plastic,13.54,575,592,false,,Recycling
2025-01-21,Food Court,Paper,5.7,575,592,false,,Recycling
2025-01-21,Food Court,Glass,3.5,575,592,false,,Recycling
2025-01-21,Food Court,Metal,1.64,575,592,false,,Recycling
2025-01-21,Food Court,E-Waste,0.18,575,592,false,,Authorized Recycler
2025-01-21,Food Court,Other,5.68,575,592,false,,Recycling
2025-01-21,Academic Block,Food,4.71,1187,1020,false,,Composting
2025-01-21,Academic Block,Plastic,6.49,1187,1020,false,,Recycling
2025-01-21,Academic Block,Paper,14.83,1187,1020,false,,Recycling
2025-01-21,Academic Block,Glass,1.14,1187,1020,false,,Recycling
2025-01-21,Academic Block,Metal,1.13,1187,1020,false,,Recycling
2025-01-21,Academic Block,E-Waste,1.24,1187,1020,false,,Authorized Recycler
2025-01-21,Academic Block,Other,4.95,1187,1020,false,,Recycling
2025-01-21,Administration,Food,3.14,153,153,false,,Composting
2025-01-21,Administration,Plastic,2.72,153,153,false,,Recycling
2025-01-21,Administration,Paper,10.1,153,153,false,,Recycling
2025-01-21,Administration,Glass,0.44,153,153,false,,Recycling
2025-01-21,Administration,Metal,0.79,153,153,false,,Recycling
2025-01-21,Administration,E-Waste,0.84,153,153,false,,Authorized Recycler
2025-01-21,Administration,Other,2.86,153,153,false,,Recycling
2025-01-22,Main Canteen,Food,54.03,904,826,false,,Composting
2025-01-22,Main Canteen,Plastic,12.69,904,826,false,,Recycling
2025-01-22,Main Canteen,Paper,9.24,904,826,false,,Recycling
2025-01-22,Main Canteen,Glass,2.74,904,826,false,,Recycling
2025-01-22,Main Canteen,Metal,1.97,904,826,false,,Recycling
2025-01-22,Main Canteen,E-Waste,0.56,904,826,false,,Authorized Recycler
2025-01-22,Main Canteen,Other,5.65,904,826,false,,Recycling
2025-01-22,Hostel A,Food,31.96,478,411,false,,Composting
2025-01-22,Hostel A,Plastic,10.58,478,411,false,,Recycling
2025-01-22,Hostel A,Paper,5.21,478,411,false,,Recycling
2025-01-22,Hostel A,Glass,2.14,478,411,false,,Recycling
2025-01-22,Hostel A,Metal,1.1,478,411,false,,Recycling
2025-01-22,Hostel A,E-Waste,0.32,478,411,false,,Authorized Recycler
2025-01-22,Hostel A,Other,3.72,478,411,false,,Recycling
2025-01-22,Hostel B,Food,28.48,439,379,false,,Composting
2025-01-22,Hostel B,Plastic,8.51,439,379,false,,Recycling
2025-01-22,Hostel B,Paper,4.14,439,379,false,,Recycling
2025-01-22,Hostel B,Glass,2,439,379,false,,Recycling
2025-01-22,Hostel B,Metal,0.95,439,379,false,,Recycling
2025-01-22,Hostel B,E-Waste,0.28,439,379,false,,Authorized Recycler
2025-01-22,Hostel B,Other,4.47,439,379,false,,Recycling
2025-01-22,Food Court,Food,38.4,595,616,false,,Composting
2025-01-22,Food Court,Plastic,17.47,595,616,false,,Recycling
2025-01-22,Food Court,Paper,6.22,595,616,false,,Recycling
2025-01-22,Food Court,Glass,4.71,595,616,false,,Recycling
2025-01-22,Food Court,Metal,1.4,595,616,false,,Recycling
2025-01-22,Food Court,E-Waste,0.23,595,616,false,,Authorized Recycler
2025-01-22,Food Court,Other,5.4,595,616,false,,Recycling
2025-01-22,Academic Block,Food,5.37,1271,1281,false,,Composting
2025-01-22,Academic Block,Plastic,6.51,1271,1281,false,,Recycling
2025-01-22,Academic Block,Paper,13.68,1271,1281,false,,Recycling
2025-01-22,Academic Block,Glass,2.44,1271,1281,false,,Recycling
2025-01-22,Academic Block,Metal,0.9,1271,1281,false,,Recycling
2025-01-22,Academic Block,E-Waste,1.41,1271,1281,false,,Authorized Recycler
2025-01-22,Academic Block,Other,12.3,1271,1281,false,,Recycling
2025-01-22,Administration,Food,3.32,159,163,false,,Composting
2025-01-22,Administration,Plastic,3.55,159,163,false,,Recycling
2025-01-22,Administration,Paper,10.73,159,163,false,,Recycling
2025-01-22,Administration,Glass,0.45,159,163,false,,Recycling
2025-01-22,Administration,Metal,0.86,159,163,false,,Recycling
2025-01-22,Administration,E-Waste,0.82,159,163,false,,Authorized Recycler
2025-01-22,Administration,Other,3.24,159,163,false,,Recycling
2025-01-23,Main Canteen,Food,61.87,867,877,false,,Composting
2025-01-23,Main Canteen,Plastic,13.39,867,877,false,,Recycling
2025-01-23,Main Canteen,Paper,7.59,867,877,false,,Recycling
2025-01-23,Main Canteen,Glass,3.44,867,877,false,,Recycling
2025-01-23,Main Canteen,Metal,2.22,867,877,false,,Recycling
2025-01-23,Main Canteen,E-Waste,0.57,867,877,false,,Authorized Recycler
2025-01-23,Main Canteen,Other,5.33,867,877,false,,Recycling
2025-01-23,Hostel A,Food,30.54,483,442,false,,Composting
2025-01-23,Hostel A,Plastic,9.67,483,442,false,,Recycling
2025-01-23,Hostel A,Paper,5.49,483,442,false,,Recycling
2025-01-23,Hostel A,Glass,1.99,483,442,false,,Recycling
2025-01-23,Hostel A,Metal,0.88,483,442,false,,Recycling
2025-01-23,Hostel A,E-Waste,0.29,483,442,false,,Authorized Recycler
2025-01-23,Hostel A,Other,4.71,483,442,false,,Recycling
2025-01-23,Hostel B,Food,26.11,419,423,false,,Composting
2025-01-23,Hostel B,Plastic,8.39,419,423,false,,Recycling
2025-01-23,Hostel B,Paper,4,419,423,false,,Recycling
2025-01-23,Hostel B,Glass,2.11,419,423,false,,Recycling
2025-01-23,Hostel B,Metal,1.02,419,423,false,,Recycling
2025-01-23,Hostel B,E-Waste,0.27,419,423,false,,Authorized Recycler
2025-01-23,Hostel B,Other,4.54,419,423,false,,Recycling
2025-01-23,Food Court,Food,45.63,553,562,false,,Composting
2025-01-23,Food Court,Plastic,14.62,553,562,false,,Recycling
2025-01-23,Food Court,Paper,6.32,553,562,false,,Recycling
2025-01-23,Food Court,Glass,3.59,553,562,false,,Recycling
2025-01-23,Food Court,Metal,1.47,553,562,false,,Recycling
2025-01-23,Food Court,E-Waste,0.2,553,562,false,,Authorized Recycler
2025-01-23,Food Court,Other,4.46,553,562,false,,Recycling
2025-01-23,Academic Block,Food,5.9,1151,1149,false,,Composting
2025-01-23,Academic Block,Plastic,5.51,1151,1149,false,,Recycling
2025-01-23,Academic Block,Paper,13.86,1151,1149,false,,Recycling
2025-01-23,Academic Block,Glass,1.03,1151,1149,false,,Recycling
2025-01-23,Academic Block,Metal,1.08,1151,1149,false,,Recycling
2025-01-23,Academic Block,E-Waste,1.06,1151,1149,false,,Authorized Recycler
2025-01-23,Academic Block,Other,4.92,1151,1149,false,,Recycling
2025-01-23,Administration,Food,3.17,161,163,false,,Composting
2025-01-23,Administration,Plastic,3.42,161,163,false,,Recycling
2025-01-23,Administration,Paper,9.8,161,163,false,,Recycling
2025-01-23,Administration,Glass,0.49,161,163,false,,Recycling
2025-01-23,Administration,Metal,0.79,161,163,false,,Recycling
2025-01-23,Administration,E-Waste,0.74,161,163,false,,Authorized Recycler
2025-01-23,Administration,Other,3.22,161,163,false,,Recycling
2025-01-24,Main Canteen,Food,61.17,851,750,false,,Composting
2025-01-24,Main Canteen,Plastic,13.6,851,750,false,,Recycling
2025-01-24,Main Canteen,Paper,8.62,851,750,false,,Recycling
2025-01-24,Main Canteen,Glass,3.05,851,750,false,,Recycling
2025-01-24,Main Canteen,Metal,1.89,851,750,false,,Recycling
2025-01-24,Main Canteen,E-Waste,0.46,851,750,false,,Authorized Recycler
2025-01-24,Main Canteen,Other,6.35,851,750,false,,Recycling
2025-01-24,Hostel A,Food,34.75,425,391,false,,Composting
2025-01-24,Hostel A,Plastic,9.25,425,391,false,,Recycling
2025-01-24,Hostel A,Paper,5.92,425,391,false,,Recycling
2025-01-24,Hostel A,Glass,1.97,425,391,false,,Recycling
2025-01-24,Hostel A,Metal,1.03,425,391,false,,Recycling
2025-01-24,Hostel A,E-Waste,0.27,425,391,false,,Authorized Recycler
2025-01-24,Hostel A,Other,4.5,425,391,false,,Recycling
2025-01-24,Hostel B,Food,29.82,448,430,false,,Composting
2025-01-24,Hostel B,Plastic,8.41,448,430,false,,Recycling
2025-01-24,Hostel B,Paper,3.67,448,430,false,,Recycling
2025-01-24,Hostel B,Glass,1.8,448,430,false,,Recycling
2025-01-24,Hostel B,Metal,1.18,448,430,false,,Recycling
2025-01-24,Hostel B,E-Waste,0.3,448,430,false,,Authorized Recycler
2025-01-24,Hostel B,Other,4.43,448,430,false,,Recycling
2025-01-24,Food Court,Food,37.3,589,553,false,,Composting
2025-01-24,Food Court,Plastic,17.64,589,553,false,,Recycling
2025-01-24,Food Court,Paper,5.5,589,553,false,,Recycling
2025-01-24,Food Court,Glass,4.36,589,553,false,,Recycling
2025-01-24,Food Court,Metal,1.35,589,553,false,,Recycling
2025-01-24,Food Court,E-Waste,0.21,589,553,false,,Authorized Recycler
2025-01-24,Food Court,Other,4.85,589,553,false,,Recycling
2025-01-24,Academic Block,Food,5.79,1175,1188,false,,Composting
2025-01-24,Academic Block,Plastic,5.91,1175,1188,false,,Recycling
2025-01-24,Academic Block,Paper,13.31,1175,1188,false,,Recycling
2025-01-24,Academic Block,Glass,1.07,1175,1188,false,,Recycling
2025-01-24,Academic Block,Metal,0.93,1175,1188,false,,Recycling
2025-01-24,Academic Block,E-Waste,1.42,1175,1188,false,,Authorized Recycler
2025-01-24,Academic Block,Other,5.91,1175,1188,false,,Recycling
2025-01-24,Administration,Food,3.5,140,138,false,,Composting
2025-01-24,Administration,Plastic,2.95,140,138,false,,Recycling
2025-01-24,Administration,Paper,10.13,140,138,false,,Recycling
2025-01-24,Administration,Glass,0.5,140,138,false,,Recycling
2025-01-24,Administration,Metal,0.71,140,138,false,,Recycling
2025-01-24,Administration,E-Waste,0.84,140,138,false,,Authorized Recycler
2025-01-24,Administration,Other,3.38,140,138,false,,Recycling
2025-01-25,Main Canteen,Food,46.29,659,607,false,,Composting
2025-01-25,Main Canteen,Plastic,9.01,659,607,false,,Recycling
2025-01-25,Main Canteen,Paper,6.55,659,607,false,,Recycling
2025-01-25,Main Canteen,Glass,2.29,659,607,false,,Recycling
2025-01-25,Main Canteen,Metal,1.57,659,607,false,,Recycling
2025-01-25,Main Canteen,E-Waste,0.37,659,607,false,,Authorized Recycler
2025-01-25,Main Canteen,Other,5.17,659,607,false,,Recycling
2025-01-25,Hostel A,Food,24.31,340,342,false,,Composting
2025-01-25,Hostel A,Plastic,6.77,340,342,false,,Recycling
2025-01-25,Hostel A,Paper,4.2,340,342,false,,Recycling
2025-01-25,Hostel A,Glass,1.76,340,342,false,,Recycling
2025-01-25,Hostel A,Metal,0.74,340,342,false,,Recycling
2025-01-25,Hostel A,E-Waste,0.24,340,342,false,,Authorized Recycler
2025-01-25,Hostel A,Other,3.17,340,342,false,,Recycling
2025-01-25,Hostel B,Food,19.84,294,304,false,,Composting
2025-01-25,Hostel B,Plastic,6.87,294,304,false,,Recycling
2025-01-25,Hostel B,Paper,3.51,294,304,false,,Recycling
2025-01-25,Hostel B,Glass,1.36,294,304,false,,Recycling
2025-01-25,Hostel B,Metal,0.69,294,304,false,,Recycling
2025-01-25,Hostel B,E-Waste,0.21,294,304,false,,Authorized Recycler
2025-01-25,Hostel B,Other,3.1,294,304,false,,Recycling
2025-01-25,Food Court,Food,28.62,466,449,false,,Composting
2025-01-25,Food Court,Plastic,12.65,466,449,false,,Recycling
2025-01-25,Food Court,Paper,5.33,466,449,false,,Recycling
2025-01-25,Food Court,Glass,2.99,466,449,false,,Recycling
2025-01-25,Food Court,Metal,1.09,466,449,false,,Recycling
2025-01-25,Food Court,E-Waste,0.14,466,449,false,,Authorized Recycler
2025-01-25,Food Court,Other,4.41,466,449,false,,Recycling
2025-01-25,Academic Block,Food,4.23,878,912,false,,Composting
2025-01-25,Academic Block,Plastic,4.38,878,912,false,,Recycling
2025-01-25,Academic Block,Paper,10.17,878,912,false,,Recycling
2025-01-25,Academic Block,Glass,0.66,878,912,false,,Recycling
2025-01-25,Academic Block,Metal,0.83,878,912,false,,Recycling
2025-01-25,Academic Block,E-Waste,0.91,878,912,false,,Authorized Recycler
2025-01-25,Academic Block,Other,3.58,878,912,false,,Recycling
2025-01-25,Administration,Food,2.07,115,118,false,,Composting
2025-01-25,Administration,Plastic,2.53,115,118,false,,Recycling
2025-01-25,Administration,Paper,7.24,115,118,false,,Recycling
2025-01-25,Administration,Glass,0.41,115,118,false,,Recycling
2025-01-25,Administration,Metal,0.71,115,118,false,,Recycling
2025-01-25,Administration,E-Waste,0.53,115,118,false,,Authorized Recycler
2025-01-25,Administration,Other,2.32,115,118,false,,Recycling
2025-01-26,Main Canteen,Food,39.11,639,638,false,,Composting
2025-01-26,Main Canteen,Plastic,28.03,639,638,false,,Recycling
2025-01-26,Main Canteen,Paper,5.48,639,638,false,,Recycling
2025-01-26,Main Canteen,Glass,2.67,639,638,false,,Recycling
2025-01-26,Main Canteen,Metal,1.37,639,638,false,,Recycling
2025-01-26,Main Canteen,E-Waste,0.33,639,638,false,,Authorized Recycler
2025-01-26,Main Canteen,Other,4.99,639,638,false,,Recycling
2025-01-26,Hostel A,Food,25.32,362,309,false,,Composting
2025-01-26,Hostel A,Plastic,6.24,362,309,false,,Recycling
2025-01-26,Hostel A,Paper,4.38,362,309,false,,Recycling
2025-01-26,Hostel A,Glass,1.69,362,309,false,,Recycling
2025-01-26,Hostel A,Metal,0.79,362,309,false,,Recycling
2025-01-26,Hostel A,E-Waste,0.22,362,309,false,,Authorized Recycler
2025-01-26,Hostel A,Other,2.94,362,309,false,,Recycling
2025-01-26,Hostel B,Food,21.64,303,278,false,,Composting
2025-01-26,Hostel B,Plastic,6.67,303,278,false,,Recycling
2025-01-26,Hostel B,Paper,3.24,303,278,false,,Recycling
2025-01-26,Hostel B,Glass,1.67,303,278,false,,Recycling
2025-01-26,Hostel B,Metal,0.75,303,278,false,,Recycling
2025-01-26,Hostel B,E-Waste,0.2,303,278,false,,Authorized Recycler
2025-01-26,Hostel B,Other,3.06,303,278,false,,Recycling
2025-01-26,Food Court,Food,33,453,419,false,,Composting
2025-01-26,Food Court,Plastic,13.12,453,419,false,,Recycling
2025-01-26,Food Court,Paper,4.82,453,419,false,,Recycling
2025-01-26,Food Court,Glass,2.69,453,419,false,,Recycling
2025-01-26,Food Court,Metal,1.16,453,419,false,,Recycling
2025-01-26,Food Court,E-Waste,0.17,453,419,false,,Authorized Recycler
2025-01-26,Food Court,Other,3.77,453,419,false,,Recycling
2025-01-26,Academic Block,Food,4.12,899,940,false,,Composting
2025-01-26,Academic Block,Plastic,4.06,899,940,false,,Recycling
2025-01-26,Academic Block,Paper,10.13,899,940,false,,Recycling
2025-01-26,Academic Block,Glass,0.75,899,940,false,,Recycling
2025-01-26,Academic Block,Metal,0.75,899,940,false,,Recycling
2025-01-26,Academic Block,E-Waste,0.83,899,940,false,,Authorized Recycler
2025-01-26,Academic Block,Other,3.66,899,940,false,,Recycling
2025-01-26,Administration,Food,2.3,116,110,false,,Composting
2025-01-26,Administration,Plastic,2.52,116,110,false,,Recycling
2025-01-26,Administration,Paper,7.41,116,110,false,,Recycling
2025-01-26,Administration,Glass,0.39,116,110,false,,Recycling
2025-01-26,Administration,Metal,0.55,116,110,false,,Recycling
2025-01-26,Administration,E-Waste,0.65,116,110,false,,Authorized Recycler
2025-01-26,Administration,Other,2.49,116,110,false,,Recycling
2025-01-27,Main Canteen,Food,64.42,921,854,false,,Composting
2025-01-27,Main Canteen,Plastic,11.85,921,854,false,,Recycling
2025-01-27,Main Canteen,Paper,8.92,921,854,false,,Recycling
2025-01-27,Main Canteen,Glass,3.15,921,854,false,,Recycling
2025-01-27,Main Canteen,Metal,6.15,921,854,false,,Recycling
2025-01-27,Main Canteen,E-Waste,0.6,921,854,false,,Authorized Recycler
2025-01-27,Main Canteen,Other,5.68,921,854,false,,Recycling
2025-01-27,Hostel A,Food,33.81,439,453,false,,Composting
2025-01-27,Hostel A,Plastic,8.65,439,453,false,,Recycling
2025-01-27,Hostel A,Paper,4.97,439,453,false,,Recycling
2025-01-27,Hostel A,Glass,2.19,439,453,false,,Recycling
2025-01-27,Hostel A,Metal,1.04,439,453,false,,Recycling
2025-01-27,Hostel A,E-Waste,0.3,439,453,false,,Authorized Recycler
2025-01-27,Hostel A,Other,4.78,439,453,false,,Recycling
2025-01-27,Hostel B,Food,30.59,407,396,false,,Composting
2025-01-27,Hostel B,Plastic,7.3,407,396,false,,Recycling
2025-01-27,Hostel B,Paper,4.77,407,396,false,,Recycling
2025-01-27,Hostel B,Glass,2.17,407,396,false,,Recycling
2025-01-27,Hostel B,Metal,0.97,407,396,false,,Recycling
2025-01-27,Hostel B,E-Waste,0.35,407,396,false,,Authorized Recycler
2025-01-27,Hostel B,Other,4.3,407,396,false,,Recycling
2025-01-27,Food Court,Food,39.5,640,658,false,,Composting
2025-01-27,Food Court,Plastic,17.49,640,658,false,,Recycling
2025-01-27,Food Court,Paper,5.9,640,658,false,,Recycling
2025-01-27,Food Court,Glass,4.35,640,658,false,,Recycling
2025-01-27,Food Court,Metal,1.73,640,658,false,,Recycling
2025-01-27,Food Court,E-Waste,0.23,640,658,false,,Authorized Recycler
2025-01-27,Food Court,Other,4.72,640,658,false,,Recycling
2025-01-27,Academic Block,Food,5.6,1257,1089,false,,Composting
2025-01-27,Academic Block,Plastic,5.81,1257,1089,false,,Recycling
2025-01-27,Academic Block,Paper,12.63,1257,1089,false,,Recycling
2025-01-27,Academic Block,Glass,1.03,1257,1089,false,,Recycling
2025-01-27,Academic Block,Metal,0.96,1257,1089,false,,Recycling
2025-01-27,Academic Block,E-Waste,1.43,1257,1089,false,,Authorized Recycler
2025-01-27,Academic Block,Other,4.84,1257,1089,false,,Recycling
2025-01-27,Administration,Food,3.49,148,144,false,,Composting
2025-01-27,Administration,Plastic,3.13,148,144,false,,Recycling
2025-01-27,Administration,Paper,9.24,148,144,false,,Recycling
2025-01-27,Administration,Glass,0.46,148,144,false,,Recycling
2025-01-27,Administration,Metal,0.84,148,144,false,,Recycling
2025-01-27,Administration,E-Waste,0.89,148,144,false,,Authorized Recycler
2025-01-27,Administration,Other,2.67,148,144,false,,Recycling
2025-01-28,Main Canteen,Food,58.02,920,830,false,,Composting
2025-01-28,Main Canteen,Plastic,14.02,920,830,false,,Recycling
2025-01-28,Main Canteen,Paper,7.54,920,830,false,,Recycling
2025-01-28,Main Canteen,Glass,3.5,920,830,false,,Recycling
2025-01-28,Main Canteen,Metal,1.84,920,830,false,,Recycling
2025-01-28,Main Canteen,E-Waste,0.52,920,830,false,,Authorized Recycler
2025-01-28,Main Canteen,Other,5.58,920,830,false,,Recycling
2025-01-28,Hostel A,Food,35.16,485,498,false,,Composting
2025-01-28,Hostel A,Plastic,9.64,485,498,false,,Recycling
2025-01-28,Hostel A,Paper,5.73,485,498,false,,Recycling
2025-01-28,Hostel A,Glass,2.25,485,498,false,,Recycling
2025-01-28,Hostel A,Metal,1.07,485,498,false,,Recycling
2025-01-28,Hostel A,E-Waste,0.27,485,498,false,,Authorized Recycler
2025-01-28,Hostel A,Other,4.03,485,498,false,,Recycling
2025-01-28,Hostel B,Food,32.28,418,369,false,,Composting
2025-01-28,Hostel B,Plastic,7.38,418,369,false,,Recycling
2025-01-28,Hostel B,Paper,4.24,418,369,false,,Recycling
2025-01-28,Hostel B,Glass,2.2,418,369,false,,Recycling
2025-01-28,Hostel B,Metal,0.97,418,369,false,,Recycling
2025-01-28,Hostel B,E-Waste,0.28,418,369,false,,Authorized Recycler
2025-01-28,Hostel B,Other,4.59,418,369,false,,Recycling
2025-01-28,Food Court,Food,44.37,572,567,false,,Composting
2025-01-28,Food Court,Plastic,16.32,572,567,false,,Recycling
2025-01-28,Food Court,Paper,5.75,572,567,false,,Recycling
2025-01-28,Food Court,Glass,4.1,572,567,false,,Recycling
2025-01-28,Food Court,Metal,1.54,572,567,false,,Recycling
2025-01-28,Food Court,E-Waste,0.22,572,567,false,,Authorized Recycler
2025-01-28,Food Court,Other,5.56,572,567,false,,Recycling
2025-01-28,Academic Block,Food,5.88,1215,1273,false,,Composting
2025-01-28,Academic Block,Plastic,6.96,1215,1273,false,,Recycling
2025-01-28,Academic Block,Paper,13.96,1215,1273,false,,Recycling
2025-01-28,Academic Block,Glass,0.97,1215,1273,false,,Recycling
2025-01-28,Academic Block,Metal,0.96,1215,1273,false,,Recycling
2025-01-28,Academic Block,E-Waste,1.11,1215,1273,false,,Authorized Recycler
2025-01-28,Academic Block,Other,4.48,1215,1273,false,,Recycling
2025-01-28,Administration,Food,2.87,142,146,false,,Composting
2025-01-28,Administration,Plastic,3.2,142,146,false,,Recycling
2025-01-28,Administration,Paper,11.85,142,146,false,,Recycling
2025-01-28,Administration,Glass,0.6,142,146,false,,Recycling
2025-01-28,Administration,Metal,0.76,142,146,false,,Recycling
2025-01-28,Administration,E-Waste,0.95,142,146,false,,Authorized Recycler
2025-01-28,Administration,Other,3.34,142,146,false,,Recycling
2025-01-29,Main Canteen,Food,57.73,871,896,false,,Composting
2025-01-29,Main Canteen,Plastic,13.64,871,896,false,,Recycling
2025-01-29,Main Canteen,Paper,7.43,871,896,false,,Recycling
2025-01-29,Main Canteen,Glass,3.56,871,896,false,,Recycling
2025-01-29,Main Canteen,Metal,2.1,871,896,false,,Recycling
2025-01-29,Main Canteen,E-Waste,0.46,871,896,false,,Authorized Recycler
2025-01-29,Main Canteen,Other,6.45,871,896,false,,Recycling
2025-01-29,Hostel A,Food,30.95,432,372,false,,Composting
2025-01-29,Hostel A,Plastic,10.22,432,372,false,,Recycling
2025-01-29,Hostel A,Paper,4.88,432,372,false,,Recycling
2025-01-29,Hostel A,Glass,2.16,432,372,false,,Recycling
2025-01-29,Hostel A,Metal,1.16,432,372,false,,Recycling
2025-01-29,Hostel A,E-Waste,0.36,432,372,false,,Authorized Recycler
2025-01-29,Hostel A,Other,4.63,432,372,false,,Recycling
2025-01-29,Hostel B,Food,30.73,397,373,false,,Composting
2025-01-29,Hostel B,Plastic,8.48,397,373,false,,Recycling
2025-01-29,Hostel B,Paper,4.78,397,373,false,,Recycling
2025-01-29,Hostel B,Glass,2.2,397,373,false,,Recycling
2025-01-29,Hostel B,Metal,0.89,397,373,false,,Recycling
2025-01-29,Hostel B,E-Waste,0.33,397,373,false,,Authorized Recycler
2025-01-29,Hostel B,Other,4,397,373,false,,Recycling
2025-01-29,Food Court,Food,43.24,607,575,false,,Composting
2025-01-29,Food Court,Plastic,13.4,607,575,false,,Recycling
2025-01-29,Food Court,Paper,6.37,607,575,false,,Recycling
2025-01-29,Food Court,Glass,8.09,607,575,false,,Recycling
2025-01-29,Food Court,Metal,1.66,607,575,false,,Recycling
2025-01-29,Food Court,E-Waste,0.2,607,575,false,,Authorized Recycler
2025-01-29,Food Court,Other,5.85,607,575,false,,Recycling
2025-01-29,Academic Block,Food,13.91,1247,1106,false,,Composting
2025-01-29,Academic Block,Plastic,5.86,1247,1106,false,,Recycling
2025-01-29,Academic Block,Paper,14.51,1247,1106,false,,Recycling
2025-01-29,Academic Block,Glass,0.92,1247,1106,false,,Recycling
2025-01-29,Academic Block,Metal,0.96,1247,1106,false,,Recycling
2025-01-29,Academic Block,E-Waste,1.27,1247,1106,false,,Authorized Recycler
2025-01-29,Academic Block,Other,4.6,1247,1106,false,,Recycling
2025-01-29,Administration,Food,3.33,159,150,false,,Composting
2025-01-29,Administration,Plastic,2.95,159,150,false,,Recycling
2025-01-29,Administration,Paper,10.33,159,150,false,,Recycling
2025-01-29,Administration,Glass,0.49,159,150,false,,Recycling
2025-01-29,Administration,Metal,0.72,159,150,false,,Recycling
2025-01-29,Administration,E-Waste,0.81,159,150,false,,Authorized Recycler
2025-01-29,Administration,Other,3.31,159,150,false,,Recycling
2025-01-30,Main Canteen,Food,65.82,927,804,false,,Composting
2025-01-30,Main Canteen,Plastic,11.27,927,804,false,,Recycling
2025-01-30,Main Canteen,Paper,8.42,927,804,false,,Recycling
2025-01-30,Main Canteen,Glass,3.19,927,804,false,,Recycling
2025-01-30,Main Canteen,Metal,1.82,927,804,false,,Recycling
2025-01-30,Main Canteen,E-Waste,0.59,927,804,false,,Authorized Recycler
2025-01-30,Main Canteen,Other,6.21,927,804,false,,Recycling
2025-01-30,Hostel A,Food,28.33,468,488,false,,Composting
2025-01-30,Hostel A,Plastic,8.07,468,488,false,,Recycling
2025-01-30,Hostel A,Paper,5.27,468,488,false,,Recycling
2025-01-30,Hostel A,Glass,2.19,468,488,false,,Recycling
2025-01-30,Hostel A,Metal,1.07,468,488,false,,Recycling
2025-01-30,Hostel A,E-Waste,0.34,468,488,false,,Authorized Recycler
2025-01-30,Hostel A,Other,4.41,468,488,false,,Recycling
2025-01-30,Hostel B,Food,31.25,417,402,false,,Composting
2025-01-30,Hostel B,Plastic,8.59,417,402,false,,Recycling
2025-01-30,Hostel B,Paper,4.79,417,402,false,,Recycling
2025-01-30,Hostel B,Glass,2.29,417,402,false,,Recycling
2025-01-30,Hostel B,Metal,1.11,417,402,false,,Recycling
2025-01-30,Hostel B,E-Waste,0.31,417,402,false,,Authorized Recycler
2025-01-30,Hostel B,Other,3.97,417,402,false,,Recycling
2025-01-30,Food Court,Food,40.01,589,595,false,,Composting
2025-01-30,Food Court,Plastic,16.24,589,595,false,,Recycling
2025-01-30,Food Court,Paper,7.06,589,595,false,,Recycling
2025-01-30,Food Court,Glass,4.63,589,595,false,,Recycling
2025-01-30,Food Court,Metal,1.34,589,595,false,,Recycling
2025-01-30,Food Court,E-Waste,0.22,589,595,false,,Authorized Recycler
2025-01-30,Food Court,Other,5,589,595,false,,Recycling
2025-01-30,Academic Block,Food,5.98,1266,1114,false,,Composting
2025-01-30,Academic Block,Plastic,14.43,1266,1114,false,,Recycling
2025-01-30,Academic Block,Paper,16.27,1266,1114,false,,Recycling
2025-01-30,Academic Block,Glass,1.02,1266,1114,false,,Recycling
2025-01-30,Academic Block,Metal,1.16,1266,1114,false,,Recycling
2025-01-30,Academic Block,E-Waste,1.42,1266,1114,false,,Authorized Recycler
2025-01-30,Academic Block,Other,5.9,1266,1114,false,,Recycling
2025-01-30,Administration,Food,3.27,153,138,false,,Composting
2025-01-30,Administration,Plastic,3.16,153,138,false,,Recycling
2025-01-30,Administration,Paper,10.76,153,138,false,,Recycling
2025-01-30,Administration,Glass,0.5,153,138,false,,Recycling
2025-01-30,Administration,Metal,0.85,153,138,false,,Recycling
2025-01-30,Administration,E-Waste,0.74,153,138,false,,Authorized Recycler
2025-01-30,Administration,Other,3.02,153,138,false,,Recycling
2025-01-31,Main Canteen,Food,57.63,881,891,false,,Composting
2025-01-31,Main Canteen,Plastic,10.91,881,891,false,,Recycling
2025-01-31,Main Canteen,Paper,7.8,881,891,false,,Recycling
2025-01-31,Main Canteen,Glass,2.77,881,891,false,,Recycling
2025-01-31,Main Canteen,Metal,2.24,881,891,false,,Recycling
2025-01-31,Main Canteen,E-Waste,0.54,881,891,false,,Authorized Recycler
2025-01-31,Main Canteen,Other,5.83,881,891,false,,Recycling
2025-01-31,Hostel A,Food,33.45,467,405,false,,Composting
2025-01-31,Hostel A,Plastic,8.83,467,405,false,,Recycling
2025-01-31,Hostel A,Paper,5.07,467,405,false,,Recycling
2025-01-31,Hostel A,Glass,2.36,467,405,false,,Recycling
2025-01-31,Hostel A,Metal,1.06,467,405,false,,Recycling
2025-01-31,Hostel A,E-Waste,0.27,467,405,false,,Authorized Recycler
2025-01-31,Hostel A,Other,4.28,467,405,false,,Recycling
2025-01-31,Hostel B,Food,25.05,409,428,false,,Composting
2025-01-31,Hostel B,Plastic,9.6,409,428,false,,Recycling
2025-01-31,Hostel B,Paper,3.55,409,428,false,,Recycling
2025-01-31,Hostel B,Glass,2.18,409,428,false,,Recycling
2025-01-31,Hostel B,Metal,1.05,409,428,false,,Recycling
2025-01-31,Hostel B,E-Waste,0.35,409,428,false,,Authorized Recycler
2025-01-31,Hostel B,Other,3.89,409,428,false,,Recycling
2025-01-31,Food Court,Food,39.45,596,625,false,,Composting
2025-01-31,Food Court,Plastic,14.34,596,625,false,,Recycling
2025-01-31,Food Court,Paper,5.66,596,625,false,,Recycling
2025-01-31,Food Court,Glass,4.33,596,625,false,,Recycling
2025-01-31,Food Court,Metal,1.72,596,625,false,,Recycling
2025-01-31,Food Court,E-Waste,0.24,596,625,false,,Authorized Recycler
2025-01-31,Food Court,Other,4.67,596,625,false,,Recycling
2025-01-31,Academic Block,Food,4.84,1183,1041,false,,Composting
2025-01-31,Academic Block,Plastic,5.73,1183,1041,false,,Recycling
2025-01-31,Academic Block,Paper,13.87,1183,1041,false,,Recycling
2025-01-31,Academic Block,Glass,0.98,1183,1041,false,,Recycling
2025-01-31,Academic Block,Metal,0.94,1183,1041,false,,Recycling
2025-01-31,Academic Block,E-Waste,1.4,1183,1041,false,,Authorized Recycler
2025-01-31,Academic Block,Other,5.08,1183,1041,false,,Recycling
2025-01-31,Administration,Food,3.1,146,140,false,,Composting
2025-01-31,Administration,Plastic,3.58,146,140,false,,Recycling
2025-01-31,Administration,Paper,8.97,146,140,false,,Recycling
2025-01-31,Administration,Glass,0.5,146,140,false,,Recycling
2025-01-31,Administration,Metal,0.79,146,140,false,,Recycling
2025-01-31,Administration,E-Waste,0.86,146,140,false,,Authorized Recycler
2025-01-31,Administration,Other,3.51,146,140,false,,Recycling
2025-02-01,Main Canteen,Food,42.04,700,677,false,,Composting
2025-02-01,Main Canteen,Plastic,9.25,700,677,false,,Recycling
2025-02-01,Main Canteen,Paper,6.47,700,677,false,,Recycling
2025-02-01,Main Canteen,Glass,2.54,700,677,false,,Recycling
2025-02-01,Main Canteen,Metal,1.48,700,677,false,,Recycling
2025-02-01,Main Canteen,E-Waste,0.36,700,677,false,,Authorized Recycler
2025-02-01,Main Canteen,Other,5.39,700,677,false,,Recycling
2025-02-01,Hostel A,Food,26.89,355,362,false,,Composting
2025-02-01,Hostel A,Plastic,6.9,355,362,false,,Recycling
2025-02-01,Hostel A,Paper,3.72,355,362,false,,Recycling
2025-02-01,Hostel A,Glass,1.4,355,362,false,,Recycling
2025-02-01,Hostel A,Metal,0.76,355,362,false,,Recycling
2025-02-01,Hostel A,E-Waste,0.21,355,362,false,,Authorized Recycler
2025-02-01,Hostel A,Other,2.75,355,362,false,,Recycling
2025-02-01,Hostel B,Food,22.98,304,297,false,,Composting
2025-02-01,Hostel B,Plastic,5.58,304,297,false,,Recycling
2025-02-01,Hostel B,Paper,3,304,297,false,,Recycling
2025-02-01,Hostel B,Glass,1.4,304,297,false,,Recycling
2025-02-01,Hostel B,Metal,0.81,304,297,false,,Recycling
2025-02-01,Hostel B,E-Waste,0.27,304,297,false,,Authorized Recycler
2025-02-01,Hostel B,Other,3.55,304,297,false,,Recycling
2025-02-01,Food Court,Food,31.17,476,429,false,,Composting
2025-02-01,Food Court,Plastic,11.43,476,429,false,,Recycling
2025-02-01,Food Court,Paper,4.29,476,429,false,,Recycling
2025-02-01,Food Court,Glass,2.85,476,429,false,,Recycling
2025-02-01,Food Court,Metal,1.3,476,429,false,,Recycling
2025-02-01,Food Court,E-Waste,0.18,476,429,false,,Authorized Recycler
2025-02-01,Food Court,Other,3.87,476,429,false,,Recycling
2025-02-01,Academic Block,Food,3.97,919,934,false,,Composting
2025-02-01,Academic Block,Plastic,4.85,919,934,false,,Recycling
2025-02-01,Academic Block,Paper,9.57,919,934,false,,Recycling
2025-02-01,Academic Block,Glass,0.71,919,934,false,,Recycling
2025-02-01,Academic Block,Metal,0.89,919,934,false,,Recycling
2025-02-01,Academic Block,E-Waste,0.94,919,934,false,,Authorized Recycler
2025-02-01,Academic Block,Other,3.67,919,934,false,,Recycling
2025-02-01,Administration,Food,2.18,119,123,false,,Composting
2025-02-01,Administration,Plastic,2.1,119,123,false,,Recycling
2025-02-01,Administration,Paper,8.17,119,123,false,,Recycling
2025-02-01,Administration,Glass,0.41,119,123,false,,Recycling
2025-02-01,Administration,Metal,0.55,119,123,false,,Recycling
2025-02-01,Administration,E-Waste,0.65,119,123,false,,Authorized Recycler
2025-02-01,Administration,Other,2.04,119,123,false,,Recycling
2025-02-02,Main Canteen,Food,38.94,675,664,false,,Composting
2025-02-02,Main Canteen,Plastic,10.21,675,664,false,,Recycling
2025-02-02,Main Canteen,Paper,6.6,675,664,false,,Recycling
2025-02-02,Main Canteen,Glass,2.42,675,664,false,,Recycling
2025-02-02,Main Canteen,Metal,1.41,675,664,false,,Recycling
2025-02-02,Main Canteen,E-Waste,0.44,675,664,false,,Authorized Recycler
2025-02-02,Main Canteen,Other,4.32,675,664,false,,Recycling
2025-02-02,Hostel A,Food,24.5,339,341,false,,Composting
2025-02-02,Hostel A,Plastic,6.86,339,341,false,,Recycling
2025-02-02,Hostel A,Paper,3.6,339,341,false,,Recycling
2025-02-02,Hostel A,Glass,1.38,339,341,false,,Recycling
2025-02-02,Hostel A,Metal,0.78,339,341,false,,Recycling
2025-02-02,Hostel A,E-Waste,0.24,339,341,false,,Authorized Recycler
2025-02-02,Hostel A,Other,3.31,339,341,false,,Recycling
2025-02-02,Hostel B,Food,24.75,327,280,false,,Composting
2025-02-02,Hostel B,Plastic,6.62,327,280,false,,Recycling
2025-02-02,Hostel B,Paper,8.5,327,280,false,,Recycling
2025-02-02,Hostel B,Glass,1.43,327,280,false,,Recycling
2025-02-02,Hostel B,Metal,0.69,327,280,false,,Recycling
2025-02-02,Hostel B,E-Waste,0.23,327,280,false,,Authorized Recycler
2025-02-02,Hostel B,Other,2.76,327,280,false,,Recycling
2025-02-02,Food Court,Food,32.36,449,396,false,,Composting
2025-02-02,Food Court,Plastic,13.06,449,396,false,,Recycling
2025-02-02,Food Court,Paper,4.77,449,396,false,,Recycling
2025-02-02,Food Court,Glass,3.5,449,396,false,,Recycling
2025-02-02,Food Court,Metal,1.3,449,396,false,,Recycling
2025-02-02,Food Court,E-Waste,0.16,449,396,false,,Authorized Recycler
2025-02-02,Food Court,Other,4.04,449,396,false,,Recycling
2025-02-02,Academic Block,Food,4.48,881,908,false,,Composting
2025-02-02,Academic Block,Plastic,4.11,881,908,false,,Recycling
2025-02-02,Academic Block,Paper,11.9,881,908,false,,Recycling
2025-02-02,Academic Block,Glass,0.67,881,908,false,,Recycling
2025-02-02,Academic Block,Metal,0.82,881,908,false,,Recycling
2025-02-02,Academic Block,E-Waste,0.91,881,908,false,,Authorized Recycler
2025-02-02,Academic Block,Other,3.37,881,908,false,,Recycling
2025-02-02,Administration,Food,2.4,116,106,false,,Composting
2025-02-02,Administration,Plastic,2.27,116,106,false,,Recycling
2025-02-02,Administration,Paper,7.79,116,106,false,,Recycling
2025-02-02,Administration,Glass,0.4,116,106,false,,Recycling
2025-02-02,Administration,Metal,0.61,116,106,false,,Recycling
2025-02-02,Administration,E-Waste,0.6,116,106,false,,Authorized Recycler
2025-02-02,Administration,Other,6.52,116,106,false,,Recycling
2025-02-03,Main Canteen,Food,56.12,844,833,false,,Composting
2025-02-03,Main Canteen,Plastic,13.74,844,833,false,,Recycling
2025-02-03,Main Canteen,Paper,9.5,844,833,false,,Recycling
2025-02-03,Main Canteen,Glass,3.28,844,833,false,,Recycling
2025-02-03,Main Canteen,Metal,1.8,844,833,false,,Recycling
2025-02-03,Main Canteen,E-Waste,0.5,844,833,false,,Authorized Recycler
2025-02-03,Main Canteen,Other,5.72,844,833,false,,Recycling
2025-02-03,Hostel A,Food,32.09,416,407,false,,Composting
2025-02-03,Hostel A,Plastic,9.19,416,407,false,,Recycling
2025-02-03,Hostel A,Paper,4.66,416,407,false,,Recycling
2025-02-03,Hostel A,Glass,4.85,416,407,false,,Recycling
2025-02-03,Hostel A,Metal,0.9,416,407,false,,Recycling
2025-02-03,Hostel A,E-Waste,0.35,416,407,false,,Authorized Recycler
2025-02-03,Hostel A,Other,4.21,416,407,false,,Recycling
2025-02-03,Hostel B,Food,32.18,423,441,false,,Composting
2025-02-03,Hostel B,Plastic,8.26,423,441,false,,Recycling
2025-02-03,Hostel B,Paper,4.36,423,441,false,,Recycling
2025-02-03,Hostel B,Glass,1.84,423,441,false,,Recycling
2025-02-03,Hostel B,Metal,0.94,423,441,false,,Recycling
2025-02-03,Hostel B,E-Waste,0.32,423,441,false,,Authorized Recycler
2025-02-03,Hostel B,Other,3.57,423,441,false,,Recycling
2025-02-03,Food Court,Food,45.31,644,548,false,,Composting
2025-02-03,Food Court,Plastic,17.7,644,548,false,,Recycling
2025-02-03,Food Court,Paper,5.73,644,548,false,,Recycling
2025-02-03,Food Court,Glass,4.18,644,548,false,,Recycling
2025-02-03,Food Court,Metal,1.41,644,548,false,,Recycling
2025-02-03,Food Court,E-Waste,0.19,644,548,false,,Authorized Recycler
2025-02-03,Food Court,Other,4.59,644,548,false,,Recycling
2025-02-03,Academic Block,Food,4.97,1113,1003,false,,Composting
2025-02-03,Academic Block,Plastic,7.05,1113,1003,false,,Recycling
2025-02-03,Academic Block,Paper,16.59,1113,1003,false,,Recycling
2025-02-03,Academic Block,Glass,1.17,1113,1003,false,,Recycling
2025-02-03,Academic Block,Metal,0.97,1113,1003,false,,Recycling
2025-02-03,Academic Block,E-Waste,1.12,1113,1003,false,,Authorized Recycler
2025-02-03,Academic Block,Other,4.76,1113,1003,false,,Recycling
2025-02-03,Administration,Food,2.68,150,129,false,,Composting
2025-02-03,Administration,Plastic,3.25,150,129,false,,Recycling
2025-02-03,Administration,Paper,11.91,150,129,false,,Recycling
2025-02-03,Administration,Glass,0.58,150,129,false,,Recycling
2025-02-03,Administration,Metal,0.83,150,129,false,,Recycling
2025-02-03,Administration,E-Waste,0.95,150,129,false,,Authorized Recycler
2025-02-03,Administration,Other,2.72,150,129,false,,Recycling
2025-02-04,Main Canteen,Food,63.48,840,827,false,,Composting
2025-02-04,Main Canteen,Plastic,14.05,840,827,false,,Recycling
2025-02-04,Main Canteen,Paper,9.18,840,827,false,,Recycling
2025-02-04,Main Canteen,Glass,3.55,840,827,false,,Recycling
2025-02-04,Main Canteen,Metal,2.23,840,827,false,,Recycling
2025-02-04,Main Canteen,E-Waste,0.6,840,827,false,,Authorized Recycler
2025-02-04,Main Canteen,Other,6.41,840,827,false,,Recycling
2025-02-04,Hostel A,Food,35.25,476,428,false,,Composting
2025-02-04,Hostel A,Plastic,8.25,476,428,false,,Recycling
2025-02-04,Hostel A,Paper,5.53,476,428,false,,Recycling
2025-02-04,Hostel A,Glass,2.37,476,428,false,,Recycling
2025-02-04,Hostel A,Metal,1.15,476,428,false,,Recycling
2025-02-04,Hostel A,E-Waste,0.31,476,428,false,,Authorized Recycler
2025-02-04,Hostel A,Other,4.06,476,428,false,,Recycling
2025-02-04,Hostel B,Food,30.29,392,359,false,,Composting
2025-02-04,Hostel B,Plastic,8.71,392,359,false,,Recycling
2025-02-04,Hostel B,Paper,3.87,392,359,false,,Recycling
2025-02-04,Hostel B,Glass,2.03,392,359,false,,Recycling
2025-02-04,Hostel B,Metal,1.19,392,359,false,,Recycling
2025-02-04,Hostel B,E-Waste,0.33,392,359,false,,Authorized Recycler
2025-02-04,Hostel B,Other,3.77,392,359,false,,Recycling
2025-02-04,Food Court,Food,42.29,622,538,false,,Composting
2025-02-04,Food Court,Plastic,14.59,622,538,false,,Recycling
2025-02-04,Food Court,Paper,5.86,622,538,false,,Recycling
2025-02-04,Food Court,Glass,3.97,622,538,false,,Recycling
2025-02-04,Food Court,Metal,1.34,622,538,false,,Recycling
2025-02-04,Food Court,E-Waste,0.24,622,538,false,,Authorized Recycler
2025-02-04,Food Court,Other,4.98,622,538,false,,Recycling
2025-02-04,Academic Block,Food,6.01,1248,1110,false,,Composting
2025-02-04,Academic Block,Plastic,7.02,1248,1110,false,,Recycling
2025-02-04,Academic Block,Paper,16.13,1248,1110,false,,Recycling
2025-02-04,Academic Block,Glass,1.15,1248,1110,false,,Recycling
2025-02-04,Academic Block,Metal,0.99,1248,1110,false,,Recycling
2025-02-04,Academic Block,E-Waste,1.28,1248,1110,false,,Authorized Recycler
2025-02-04,Academic Block,Other,5.68,1248,1110,false,,Recycling
2025-02-04,Administration,Food,2.93,161,151,false,,Composting
2025-02-04,Administration,Plastic,2.83,161,151,false,,Recycling
2025-02-04,Administration,Paper,9.41,161,151,false,,Recycling
2025-02-04,Administration,Glass,0.5,161,151,false,,Recycling
2025-02-04,Administration,Metal,0.79,161,151,false,,Recycling
2025-02-04,Administration,E-Waste,0.77,161,151,false,,Authorized Recycler
2025-02-04,Administration,Other,2.69,161,151,false,,Recycling
2025-02-05,Main Canteen,Food,58.05,908,934,false,,Composting
2025-02-05,Main Canteen,Plastic,13.38,908,934,false,,Recycling
2025-02-05,Main Canteen,Paper,7.77,908,934,false,,Recycling
2025-02-05,Main Canteen,Glass,3.01,908,934,false,,Recycling
2025-02-05,Main Canteen,Metal,2.24,908,934,false,,Recycling
2025-02-05,Main Canteen,E-Waste,0.56,908,934,false,,Authorized Recycler
2025-02-05,Main Canteen,Other,5.47,908,934,false,,Recycling
2025-02-05,Hostel A,Food,87.22,442,445,false,,Composting
2025-02-05,Hostel A,Plastic,10.15,442,445,false,,Recycling
2025-02-05,Hostel A,Paper,4.57,442,445,false,,Recycling
2025-02-05,Hostel A,Glass,2.37,442,445,false,,Recycling
2025-02-05,Hostel A,Metal,0.96,442,445,false,,Recycling
2025-02-05,Hostel A,E-Waste,0.91,442,445,false,,Authorized Recycler
2025-02-05,Hostel A,Other,4.59,442,445,false,,Recycling
2025-02-05,Hostel B,Food,32.75,432,419,false,,Composting
2025-02-05,Hostel B,Plastic,8.07,432,419,false,,Recycling
2025-02-05,Hostel B,Paper,3.97,432,419,false,,Recycling
2025-02-05,Hostel B,Glass,1.9,432,419,false,,Recycling
2025-02-05,Hostel B,Metal,1.04,432,419,false,,Recycling
2025-02-05,Hostel B,E-Waste,0.29,432,419,false,,Authorized Recycler
2025-02-05,Hostel B,Other,3.88,432,419,false,,Recycling
2025-02-05,Food Court,Food,46.94,596,593,false,,Composting
2025-02-05,Food Court,Plastic,15.33,596,593,false,,Recycling
2025-02-05,Food Court,Paper,6.62,596,593,false,,Recycling
2025-02-05,Food Court,Glass,4.2,596,593,false,,Recycling
2025-02-05,Food Court,Metal,1.35,596,593,false,,Recycling
2025-02-05,Food Court,E-Waste,0.2,596,593,false,,Authorized Recycler
2025-02-05,Food Court,Other,5.14,596,593,false,,Recycling
2025-02-05,Academic Block,Food,4.54,1177,1159,false,,Composting
2025-02-05,Academic Block,Plastic,5.39,1177,1159,false,,Recycling
2025-02-05,Academic Block,Paper,16.3,1177,1159,false,,Recycling
2025-02-05,Academic Block,Glass,1.17,1177,1159,false,,Recycling
2025-02-05,Academic Block,Metal,1.08,1177,1159,false,,Recycling
2025-02-05,Academic Block,E-Waste,1.36,1177,1159,false,,Authorized Recycler
2025-02-05,Academic Block,Other,4.9,1177,1159,false,,Recycling
2025-02-05,Administration,Food,3.1,150,145,false,,Composting
2025-02-05,Administration,Plastic,3.19,150,145,false,,Recycling
2025-02-05,Administration,Paper,9.11,150,145,false,,Recycling
2025-02-05,Administration,Glass,0.48,150,145,false,,Recycling
2025-02-05,Administration,Metal,0.72,150,145,false,,Recycling
2025-02-05,Administration,E-Waste,0.87,150,145,false,,Authorized Recycler
2025-02-05,Administration,Other,3.1,150,145,false,,Recycling
2025-02-06,Main Canteen,Food,57.58,834,875,false,,Composting
2025-02-06,Main Canteen,Plastic,12.33,834,875,false,,Recycling
2025-02-06,Main Canteen,Paper,9.57,834,875,false,,Recycling
2025-02-06,Main Canteen,Glass,2.7,834,875,false,,Recycling
2025-02-06,Main Canteen,Metal,2.11,834,875,false,,Recycling
2025-02-06,Main Canteen,E-Waste,0.46,834,875,false,,Authorized Recycler
2025-02-06,Main Canteen,Other,6.39,834,875,false,,Recycling
2025-02-06,Hostel A,Food,33.83,416,361,false,,Composting
2025-02-06,Hostel A,Plastic,9.15,416,361,false,,Recycling
2025-02-06,Hostel A,Paper,4.97,416,361,false,,Recycling
2025-02-06,Hostel A,Glass,1.97,416,361,false,,Recycling
2025-02-06,Hostel A,Metal,1.18,416,361,false,,Recycling
2025-02-06,Hostel A,E-Waste,0.34,416,361,false,,Authorized Recycler
2025-02-06,Hostel A,Other,3.63,416,361,false,,Recycling
2025-02-06,Hostel B,Food,29.76,412,394,false,,Composting
2025-02-06,Hostel B,Plastic,8.03,412,394,false,,Recycling
2025-02-06,Hostel B,Paper,3.84,412,394,false,,Recycling
2025-02-06,Hostel B,Glass,1.87,412,394,false,,Recycling
2025-02-06,Hostel B,Metal,1.06,412,394,false,,Recycling
2025-02-06,Hostel B,E-Waste,0.33,412,394,false,,Authorized Recycler
2025-02-06,Hostel B,Other,4.62,412,394,false,,Recycling
2025-02-06,Food Court,Food,37.68,640,560,false,,Composting
2025-02-06,Food Court,Plastic,17.94,640,560,false,,Recycling
2025-02-06,Food Court,Paper,7.01,640,560,false,,Recycling
2025-02-06,Food Court,Glass,4.77,640,560,false,,Recycling
2025-02-06,Food Court,Metal,1.75,640,560,false,,Recycling
2025-02-06,Food Court,E-Waste,0.22,640,560,false,,Authorized Recycler
2025-02-06,Food Court,Other,5.09,640,560,false,,Recycling
2025-02-06,Academic Block,Food,5.62,1267,1305,false,,Composting
2025-02-06,Academic Block,Plastic,6.94,1267,1305,false,,Recycling
2025-02-06,Academic Block,Paper,13.82,1267,1305,false,,Recycling
2025-02-06,Academic Block,Glass,0.99,1267,1305,false,,Recycling
2025-02-06,Academic Block,Metal,1.08,1267,1305,false,,Recycling
2025-02-06,Academic Block,E-Waste,1.26,1267,1305,false,,Authorized Recycler
2025-02-06,Academic Block,Other,5.69,1267,1305,false,,Recycling
2025-02-06,Administration,Food,3.45,138,121,false,,Composting
2025-02-06,Administration,Plastic,3.11,138,121,false,,Recycling
2025-02-06,Administration,Paper,10.3,138,121,false,,Recycling
2025-02-06,Administration,Glass,0.53,138,121,false,,Recycling
2025-02-06,Administration,Metal,0.88,138,121,false,,Recycling
2025-02-06,Administration,E-Waste,0.76,138,121,false,,Authorized Recycler
2025-02-06,Administration,Other,2.74,138,121,false,,Recycling
2025-02-07,Main Canteen,Food,98.74,938,941,true,,Composting
2025-02-07,Main Canteen,Plastic,20.89,938,941,true,,Recycling
2025-02-07,Main Canteen,Paper,18.55,938,941,true,,Recycling
2025-02-07,Main Canteen,Glass,5.63,938,941,true,,Recycling
2025-02-07,Main Canteen,Metal,4.18,938,941,true,,Recycling
2025-02-07,Main Canteen,E-Waste,1.07,938,941,true,,Authorized Recycler
2025-02-07,Main Canteen,Other,9.01,938,941,true,,Recycling
2025-02-07,Hostel A,Food,53.1,467,455,true,,Composting
2025-02-07,Hostel A,Plastic,17.98,467,455,true,,Recycling
2025-02-07,Hostel A,Paper,7.74,467,455,true,,Recycling
2025-02-07,Hostel A,Glass,4.69,467,455,true,,Recycling
2025-02-07,Hostel A,Metal,1.82,467,455,true,,Recycling
2025-02-07,Hostel A,E-Waste,0.55,467,455,true,,Authorized Recycler
2025-02-07,Hostel A,Other,22.46,467,455,true,,Recycling
2025-02-07,Hostel B,Food,53.12,415,372,true,,Composting
2025-02-07,Hostel B,Plastic,15.51,415,372,true,,Recycling
2025-02-07,Hostel B,Paper,7.09,415,372,true,,Recycling
2025-02-07,Hostel B,Glass,4.44,415,372,true,,Recycling
2025-02-07,Hostel B,Metal,2.09,415,372,true,,Recycling
2025-02-07,Hostel B,E-Waste,0.6,415,372,true,,Authorized Recycler
2025-02-07,Hostel B,Other,8.76,415,372,true,,Recycling
2025-02-07,Food Court,Food,90.81,597,622,true,,Composting
2025-02-07,Food Court,Plastic,28.14,597,622,true,,Recycling
2025-02-07,Food Court,Paper,12.15,597,622,true,,Recycling
2025-02-07,Food Court,Glass,8.5,597,622,true,,Recycling
2025-02-07,Food Court,Metal,2.39,597,622,true,,Recycling
2025-02-07,Food Court,E-Waste,0.36,597,622,true,,Authorized Recycler
2025-02-07,Food Court,Other,9.12,597,622,true,,Recycling
2025-02-07,Academic Block,Food,11.13,1154,1154,true,,Composting
2025-02-07,Academic Block,Plastic,9.7,1154,1154,true,,Recycling
2025-02-07,Academic Block,Paper,21.6,1154,1154,true,,Recycling
2025-02-07,Academic Block,Glass,1.95,1154,1154,true,,Recycling
2025-02-07,Academic Block,Metal,2.2,1154,1154,true,,Recycling
2025-02-07,Academic Block,E-Waste,2.12,1154,1154,true,,Authorized Recycler
2025-02-07,Academic Block,Other,8.62,1154,1154,true,,Recycling
2025-02-07,Administration,Food,7.16,145,133,true,,Composting
2025-02-07,Administration,Plastic,5.9,145,133,true,,Recycling
2025-02-07,Administration,Paper,19.29,145,133,true,,Recycling
2025-02-07,Administration,Glass,0.77,145,133,true,,Recycling
2025-02-07,Administration,Metal,1.36,145,133,true,,Recycling
2025-02-07,Administration,E-Waste,1.52,145,133,true,,Authorized Recycler
2025-02-07,Administration,Other,5.96,145,133,true,,Recycling
2025-02-08,Main Canteen,Food,47.59,662,658,false,,Composting
2025-02-08,Main Canteen,Plastic,8.13,662,658,false,,Recycling
2025-02-08,Main Canteen,Paper,6.29,662,658,false,,Recycling
2025-02-08,Main Canteen,Glass,2.53,662,658,false,,Recycling
2025-02-08,Main Canteen,Metal,1.71,662,658,false,,Recycling
2025-02-08,Main Canteen,E-Waste,0.38,662,658,false,,Authorized Recycler
2025-02-08,Main Canteen,Other,4.74,662,658,false,,Recycling
2025-02-08,Hostel A,Food,22.29,320,280,false,,Composting
2025-02-08,Hostel A,Plastic,7.1,320,280,false,,Recycling
2025-02-08,Hostel A,Paper,4.05,320,280,false,,Recycling
2025-02-08,Hostel A,Glass,1.67,320,280,false,,Recycling
2025-02-08,Hostel A,Metal,0.68,320,280,false,,Recycling
2025-02-08,Hostel A,E-Waste,0.22,320,280,false,,Authorized Recycler
2025-02-08,Hostel A,Other,3.5,320,280,false,,Recycling
2025-02-08,Hostel B,Food,23.36,312,297,false,,Composting
2025-02-08,Hostel B,Plastic,5.61,312,297,false,,Recycling
2025-02-08,Hostel B,Paper,2.77,312,297,false,,Recycling
2025-02-08,Hostel B,Glass,1.37,312,297,false,,Recycling
2025-02-08,Hostel B,Metal,0.87,312,297,false,,Recycling
2025-02-08,Hostel B,E-Waste,0.22,312,297,false,,Authorized Recycler
2025-02-08,Hostel B,Other,3.4,312,297,false,,Recycling
2025-02-08,Food Court,Food,29.93,435,413,false,,Composting
2025-02-08,Food Court,Plastic,10.43,435,413,false,,Recycling
2025-02-08,Food Court,Paper,5.27,435,413,false,,Recycling
2025-02-08,Food Court,Glass,3.25,435,413,false,,Recycling
2025-02-08,Food Court,Metal,1.17,435,413,false,,Recycling
2025-02-08,Food Court,E-Waste,0.18,435,413,false,,Authorized Recycler
2025-02-08,Food Court,Other,3.85,435,413,false,,Recycling
2025-02-08,Academic Block,Food,4.13,843,811,false,,Composting
2025-02-08,Academic Block,Plastic,4.19,843,811,false,,Recycling
2025-02-08,Academic Block,Paper,10.85,843,811,false,,Recycling
2025-02-08,Academic Block,Glass,0.8,843,811,false,,Recycling
2025-02-08,Academic Block,Metal,0.68,843,811,false,,Recycling
2025-02-08,Academic Block,E-Waste,1.02,843,811,false,,Authorized Recycler
2025-02-08,Academic Block,Other,4.35,843,811,false,,Recycling
2025-02-08,Administration,Food,2.29,112,108,false,,Composting
2025-02-08,Administration,Plastic,2.67,112,108,false,,Recycling
2025-02-08,Administration,Paper,8.65,112,108,false,,Recycling
2025-02-08,Administration,Glass,0.42,112,108,false,,Recycling
2025-02-08,Administration,Metal,0.56,112,108,false,,Recycling
2025-02-08,Administration,E-Waste,0.61,112,108,false,,Authorized Recycler
2025-02-08,Administration,Other,2.71,112,108,false,,Recycling
2025-02-09,Main Canteen,Food,43.01,697,595,false,,Composting
2025-02-09,Main Canteen,Plastic,9.74,697,595,false,,Recycling
2025-02-09,Main Canteen,Paper,5.58,697,595,false,,Recycling
2025-02-09,Main Canteen,Glass,2.33,697,595,false,,Recycling
2025-02-09,Main Canteen,Metal,1.75,697,595,false,,Recycling
2025-02-09,Main Canteen,E-Waste,0.41,697,595,false,,Authorized Recycler
2025-02-09,Main Canteen,Other,4.93,697,595,false,,Recycling
2025-02-09,Hostel A,Food,23.84,316,329,false,,Composting
2025-02-09,Hostel A,Plastic,6.82,316,329,false,,Recycling
2025-02-09,Hostel A,Paper,4.19,316,329,false,,Recycling
2025-02-09,Hostel A,Glass,1.44,316,329,false,,Recycling
2025-02-09,Hostel A,Metal,0.9,316,329,false,,Recycling
2025-02-09,Hostel A,E-Waste,0.27,316,329,false,,Authorized Recycler
2025-02-09,Hostel A,Other,3.64,316,329,false,,Recycling
2025-02-09,Hostel B,Food,19.95,330,311,false,,Composting
2025-02-09,Hostel B,Plastic,5.81,330,311,false,,Recycling
2025-02-09,Hostel B,Paper,2.86,330,311,false,,Recycling
2025-02-09,Hostel B,Glass,1.69,330,311,false,,Recycling
2025-02-09,Hostel B,Metal,0.73,330,311,false,,Recycling
2025-02-09,Hostel B,E-Waste,0.23,330,311,false,,Authorized Recycler
2025-02-09,Hostel B,Other,3.58,330,311,false,,Recycling
2025-02-09,Food Court,Food,35.41,437,454,false,,Composting
2025-02-09,Food Court,Plastic,10.59,437,454,false,,Recycling
2025-02-09,Food Court,Paper,5.26,437,454,false,,Recycling
2025-02-09,Food Court,Glass,3.55,437,454,false,,Recycling
2025-02-09,Food Court,Metal,1.25,437,454,false,,Recycling
2025-02-09,Food Court,E-Waste,0.14,437,454,false,,Authorized Recycler
2025-02-09,Food Court,Other,4.31,437,454,false,,Recycling
2025-02-09,Academic Block,Food,4.03,950,994,false,,Composting
2025-02-09,Academic Block,Plastic,5.33,950,994,false,,Recycling
2025-02-09,Academic Block,Paper,9.52,950,994,false,,Recycling
2025-02-09,Academic Block,Glass,0.77,950,994,false,,Recycling
2025-02-09,Academic Block,Metal,0.8,950,994,false,,Recycling
2025-02-09,Academic Block,E-Waste,0.96,950,994,false,,Authorized Recycler
2025-02-09,Academic Block,Other,3.38,950,994,false,,Recycling
2025-02-09,Administration,Food,2.51,105,108,false,,Composting
2025-02-09,Administration,Plastic,2.53,105,108,false,,Recycling
2025-02-09,Administration,Paper,8.7,105,108,false,,Recycling
2025-02-09,Administration,Glass,0.44,105,108,false,,Recycling
2025-02-09,Administration,Metal,0.7,105,108,false,,Recycling
2025-02-09,Administration,E-Waste,1.37,105,108,false,,Authorized Recycler
2025-02-09,Administration,Other,2.2,105,108,false,,Recycling
2025-02-10,Main Canteen,Food,59.32,965,874,false,,Composting
2025-02-10,Main Canteen,Plastic,13.15,965,874,false,,Recycling
2025-02-10,Main Canteen,Paper,7.61,965,874,false,,Recycling
2025-02-10,Main Canteen,Glass,3.54,965,874,false,,Recycling
2025-02-10,Main Canteen,Metal,2.34,965,874,false,,Recycling
2025-02-10,Main Canteen,E-Waste,0.45,965,874,false,,Authorized Recycler
2025-02-10,Main Canteen,Other,5.97,965,874,false,,Recycling
2025-02-10,Hostel A,Food,35.42,436,410,false,,Composting
2025-02-10,Hostel A,Plastic,8.53,436,410,false,,Recycling
2025-02-10,Hostel A,Paper,4.98,436,410,false,,Recycling
2025-02-10,Hostel A,Glass,1.84,436,410,false,,Recycling
2025-02-10,Hostel A,Metal,1.15,436,410,false,,Recycling
2025-02-10,Hostel A,E-Waste,0.29,436,410,false,,Authorized Recycler
2025-02-10,Hostel A,Other,4.75,436,410,false,,Recycling
2025-02-10,Hostel B,Food,27.64,420,408,false,,Composting
2025-02-10,Hostel B,Plastic,9.06,420,408,false,,Recycling
2025-02-10,Hostel B,Paper,4.43,420,408,false,,Recycling
2025-02-10,Hostel B,Glass,2.38,420,408,false,,Recycling
2025-02-10,Hostel B,Metal,1.18,420,408,false,,Recycling
2025-02-10,Hostel B,E-Waste,0.33,420,408,false,,Authorized Recycler
2025-02-10,Hostel B,Other,4.15,420,408,false,,Recycling
2025-02-10,Food Court,Food,43.79,618,563,false,,Composting
2025-02-10,Food Court,Plastic,14.26,618,563,false,,Recycling
2025-02-10,Food Court,Paper,6.34,618,563,false,,Recycling
2025-02-10,Food Court,Glass,3.7,618,563,false,,Recycling
2025-02-10,Food Court,Metal,1.56,618,563,false,,Recycling
2025-02-10,Food Court,E-Waste,0.22,618,563,false,,Authorized Recycler
2025-02-10,Food Court,Other,4.99,618,563,false,,Recycling
2025-02-10,Academic Block,Food,5.14,1217,1248,false,,Composting
2025-02-10,Academic Block,Plastic,6.63,1217,1248,false,,Recycling
2025-02-10,Academic Block,Paper,16.88,1217,1248,false,,Recycling
2025-02-10,Academic Block,Glass,0.96,1217,1248,false,,Recycling
2025-02-10,Academic Block,Metal,1.03,1217,1248,false,,Recycling
2025-02-10,Academic Block,E-Waste,1.41,1217,1248,false,,Authorized Recycler
2025-02-10,Academic Block,Other,4.94,1217,1248,false,,Recycling
2025-02-10,Administration,Food,3.34,161,156,false,,Composting
2025-02-10,Administration,Plastic,2.73,161,156,false,,Recycling
2025-02-10,Administration,Paper,10.89,161,156,false,,Recycling
2025-02-10,Administration,Glass,0.56,161,156,false,,Recycling
2025-02-10,Administration,Metal,0.92,161,156,false,,Recycling
2025-02-10,Administration,E-Waste,0.89,161,156,false,,Authorized Recycler
2025-02-10,Administration,Other,2.92,161,156,false,,Recycling
2025-02-11,Main Canteen,Food,58.59,949,926,false,,Composting
2025-02-11,Main Canteen,Plastic,13.36,949,926,false,,Recycling
2025-02-11,Main Canteen,Paper,8.66,949,926,false,,Recycling
2025-02-11,Main Canteen,Glass,3.14,949,926,false,,Recycling
2025-02-11,Main Canteen,Metal,2,949,926,false,,Recycling
2025-02-11,Main Canteen,E-Waste,0.5,949,926,false,,Authorized Recycler
2025-02-11,Main Canteen,Other,7.02,949,926,false,,Recycling
2025-02-11,Hostel A,Food,30.19,450,426,false,,Composting
2025-02-11,Hostel A,Plastic,10.96,450,426,false,,Recycling
2025-02-11,Hostel A,Paper,5.43,450,426,false,,Recycling
2025-02-11,Hostel A,Glass,1.82,450,426,false,,Recycling
2025-02-11,Hostel A,Metal,0.98,450,426,false,,Recycling
2025-02-11,Hostel A,E-Waste,0.35,450,426,false,,Authorized Recycler
2025-02-11,Hostel A,Other,4.52,450,426,false,,Recycling
2025-02-11,Hostel B,Food,31.45,449,413,false,,Composting
2025-02-11,Hostel B,Plastic,9.08,449,413,false,,Recycling
2025-02-11,Hostel B,Paper,4.1,449,413,false,,Recycling
2025-02-11,Hostel B,Glass,2.06,449,413,false,,Recycling
2025-02-11,Hostel B,Metal,1.03,449,413,false,,Recycling
2025-02-11,Hostel B,E-Waste,0.36,449,413,false,,Authorized Recycler
2025-02-11,Hostel B,Other,4.03,449,413,false,,Recycling
2025-02-11,Food Court,Food,47.98,558,576,false,,Composting
2025-02-11,Food Court,Plastic,17.36,558,576,false,,Recycling
2025-02-11,Food Court,Paper,5.51,558,576,false,,Recycling
2025-02-11,Food Court,Glass,4.49,558,576,false,,Recycling
2025-02-11,Food Court,Metal,1.43,558,576,false,,Recycling
2025-02-11,Food Court,E-Waste,0.22,558,576,false,,Authorized Recycler
2025-02-11,Food Court,Other,5.4,558,576,false,,Recycling
2025-02-11,Academic Block,Food,5.03,1241,1289,false,,Composting
2025-02-11,Academic Block,Plastic,7.05,1241,1289,false,,Recycling
2025-02-11,Academic Block,Paper,16.31,1241,1289,false,,Recycling
2025-02-11,Academic Block,Glass,0.99,1241,1289,false,,Recycling
2025-02-11,Academic Block,Metal,1.2,1241,1289,false,,Recycling
2025-02-11,Academic Block,E-Waste,1.39,1241,1289,false,,Authorized Recycler
2025-02-11,Academic Block,Other,5.95,1241,1289,false,,Recycling
2025-02-11,Administration,Food,2.72,140,133,false,,Composting
2025-02-11,Administration,Plastic,3.19,140,133,false,,Recycling
2025-02-11,Administration,Paper,11.23,140,133,false,,Recycling
2025-02-11,Administration,Glass,0.57,140,133,false,,Recycling
2025-02-11,Administration,Metal,0.83,140,133,false,,Recycling
2025-02-11,Administration,E-Waste,0.74,140,133,false,,Authorized Recycler
2025-02-11,Administration,Other,3.08,140,133,false,,Recycling
2025-02-12,Main Canteen,Food,59.16,832,845,false,,Composting
2025-02-12,Main Canteen,Plastic,11.74,832,845,false,,Recycling
2025-02-12,Main Canteen,Paper,8.78,832,845,false,,Recycling
2025-02-12,Main Canteen,Glass,3.14,832,845,false,,Recycling
2025-02-12,Main Canteen,Metal,2.2,832,845,false,,Recycling
2025-02-12,Main Canteen,E-Waste,0.53,832,845,false,,Authorized Recycler
2025-02-12,Main Canteen,Other,16.49,832,845,false,,Recycling
2025-02-12,Hostel A,Food,30.88,480,415,false,,Composting
2025-02-12,Hostel A,Plastic,8.53,480,415,false,,Recycling
2025-02-12,Hostel A,Paper,5.32,480,415,false,,Recycling
2025-02-12,Hostel A,Glass,1.95,480,415,false,,Recycling
2025-02-12,Hostel A,Metal,1.2,480,415,false,,Recycling
2025-02-12,Hostel A,E-Waste,0.29,480,415,false,,Authorized Recycler
2025-02-12,Hostel A,Other,3.97,480,415,false,,Recycling
2025-02-12,Hostel B,Food,27.98,435,396,false,,Composting
2025-02-12,Hostel B,Plastic,9.46,435,396,false,,Recycling
2025-02-12,Hostel B,Paper,4.68,435,396,false,,Recycling
2025-02-12,Hostel B,Glass,1.93,435,396,false,,Recycling
2025-02-12,Hostel B,Metal,1.02,435,396,false,,Recycling
2025-02-12,Hostel B,E-Waste,0.33,435,396,false,,Authorized Recycler
2025-02-12,Hostel B,Other,3.84,435,396,false,,Recycling
2025-02-12,Food Court,Food,40.76,556,584,false,,Composting
2025-02-12,Food Court,Plastic,16.41,556,584,false,,Recycling
2025-02-12,Food Court,Paper,5.95,556,584,false,,Recycling
2025-02-12,Food Court,Glass,4.18,556,584,false,,Recycling
2025-02-12,Food Court,Metal,1.73,556,584,false,,Recycling
2025-02-12,Food Court,E-Waste,0.21,556,584,false,,Authorized Recycler
2025-02-12,Food Court,Other,4.82,556,584,false,,Recycling
2025-02-12,Academic Block,Food,5.66,1120,1001,false,,Composting
2025-02-12,Academic Block,Plastic,7.18,1120,1001,false,,Recycling
2025-02-12,Academic Block,Paper,16.27,1120,1001,false,,Recycling
2025-02-12,Academic Block,Glass,1.09,1120,1001,false,,Recycling
2025-02-12,Academic Block,Metal,1.21,1120,1001,false,,Recycling
2025-02-12,Academic Block,E-Waste,1.2,1120,1001,false,,Authorized Recycler
2025-02-12,Academic Block,Other,5.07,1120,1001,false,,Recycling
2025-02-12,Administration,Food,3.58,154,138,false,,Composting
2025-02-12,Administration,Plastic,3.01,154,138,false,,Recycling
2025-02-12,Administration,Paper,10.28,154,138,false,,Recycling
2025-02-12,Administration,Glass,0.6,154,138,false,,Recycling
2025-02-12,Administration,Metal,0.93,154,138,false,,Recycling
2025-02-12,Administration,E-Waste,0.83,154,138,false,,Authorized Recycler
2025-02-12,Administration,Other,3.42,154,138,false,,Recycling
2025-02-13,Main Canteen,Food,51.6,859,898,false,,Composting
2025-02-13,Main Canteen,Plastic,13.34,859,898,false,,Recycling
2025-02-13,Main Canteen,Paper,9.33,859,898,false,,Recycling
2025-02-13,Main Canteen,Glass,3.46,859,898,false,,Recycling
2025-02-13,Main Canteen,Metal,2.44,859,898,false,,Recycling
2025-02-13,Main Canteen,E-Waste,0.61,859,898,false,,Authorized Recycler
2025-02-13,Main Canteen,Other,6.92,859,898,false,,Recycling
2025-02-13,Hostel A,Food,27.16,421,395,false,,Composting
2025-02-13,Hostel A,Plastic,9.4,421,395,false,,Recycling
2025-02-13,Hostel A,Paper,5.01,421,395,false,,Recycling
2025-02-13,Hostel A,Glass,1.97,421,395,false,,Recycling
2025-02-13,Hostel A,Metal,0.93,421,395,false,,Recycling
2025-02-13,Hostel A,E-Waste,0.36,421,395,false,,Authorized Recycler
2025-02-13,Hostel A,Other,3.67,421,395,false,,Recycling
2025-02-13,Hostel B,Food,28.6,390,365,false,,Composting
2025-02-13,Hostel B,Plastic,9.04,390,365,false,,Recycling
2025-02-13,Hostel B,Paper,4.5,390,365,false,,Recycling
2025-02-13,Hostel B,Glass,2.37,390,365,false,,Recycling
2025-02-13,Hostel B,Metal,1.09,390,365,false,,Recycling
2025-02-13,Hostel B,E-Waste,0.3,390,365,false,,Authorized Recycler
2025-02-13,Hostel B,Other,4.68,390,365,false,,Recycling
2025-02-13,Food Court,Food,39.44,554,486,false,,Composting
2025-02-13,Food Court,Plastic,16.21,554,486,false,,Recycling
2025-02-13,Food Court,Paper,6.06,554,486,false,,Recycling
2025-02-13,Food Court,Glass,4.71,554,486,false,,Recycling
2025-02-13,Food Court,Metal,1.54,554,486,false,,Recycling
2025-02-13,Food Court,E-Waste,0.24,554,486,false,,Authorized Recycler
2025-02-13,Food Court,Other,5.24,554,486,false,,Recycling
2025-02-13,Academic Block,Food,5.99,1225,1141,false,,Composting
2025-02-13,Academic Block,Plastic,6.13,1225,1141,false,,Recycling
2025-02-13,Academic Block,Paper,15.59,1225,1141,false,,Recycling
2025-02-13,Academic Block,Glass,1.18,1225,1141,false,,Recycling
2025-02-13,Academic Block,Metal,1.2,1225,1141,false,,Recycling
2025-02-13,Academic Block,E-Waste,1.38,1225,1141,false,,Authorized Recycler
2025-02-13,Academic Block,Other,4.56,1225,1141,false,,Recycling
2025-02-13,Administration,Food,3.04,150,146,false,,Composting
2025-02-13,Administration,Plastic,3.42,150,146,false,,Recycling
2025-02-13,Administration,Paper,10.31,150,146,false,,Recycling
2025-02-13,Administration,Glass,1.37,150,146,false,,Recycling
2025-02-13,Administration,Metal,0.83,150,146,false,,Recycling
2025-02-13,Administration,E-Waste,0.88,150,146,false,,Authorized Recycler
2025-02-13,Administration,Other,3.32,150,146,false,,Recycling
2025-02-14,Main Canteen,Food,54.49,850,804,false,,Composting
2025-02-14,Main Canteen,Plastic,14.36,850,804,false,,Recycling
2025-02-14,Main Canteen,Paper,9.77,850,804,false,,Recycling
2025-02-14,Main Canteen,Glass,2.85,850,804,false,,Recycling
2025-02-14,Main Canteen,Metal,1.93,850,804,false,,Recycling
2025-02-14,Main Canteen,E-Waste,0.49,850,804,false,,Authorized Recycler
2025-02-14,Main Canteen,Other,6.49,850,804,false,,Recycling
2025-02-14,Hostel A,Food,30.01,470,412,false,,Composting
2025-02-14,Hostel A,Plastic,10.58,470,412,false,,Recycling
2025-02-14,Hostel A,Paper,4.59,470,412,false,,Recycling
2025-02-14,Hostel A,Glass,2.09,470,412,false,,Recycling
2025-02-14,Hostel A,Metal,1.02,470,412,false,,Recycling
2025-02-14,Hostel A,E-Waste,0.3,470,412,false,,Authorized Recycler
2025-02-14,Hostel A,Other,3.64,470,412,false,,Recycling
2025-02-14,Hostel B,Food,32.98,414,394,false,,Composting
2025-02-14,Hostel B,Plastic,8.16,414,394,false,,Recycling
2025-02-14,Hostel B,Paper,4.06,414,394,false,,Recycling
2025-02-14,Hostel B,Glass,1.86,414,394,false,,Recycling
2025-02-14,Hostel B,Metal,1.16,414,394,false,,Recycling
2025-02-14,Hostel B,E-Waste,0.32,414,394,false,,Authorized Recycler
2025-02-14,Hostel B,Other,4,414,394,false,,Recycling
2025-02-14,Food Court,Food,38.55,618,580,false,,Composting
2025-02-14,Food Court,Plastic,17.61,618,580,false,,Recycling
2025-02-14,Food Court,Paper,6.07,618,580,false,,Recycling
2025-02-14,Food Court,Glass,4.59,618,580,false,,Recycling
2025-02-14,Food Court,Metal,1.38,618,580,false,,Recycling
2025-02-14,Food Court,E-Waste,0.19,618,580,false,,Authorized Recycler
2025-02-14,Food Court,Other,5.39,618,580,false,,Recycling
2025-02-14,Academic Block,Food,4.96,1147,1044,false,,Composting
2025-02-14,Academic Block,Plastic,7.11,1147,1044,false,,Recycling
2025-02-14,Academic Block,Paper,16,1147,1044,false,,Recycling
2025-02-14,Academic Block,Glass,0.98,1147,1044,false,,Recycling
2025-02-14,Academic Block,Metal,0.93,1147,1044,false,,Recycling
2025-02-14,Academic Block,E-Waste,1.44,1147,1044,false,,Authorized Recycler
2025-02-14,Academic Block,Other,4.98,1147,1044,false,,Recycling
2025-02-14,Administration,Food,2.79,150,143,false,,Composting
2025-02-14,Administration,Plastic,3.46,150,143,false,,Recycling
2025-02-14,Administration,Paper,10.59,150,143,false,,Recycling
2025-02-14,Administration,Glass,0.54,150,143,false,,Recycling
2025-02-14,Administration,Metal,0.73,150,143,false,,Recycling
2025-02-14,Administration,E-Waste,0.81,150,143,false,,Authorized Recycler
2025-02-14,Administration,Other,3.39,150,143,false,,Recycling
2025-02-15,Main Canteen,Food,42.6,664,672,false,,Composting
2025-02-15,Main Canteen,Plastic,10.58,664,672,false,,Recycling
2025-02-15,Main Canteen,Paper,5.82,664,672,false,,Recycling
2025-02-15,Main Canteen,Glass,2.04,664,672,false,,Recycling
2025-02-15,Main Canteen,Metal,1.5,664,672,false,,Recycling
2025-02-15,Main Canteen,E-Waste,0.43,664,672,false,,Authorized Recycler
2025-02-15,Main Canteen,Other,12.12,664,672,false,,Recycling
2025-02-15,Hostel A,Food,22.28,316,296,false,,Composting
2025-02-15,Hostel A,Plastic,7.14,316,296,false,,Recycling
2025-02-15,Hostel A,Paper,3.6,316,296,false,,Recycling
2025-02-15,Hostel A,Glass,1.65,316,296,false,,Recycling
2025-02-15,Hostel A,Metal,0.69,316,296,false,,Recycling
2025-02-15,Hostel A,E-Waste,0.24,316,296,false,,Authorized Recycler
2025-02-15,Hostel A,Other,3.64,316,296,false,,Recycling
2025-02-15,Hostel B,Food,20.77,292,250,false,,Composting
2025-02-15,Hostel B,Plastic,6.64,292,250,false,,Recycling
2025-02-15,Hostel B,Paper,3.51,292,250,false,,Recycling
2025-02-15,Hostel B,Glass,1.82,292,250,false,,Recycling
2025-02-15,Hostel B,Metal,0.91,292,250,false,,Recycling
2025-02-15,Hostel B,E-Waste,0.25,292,250,false,,Authorized Recycler
2025-02-15,Hostel B,Other,3.55,292,250,false,,Recycling
2025-02-15,Food Court,Food,27.35,433,417,false,,Composting
2025-02-15,Food Court,Plastic,11.36,433,417,false,,Recycling
2025-02-15,Food Court,Paper,5.38,433,417,false,,Recycling
2025-02-15,Food Court,Glass,2.81,433,417,false,,Recycling
2025-02-15,Food Court,Metal,1.26,433,417,false,,Recycling
2025-02-15,Food Court,E-Waste,0.15,433,417,false,,Authorized Recycler
2025-02-15,Food Court,Other,8.83,433,417,false,,Recycling
2025-02-15,Academic Block,Food,3.98,892,844,false,,Composting
2025-02-15,Academic Block,Plastic,4.14,892,844,false,,Recycling
2025-02-15,Academic Block,Paper,9.63,892,844,false,,Recycling
2025-02-15,Academic Block,Glass,0.7,892,844,false,,Recycling
2025-02-15,Academic Block,Metal,0.7,892,844,false,,Recycling
2025-02-15,Academic Block,E-Waste,0.83,892,844,false,,Authorized Recycler
2025-02-15,Academic Block,Other,3.72,892,844,false,,Recycling
2025-02-15,Administration,Food,2.65,111,105,false,,Composting
2025-02-15,Administration,Plastic,2.26,111,105,false,,Recycling
2025-02-15,Administration,Paper,7.8,111,105,false,,Recycling
2025-02-15,Administration,Glass,0.43,111,105,false,,Recycling
2025-02-15,Administration,Metal,0.65,111,105,false,,Recycling
2025-02-15,Administration,E-Waste,0.62,111,105,false,,Authorized Recycler
2025-02-15,Administration,Other,2.08,111,105,false,,Recycling
2025-02-16,Main Canteen,Food,47.14,661,585,false,,Composting
2025-02-16,Main Canteen,Plastic,8.61,661,585,false,,Recycling
2025-02-16,Main Canteen,Paper,5.55,661,585,false,,Recycling
2025-02-16,Main Canteen,Glass,2.55,661,585,false,,Recycling
2025-02-16,Main Canteen,Metal,1.53,661,585,false,,Recycling
2025-02-16,Main Canteen,E-Waste,0.45,661,585,false,,Authorized Recycler
2025-02-16,Main Canteen,Other,5.06,661,585,false,,Recycling
2025-02-16,Hostel A,Food,23.28,363,341,false,,Composting
2025-02-16,Hostel A,Plastic,8.23,363,341,false,,Recycling
2025-02-16,Hostel A,Paper,3.86,363,341,false,,Recycling
2025-02-16,Hostel A,Glass,1.71,363,341,false,,Recycling
2025-02-16,Hostel A,Metal,0.9,363,341,false,,Recycling
2025-02-16,Hostel A,E-Waste,0.27,363,341,false,,Authorized Recycler
2025-02-16,Hostel A,Other,2.97,363,341,false,,Recycling
2025-02-16,Hostel B,Food,24.59,333,326,false,,Composting
2025-02-16,Hostel B,Plastic,6.09,333,326,false,,Recycling
2025-02-16,Hostel B,Paper,2.84,333,326,false,,Recycling
2025-02-16,Hostel B,Glass,1.61,333,326,false,,Recycling
2025-02-16,Hostel B,Metal,0.75,333,326,false,,Recycling
2025-02-16,Hostel B,E-Waste,0.21,333,326,false,,Authorized Recycler
2025-02-16,Hostel B,Other,3.04,333,326,false,,Recycling
2025-02-16,Food Court,Food,36.44,448,398,false,,Composting
2025-02-16,Food Court,Plastic,12.29,448,398,false,,Recycling
2025-02-16,Food Court,Paper,4.36,448,398,false,,Recycling
2025-02-16,Food Court,Glass,2.91,448,398,false,,Recycling
2025-02-16,Food Court,Metal,1.23,448,398,false,,Recycling
2025-02-16,Food Court,E-Waste,0.17,448,398,false,,Authorized Recycler
2025-02-16,Food Court,Other,3.51,448,398,false,,Recycling
2025-02-16,Academic Block,Food,4.13,928,941,false,,Composting
2025-02-16,Academic Block,Plastic,5.49,928,941,false,,Recycling
2025-02-16,Academic Block,Paper,10.36,928,941,false,,Recycling
2025-02-16,Academic Block,Glass,0.91,928,941,false,,Recycling
2025-02-16,Academic Block,Metal,0.72,928,941,false,,Recycling
2025-02-16,Academic Block,E-Waste,0.98,928,941,false,,Authorized Recycler
2025-02-16,Academic Block,Other,3.65,928,941,false,,Recycling
2025-02-16,Administration,Food,2.75,104,98,false,,Composting
2025-02-16,Administration,Plastic,2.52,104,98,false,,Recycling
2025-02-16,Administration,Paper,8.98,104,98,false,,Recycling
2025-02-16,Administration,Glass,0.44,104,98,false,,Recycling
2025-02-16,Administration,Metal,0.67,104,98,false,,Recycling
2025-02-16,Administration,E-Waste,0.56,104,98,false,,Authorized Recycler
2025-02-16,Administration,Other,2.37,104,98,false,,Recycling
2025-02-17,Main Canteen,Food,66.26,905,900,false,,Composting
2025-02-17,Main Canteen,Plastic,11.61,905,900,false,,Recycling
2025-02-17,Main Canteen,Paper,8.88,905,900,false,,Recycling
2025-02-17,Main Canteen,Glass,3.45,905,900,false,,Recycling
2025-02-17,Main Canteen,Metal,2.04,905,900,false,,Recycling
2025-02-17,Main Canteen,E-Waste,0.5,905,900,false,,Authorized Recycler
2025-02-17,Main Canteen,Other,7.19,905,900,false,,Recycling
2025-02-17,Hostel A,Food,34.8,433,391,false,,Composting
2025-02-17,Hostel A,Plastic,10.24,433,391,false,,Recycling
2025-02-17,Hostel A,Paper,5.02,433,391,false,,Recycling
2025-02-17,Hostel A,Glass,2.15,433,391,false,,Recycling
2025-02-17,Hostel A,Metal,1.07,433,391,false,,Recycling
2025-02-17,Hostel A,E-Waste,0.35,433,391,false,,Authorized Recycler
2025-02-17,Hostel A,Other,4.65,433,391,false,,Recycling
2025-02-17,Hostel B,Food,34.41,429,411,false,,Composting
2025-02-17,Hostel B,Plastic,9.7,429,411,false,,Recycling
2025-02-17,Hostel B,Paper,4.18,429,411,false,,Recycling
2025-02-17,Hostel B,Glass,2.03,429,411,false,,Recycling
2025-02-17,Hostel B,Metal,1.01,429,411,false,,Recycling
2025-02-17,Hostel B,E-Waste,0.29,429,411,false,,Authorized Recycler
2025-02-17,Hostel B,Other,3.77,429,411,false,,Recycling
2025-02-17,Food Court,Food,40.12,574,538,false,,Composting
2025-02-17,Food Court,Plastic,16.72,574,538,false,,Recycling
2025-02-17,Food Court,Paper,5.5,574,538,false,,Recycling
2025-02-17,Food Court,Glass,3.7,574,538,false,,Recycling
2025-02-17,Food Court,Metal,1.5,574,538,false,,Recycling
2025-02-17,Food Court,E-Waste,0.18,574,538,false,,Authorized Recycler
2025-02-17,Food Court,Other,5.82,574,538,false,,Recycling
2025-02-17,Academic Block,Food,5.49,1172,1102,false,,Composting
2025-02-17,Academic Block,Plastic,7.12,1172,1102,false,,Recycling
2025-02-17,Academic Block,Paper,13.63,1172,1102,false,,Recycling
2025-02-17,Academic Block,Glass,0.92,1172,1102,false,,Recycling
2025-02-17,Academic Block,Metal,1.1,1172,1102,false,,Recycling
2025-02-17,Academic Block,E-Waste,1.15,1172,1102,false,,Authorized Recycler
2025-02-17,Academic Block,Other,5.61,1172,1102,false,,Recycling
2025-02-17,Administration,Food,3.24,145,141,false,,Composting
2025-02-17,Administration,Plastic,3.55,145,141,false,,Recycling
2025-02-17,Administration,Paper,10.21,145,141,false,,Recycling
2025-02-17,Administration,Glass,0.56,145,141,false,,Recycling
2025-02-17,Administration,Metal,0.97,145,141,false,,Recycling
2025-02-17,Administration,E-Waste,0.74,145,141,false,,Authorized Recycler
2025-02-17,Administration,Other,3.62,145,141,false,,Recycling
2025-02-18,Main Canteen,Food,63.13,859,731,false,,Composting
2025-02-18,Main Canteen,Plastic,13.3,859,731,false,,Recycling
2025-02-18,Main Canteen,Paper,7.41,859,731,false,,Recycling
2025-02-18,Main Canteen,Glass,3.46,859,731,false,,Recycling
2025-02-18,Main Canteen,Metal,1.87,859,731,false,,Recycling
2025-02-18,Main Canteen,E-Waste,0.58,859,731,false,,Authorized Recycler
2025-02-18,Main Canteen,Other,6.28,859,731,false,,Recycling
2025-02-18,Hostel A,Food,33.92,459,394,false,,Composting
2025-02-18,Hostel A,Plastic,8.44,459,394,false,,Recycling
2025-02-18,Hostel A,Paper,5.55,459,394,false,,Recycling
2025-02-18,Hostel A,Glass,1.92,459,394,false,,Recycling
2025-02-18,Hostel A,Metal,0.93,459,394,false,,Recycling
2025-02-18,Hostel A,E-Waste,0.31,459,394,false,,Authorized Recycler
2025-02-18,Hostel A,Other,4.29,459,394,false,,Recycling
2025-02-18,Hostel B,Food,27.7,434,395,false,,Composting
2025-02-18,Hostel B,Plastic,7.46,434,395,false,,Recycling
2025-02-18,Hostel B,Paper,4.09,434,395,false,,Recycling
2025-02-18,Hostel B,Glass,2.17,434,395,false,,Recycling
2025-02-18,Hostel B,Metal,0.97,434,395,false,,Recycling
2025-02-18,Hostel B,E-Waste,0.3,434,395,false,,Authorized Recycler
2025-02-18,Hostel B,Other,4.43,434,395,false,,Recycling
2025-02-18,Food Court,Food,48.31,568,494,false,,Composting
2025-02-18,Food Court,Plastic,17.41,568,494,false,,Recycling
2025-02-18,Food Court,Paper,6.18,568,494,false,,Recycling
2025-02-18,Food Court,Glass,4.33,568,494,false,,Recycling
2025-02-18,Food Court,Metal,1.55,568,494,false,,Recycling
2025-02-18,Food Court,E-Waste,0.19,568,494,false,,Authorized Recycler
2025-02-18,Food Court,Other,5.3,568,494,false,,Recycling
2025-02-18,Academic Block,Food,5.76,1248,1239,false,,Composting
2025-02-18,Academic Block,Plastic,5.56,1248,1239,false,,Recycling
2025-02-18,Academic Block,Paper,13.77,1248,1239,false,,Recycling
2025-02-18,Academic Block,Glass,1.1,1248,1239,false,,Recycling
2025-02-18,Academic Block,Metal,1.11,1248,1239,false,,Recycling
2025-02-18,Academic Block,E-Waste,1.15,1248,1239,false,,Authorized Recycler
2025-02-18,Academic Block,Other,6.12,1248,1239,false,,Recycling
2025-02-18,Administration,Food,3.52,151,137,false,,Composting
2025-02-18,Administration,Plastic,2.97,151,137,false,,Recycling
2025-02-18,Administration,Paper,9.4,151,137,false,,Recycling
2025-02-18,Administration,Glass,0.55,151,137,false,,Recycling
2025-02-18,Administration,Metal,0.91,151,137,false,,Recycling
2025-02-18,Administration,E-Waste,0.89,151,137,false,,Authorized Recycler
2025-02-18,Administration,Other,3.51,151,137,false,,Recycling
2025-02-19,Main Canteen,Food,59.33,936,865,false,,Composting
2025-02-19,Main Canteen,Plastic,14,936,865,false,,Recycling
2025-02-19,Main Canteen,Paper,8.99,936,865,false,,Recycling
2025-02-19,Main Canteen,Glass,2.78,936,865,false,,Recycling
2025-02-19,Main Canteen,Metal,2.39,936,865,false,,Recycling
2025-02-19,Main Canteen,E-Waste,0.58,936,865,false,,Authorized Recycler
2025-02-19,Main Canteen,Other,6.58,936,865,false,,Recycling
2025-02-19,Hostel A,Food,31.61,442,387,false,,Composting
2025-02-19,Hostel A,Plastic,9.43,442,387,false,,Recycling
2025-02-19,Hostel A,Paper,5.66,442,387,false,,Recycling
2025-02-19,Hostel A,Glass,2.46,442,387,false,,Recycling
2025-02-19,Hostel A,Metal,1.21,442,387,false,,Recycling
2025-02-19,Hostel A,E-Waste,0.28,442,387,false,,Authorized Recycler
2025-02-19,Hostel A,Other,4.61,442,387,false,,Recycling
2025-02-19,Hostel B,Food,33.67,415,373,false,,Composting
2025-02-19,Hostel B,Plastic,7.42,415,373,false,,Recycling
2025-02-19,Hostel B,Paper,3.96,415,373,false,,Recycling
2025-02-19,Hostel B,Glass,2.14,415,373,false,,Recycling
2025-02-19,Hostel B,Metal,0.99,415,373,false,,Recycling
2025-02-19,Hostel B,E-Waste,0.34,415,373,false,,Authorized Recycler
2025-02-19,Hostel B,Other,3.9,415,373,false,,Recycling
2025-02-19,Food Court,Food,38.88,612,581,false,,Composting
2025-02-19,Food Court,Plastic,15.24,612,581,false,,Recycling
2025-02-19,Food Court,Paper,6.58,612,581,false,,Recycling
2025-02-19,Food Court,Glass,4.91,612,581,false,,Recycling
2025-02-19,Food Court,Metal,1.48,612,581,false,,Recycling
2025-02-19,Food Court,E-Waste,0.21,612,581,false,,Authorized Recycler
2025-02-19,Food Court,Other,5.25,612,581,false,,Recycling
2025-02-19,Academic Block,Food,5.25,1147,1190,false,,Composting
2025-02-19,Academic Block,Plastic,7.15,1147,1190,false,,Recycling
2025-02-19,Academic Block,Paper,15.75,1147,1190,false,,Recycling
2025-02-19,Academic Block,Glass,0.92,1147,1190,false,,Recycling
2025-02-19,Academic Block,Metal,1.12,1147,1190,false,,Recycling
2025-02-19,Academic Block,E-Waste,1.43,1147,1190,false,,Authorized Recycler
2025-02-19,Academic Block,Other,5.32,1147,1190,false,,Recycling
2025-02-19,Administration,Food,2.9,139,141,false,,Composting
2025-02-19,Administration,Plastic,2.88,139,141,false,,Recycling
2025-02-19,Administration,Paper,10.62,139,141,false,,Recycling
2025-02-19,Administration,Glass,0.6,139,141,false,,Recycling
2025-02-19,Administration,Metal,0.82,139,141,false,,Recycling
2025-02-19,Administration,E-Waste,0.78,139,141,false,,Authorized Recycler
2025-02-19,Administration,Other,3.15,139,141,false,,Recycling
2025-02-20,Main Canteen,Food,60.78,895,785,false,,Composting
2025-02-20,Main Canteen,Plastic,11.12,895,785,false,,Recycling
2025-02-20,Main Canteen,Paper,9.32,895,785,false,,Recycling
2025-02-20,Main Canteen,Glass,3.69,895,785,false,,Recycling
2025-02-20,Main Canteen,Metal,1.88,895,785,false,,Recycling
2025-02-20,Main Canteen,E-Waste,0.56,895,785,false,,Authorized Recycler
2025-02-20,Main Canteen,Other,6.81,895,785,false,,Recycling
2025-02-20,Hostel A,Food,31.09,479,487,false,,Composting
2025-02-20,Hostel A,Plastic,8.38,479,487,false,,Recycling
2025-02-20,Hostel A,Paper,5.89,479,487,false,,Recycling
2025-02-20,Hostel A,Glass,2.04,479,487,false,,Recycling
2025-02-20,Hostel A,Metal,1.05,479,487,false,,Recycling
2025-02-20,Hostel A,E-Waste,0.29,479,487,false,,Authorized Recycler
2025-02-20,Hostel A,Other,4.73,479,487,false,,Recycling
2025-02-20,Hostel B,Food,28.28,392,388,false,,Composting
2025-02-20,Hostel B,Plastic,7.85,392,388,false,,Recycling
2025-02-20,Hostel B,Paper,4.21,392,388,false,,Recycling
2025-02-20,Hostel B,Glass,2.16,392,388,false,,Recycling
2025-02-20,Hostel B,Metal,1.17,392,388,false,,Recycling
2025-02-20,Hostel B,E-Waste,0.35,392,388,false,,Authorized Recycler
2025-02-20,Hostel B,Other,3.89,392,388,false,,Recycling
2025-02-20,Food Court,Food,41.84,642,670,false,,Composting
2025-02-20,Food Court,Plastic,16.65,642,670,false,,Recycling
2025-02-20,Food Court,Paper,7.33,642,670,false,,Recycling
2025-02-20,Food Court,Glass,4.58,642,670,false,,Recycling
2025-02-20,Food Court,Metal,1.44,642,670,false,,Recycling
2025-02-20,Food Court,E-Waste,0.19,642,670,false,,Authorized Recycler
2025-02-20,Food Court,Other,4.6,642,670,false,,Recycling
2025-02-20,Academic Block,Food,6.12,1124,1059,false,,Composting
2025-02-20,Academic Block,Plastic,6.73,1124,1059,false,,Recycling
2025-02-20,Academic Block,Paper,16.57,1124,1059,false,,Recycling
2025-02-20,Academic Block,Glass,1.11,1124,1059,false,,Recycling
2025-02-20,Academic Block,Metal,1.21,1124,1059,false,,Recycling
2025-02-20,Academic Block,E-Waste,1.36,1124,1059,false,,Authorized Recycler
2025-02-20,Academic Block,Other,5.35,1124,1059,false,,Recycling
2025-02-20,Administration,Food,3.65,143,137,false,,Composting
2025-02-20,Administration,Plastic,3.61,143,137,false,,Recycling
2025-02-20,Administration,Paper,11.72,143,137,false,,Recycling
2025-02-20,Administration,Glass,0.61,143,137,false,,Recycling
2025-02-20,Administration,Metal,0.78,143,137,false,,Recycling
2025-02-20,Administration,E-Waste,0.75,143,137,false,,Authorized Recycler
2025-02-20,Administration,Other,2.86,143,137,false,,Recycling
2025-02-21,Main Canteen,Food,55.66,929,910,false,,Composting
2025-02-21,Main Canteen,Plastic,13.68,929,910,false,,Recycling
2025-02-21,Main Canteen,Paper,9.28,929,910,false,,Recycling
2025-02-21,Main Canteen,Glass,3.59,929,910,false,,Recycling
2025-02-21,Main Canteen,Metal,1.86,929,910,false,,Recycling
2025-02-21,Main Canteen,E-Waste,0.57,929,910,false,,Authorized Recycler
2025-02-21,Main Canteen,Other,5.68,929,910,false,,Recycling
2025-02-21,Hostel A,Food,35.59,449,426,false,,Composting
2025-02-21,Hostel A,Plastic,9.15,449,426,false,,Recycling
2025-02-21,Hostel A,Paper,5.17,449,426,false,,Recycling
2025-02-21,Hostel A,Glass,2.17,449,426,false,,Recycling
2025-02-21,Hostel A,Metal,1.19,449,426,false,,Recycling
2025-02-21,Hostel A,E-Waste,0.28,449,426,false,,Authorized Recycler
2025-02-21,Hostel A,Other,3.8,449,426,false,,Recycling
2025-02-21,Hostel B,Food,32.58,390,333,false,,Composting
2025-02-21,Hostel B,Plastic,9.62,390,333,false,,Recycling
2025-02-21,Hostel B,Paper,3.98,390,333,false,,Recycling
2025-02-21,Hostel B,Glass,2.45,390,333,false,,Recycling
2025-02-21,Hostel B,Metal,0.99,390,333,false,,Recycling
2025-02-21,Hostel B,E-Waste,0.35,390,333,false,,Authorized Recycler
2025-02-21,Hostel B,Other,4.84,390,333,false,,Recycling
2025-02-21,Food Court,Food,48.63,594,605,false,,Composting
2025-02-21,Food Court,Plastic,18.42,594,605,false,,Recycling
2025-02-21,Food Court,Paper,7.16,594,605,false,,Recycling
2025-02-21,Food Court,Glass,3.78,594,605,false,,Recycling
2025-02-21,Food Court,Metal,1.6,594,605,false,,Recycling
2025-02-21,Food Court,E-Waste,0.24,594,605,false,,Authorized Recycler
2025-02-21,Food Court,Other,5.51,594,605,false,,Recycling
2025-02-21,Academic Block,Food,5.67,1243,1208,false,,Composting
2025-02-21,Academic Block,Plastic,6.89,1243,1208,false,,Recycling
2025-02-21,Academic Block,Paper,13.2,1243,1208,false,,Recycling
2025-02-21,Academic Block,Glass,1.16,1243,1208,false,,Recycling
2025-02-21,Academic Block,Metal,1.19,1243,1208,false,,Recycling
2025-02-21,Academic Block,E-Waste,1.44,1243,1208,false,,Authorized Recycler
2025-02-21,Academic Block,Other,5.15,1243,1208,false,,Recycling
2025-02-21,Administration,Food,3.18,146,147,false,,Composting
2025-02-21,Administration,Plastic,3.56,146,147,false,,Recycling
2025-02-21,Administration,Paper,10.55,146,147,false,,Recycling
2025-02-21,Administration,Glass,0.48,146,147,false,,Recycling
2025-02-21,Administration,Metal,0.87,146,147,false,,Recycling
2025-02-21,Administration,E-Waste,0.87,146,147,false,,Authorized Recycler
2025-02-21,Administration,Other,2.96,146,147,false,,Recycling
2025-02-22,Main Canteen,Food,50.73,707,633,false,,Composting
2025-02-22,Main Canteen,Plastic,8.52,707,633,false,,Recycling
2025-02-22,Main Canteen,Paper,7.29,707,633,false,,Recycling
2025-02-22,Main Canteen,Glass,2.1,707,633,false,,Recycling
2025-02-22,Main Canteen,Metal,1.41,707,633,false,,Recycling
2025-02-22,Main Canteen,E-Waste,0.87,707,633,false,,Authorized Recycler
2025-02-22,Main Canteen,Other,5.3,707,633,false,,Recycling
2025-02-22,Hostel A,Food,27.07,336,296,false,,Composting
2025-02-22,Hostel A,Plastic,7.75,336,296,false,,Recycling
2025-02-22,Hostel A,Paper,4.38,336,296,false,,Recycling
2025-02-22,Hostel A,Glass,1.47,336,296,false,,Recycling
2025-02-22,Hostel A,Metal,0.73,336,296,false,,Recycling
2025-02-22,Hostel A,E-Waste,0.24,336,296,false,,Authorized Recycler
2025-02-22,Hostel A,Other,3.02,336,296,false,,Recycling
2025-02-22,Hostel B,Food,24.1,316,310,false,,Composting
2025-02-22,Hostel B,Plastic,6.39,316,310,false,,Recycling
2025-02-22,Hostel B,Paper,2.81,316,310,false,,Recycling
2025-02-22,Hostel B,Glass,1.38,316,310,false,,Recycling
2025-02-22,Hostel B,Metal,0.71,316,310,false,,Recycling
2025-02-22,Hostel B,E-Waste,0.22,316,310,false,,Authorized Recycler
2025-02-22,Hostel B,Other,3.34,316,310,false,,Recycling
2025-02-22,Food Court,Food,28.76,447,387,false,,Composting
2025-02-22,Food Court,Plastic,13.52,447,387,false,,Recycling
2025-02-22,Food Court,Paper,5.51,447,387,false,,Recycling
2025-02-22,Food Court,Glass,3.06,447,387,false,,Recycling
2025-02-22,Food Court,Metal,1.08,447,387,false,,Recycling
2025-02-22,Food Court,E-Waste,0.18,447,387,false,,Authorized Recycler
2025-02-22,Food Court,Other,3.5,447,387,false,,Recycling
2025-02-22,Academic Block,Food,4.12,932,963,false,,Composting
2025-02-22,Academic Block,Plastic,5.1,932,963,false,,Recycling
2025-02-22,Academic Block,Paper,12.9,932,963,false,,Recycling
2025-02-22,Academic Block,Glass,0.77,932,963,false,,Recycling
2025-02-22,Academic Block,Metal,0.81,932,963,false,,Recycling
2025-02-22,Academic Block,E-Waste,0.88,932,963,false,,Authorized Recycler
2025-02-22,Academic Block,Other,4.15,932,963,false,,Recycling
2025-02-22,Administration,Food,2.61,119,102,false,,Composting
2025-02-22,Administration,Plastic,2.49,119,102,false,,Recycling
2025-02-22,Administration,Paper,7.17,119,102,false,,Recycling
2025-02-22,Administration,Glass,0.46,119,102,false,,Recycling
2025-02-22,Administration,Metal,0.68,119,102,false,,Recycling
2025-02-22,Administration,E-Waste,0.66,119,102,false,,Authorized Recycler
2025-02-22,Administration,Other,2.19,119,102,false,,Recycling
2025-02-23,Main Canteen,Food,45.89,645,669,false,,Composting
2025-02-23,Main Canteen,Plastic,10.29,645,669,false,,Recycling
2025-02-23,Main Canteen,Paper,6.52,645,669,false,,Recycling
2025-02-23,Main Canteen,Glass,2.42,645,669,false,,Recycling
2025-02-23,Main Canteen,Metal,1.81,645,669,false,,Recycling
2025-02-23,Main Canteen,E-Waste,0.46,645,669,false,,Authorized Recycler
2025-02-23,Main Canteen,Other,5,645,669,false,,Recycling
2025-02-23,Hostel A,Food,26.23,314,308,false,,Composting
2025-02-23,Hostel A,Plastic,6.74,314,308,false,,Recycling
2025-02-23,Hostel A,Paper,4.12,314,308,false,,Recycling
2025-02-23,Hostel A,Glass,1.56,314,308,false,,Recycling
2025-02-23,Hostel A,Metal,0.88,314,308,false,,Recycling
2025-02-23,Hostel A,E-Waste,0.26,314,308,false,,Authorized Recycler
2025-02-23,Hostel A,Other,2.84,314,308,false,,Recycling
2025-02-23,Hostel B,Food,25.16,316,286,false,,Composting
2025-02-23,Hostel B,Plastic,5.95,316,286,false,,Recycling
2025-02-23,Hostel B,Paper,3.55,316,286,false,,Recycling
2025-02-23,Hostel B,Glass,1.54,316,286,false,,Recycling
2025-02-23,Hostel B,Metal,0.72,316,286,false,,Recycling
2025-02-23,Hostel B,E-Waste,0.28,316,286,false,,Authorized Recycler
2025-02-23,Hostel B,Other,3.21,316,286,false,,Recycling
2025-02-23,Food Court,Food,31.11,425,378,false,,Composting
2025-02-23,Food Court,Plastic,12.47,425,378,false,,Recycling
2025-02-23,Food Court,Paper,5.02,425,378,false,,Recycling
2025-02-23,Food Court,Glass,3.04,425,378,false,,Recycling
2025-02-23,Food Court,Metal,2.99,425,378,false,,Recycling
2025-02-23,Food Court,E-Waste,0.18,425,378,false,,Authorized Recycler
2025-02-23,Food Court,Other,4.07,425,378,false,,Recycling
2025-02-23,Academic Block,Food,3.56,829,730,false,,Composting
2025-02-23,Academic Block,Plastic,4.33,829,730,false,,Recycling
2025-02-23,Academic Block,Paper,12.65,829,730,false,,Recycling
2025-02-23,Academic Block,Glass,0.92,829,730,false,,Recycling
2025-02-23,Academic Block,Metal,0.9,829,730,false,,Recycling
2025-02-23,Academic Block,E-Waste,1.11,829,730,false,,Authorized Recycler
2025-02-23,Academic Block,Other,4.37,829,730,false,,Recycling
2025-02-23,Administration,Food,2.51,104,103,false,,Composting
2025-02-23,Administration,Plastic,2.73,104,103,false,,Recycling
2025-02-23,Administration,Paper,9.19,104,103,false,,Recycling
2025-02-23,Administration,Glass,0.36,104,103,false,,Recycling
2025-02-23,Administration,Metal,2.07,104,103,false,,Recycling
2025-02-23,Administration,E-Waste,0.58,104,103,false,,Authorized Recycler
2025-02-23,Administration,Other,2.76,104,103,false,,Recycling
2025-02-24,Main Canteen,Food,54.45,842,791,false,,Composting
2025-02-24,Main Canteen,Plastic,14.46,842,791,false,,Recycling
2025-02-24,Main Canteen,Paper,8.38,842,791,false,,Recycling
2025-02-24,Main Canteen,Glass,3.01,842,791,false,,Recycling
2025-02-24,Main Canteen,Metal,2,842,791,false,,Recycling
2025-02-24,Main Canteen,E-Waste,0.5,842,791,false,,Authorized Recycler
2025-02-24,Main Canteen,Other,6.72,842,791,false,,Recycling
2025-02-24,Hostel A,Food,36.99,442,394,false,,Composting
2025-02-24,Hostel A,Plastic,10.13,442,394,false,,Recycling
2025-02-24,Hostel A,Paper,5.61,442,394,false,,Recycling
2025-02-24,Hostel A,Glass,2.43,442,394,false,,Recycling
2025-02-24,Hostel A,Metal,1.13,442,394,false,,Recycling
2025-02-24,Hostel A,E-Waste,0.3,442,394,false,,Authorized Recycler
2025-02-24,Hostel A,Other,4.18,442,394,false,,Recycling
2025-02-24,Hostel B,Food,32.44,452,419,false,,Composting
2025-02-24,Hostel B,Plastic,9.31,452,419,false,,Recycling
2025-02-24,Hostel B,Paper,4.93,452,419,false,,Recycling
2025-02-24,Hostel B,Glass,2.02,452,419,false,,Recycling
2025-02-24,Hostel B,Metal,1.03,452,419,false,,Recycling
2025-02-24,Hostel B,E-Waste,0.37,452,419,false,,Authorized Recycler
2025-02-24,Hostel B,Other,4.01,452,419,false,,Recycling
2025-02-24,Food Court,Food,40.1,596,606,false,,Composting
2025-02-24,Food Court,Plastic,13.82,596,606,false,,Recycling
2025-02-24,Food Court,Paper,6.41,596,606,false,,Recycling
2025-02-24,Food Court,Glass,3.96,596,606,false,,Recycling
2025-02-24,Food Court,Metal,1.8,596,606,false,,Recycling
2025-02-24,Food Court,E-Waste,0.23,596,606,false,,Authorized Recycler
2025-02-24,Food Court,Other,4.88,596,606,false,,Recycling
2025-02-24,Academic Block,Food,5.31,1131,976,false,,Composting
2025-02-24,Academic Block,Plastic,6.39,1131,976,false,,Recycling
2025-02-24,Academic Block,Paper,13.74,1131,976,false,,Recycling
2025-02-24,Academic Block,Glass,0.95,1131,976,false,,Recycling
2025-02-24,Academic Block,Metal,1.04,1131,976,false,,Recycling
2025-02-24,Academic Block,E-Waste,1.24,1131,976,false,,Authorized Recycler
2025-02-24,Academic Block,Other,6.11,1131,976,false,,Recycling
2025-02-24,Administration,Food,3.67,146,127,false,,Composting
2025-02-24,Administration,Plastic,3.09,146,127,false,,Recycling
2025-02-24,Administration,Paper,11.02,146,127,false,,Recycling
2025-02-24,Administration,Glass,0.51,146,127,false,,Recycling
2025-02-24,Administration,Metal,0.9,146,127,false,,Recycling
2025-02-24,Administration,E-Waste,0.86,146,127,false,,Authorized Recycler
2025-02-24,Administration,Other,3.49,146,127,false,,Recycling
2025-02-25,Main Canteen,Food,57.23,844,729,false,,Composting
2025-02-25,Main Canteen,Plastic,13.58,844,729,false,,Recycling
2025-02-25,Main Canteen,Paper,7.76,844,729,false,,Recycling
2025-02-25,Main Canteen,Glass,3.34,844,729,false,,Recycling
2025-02-25,Main Canteen,Metal,2.05,844,729,false,,Recycling
2025-02-25,Main Canteen,E-Waste,0.47,844,729,false,,Authorized Recycler
2025-02-25,Main Canteen,Other,6.44,844,729,false,,Recycling
2025-02-25,Hostel A,Food,29.62,420,384,false,,Composting
2025-02-25,Hostel A,Plastic,9.28,420,384,false,,Recycling
2025-02-25,Hostel A,Paper,5.06,420,384,false,,Recycling
2025-02-25,Hostel A,Glass,2.42,420,384,false,,Recycling
2025-02-25,Hostel A,Metal,1.09,420,384,false,,Recycling
2025-02-25,Hostel A,E-Waste,0.3,420,384,false,,Authorized Recycler
2025-02-25,Hostel A,Other,4.26,420,384,false,,Recycling
2025-02-25,Hostel B,Food,28.69,413,390,false,,Composting
2025-02-25,Hostel B,Plastic,7.92,413,390,false,,Recycling
2025-02-25,Hostel B,Paper,3.98,413,390,false,,Recycling
2025-02-25,Hostel B,Glass,2.38,413,390,false,,Recycling
2025-02-25,Hostel B,Metal,1.09,413,390,false,,Recycling
2025-02-25,Hostel B,E-Waste,0.31,413,390,false,,Authorized Recycler
2025-02-25,Hostel B,Other,3.81,413,390,false,,Recycling
2025-02-25,Food Court,Food,39.71,622,631,false,,Composting
2025-02-25,Food Court,Plastic,16.14,622,631,false,,Recycling
2025-02-25,Food Court,Paper,5.8,622,631,false,,Recycling
2025-02-25,Food Court,Glass,3.73,622,631,false,,Recycling
2025-02-25,Food Court,Metal,1.52,622,631,false,,Recycling
2025-02-25,Food Court,E-Waste,0.19,622,631,false,,Authorized Recycler
2025-02-25,Food Court,Other,4.89,622,631,false,,Recycling
2025-02-25,Academic Block,Food,6.12,1272,1249,false,,Composting
2025-02-25,Academic Block,Plastic,7.42,1272,1249,false,,Recycling
2025-02-25,Academic Block,Paper,15.4,1272,1249,false,,Recycling
2025-02-25,Academic Block,Glass,1.24,1272,1249,false,,Recycling
2025-02-25,Academic Block,Metal,3.2,1272,1249,false,,Recycling
2025-02-25,Academic Block,E-Waste,1.13,1272,1249,false,,Authorized Recycler
2025-02-25,Academic Block,Other,5.51,1272,1249,false,,Recycling
2025-02-25,Administration,Food,3.34,141,136,false,,Composting
2025-02-25,Administration,Plastic,2.84,141,136,false,,Recycling
2025-02-25,Administration,Paper,11.77,141,136,false,,Recycling
2025-02-25,Administration,Glass,0.53,141,136,false,,Recycling
2025-02-25,Administration,Metal,0.83,141,136,false,,Recycling
2025-02-25,Administration,E-Waste,0.82,141,136,false,,Authorized Recycler
2025-02-25,Administration,Other,3.68,141,136,false,,Recycling
2025-02-26,Main Canteen,Food,52.37,938,888,false,,Composting
2025-02-26,Main Canteen,Plastic,12.77,938,888,false,,Recycling
2025-02-26,Main Canteen,Paper,8.9,938,888,false,,Recycling
2025-02-26,Main Canteen,Glass,3.15,938,888,false,,Recycling
2025-02-26,Main Canteen,Metal,2.01,938,888,false,,Recycling
2025-02-26,Main Canteen,E-Waste,0.49,938,888,false,,Authorized Recycler
2025-02-26,Main Canteen,Other,6.66,938,888,false,,Recycling
2025-02-26,Hostel A,Food,36.2,467,425,false,,Composting
2025-02-26,Hostel A,Plastic,11.16,467,425,false,,Recycling
2025-02-26,Hostel A,Paper,4.94,467,425,false,,Recycling
2025-02-26,Hostel A,Glass,1.85,467,425,false,,Recycling
2025-02-26,Hostel A,Metal,1.22,467,425,false,,Recycling
2025-02-26,Hostel A,E-Waste,0.37,467,425,false,,Authorized Recycler
2025-02-26,Hostel A,Other,4.87,467,425,false,,Recycling
2025-02-26,Hostel B,Food,29.85,436,398,false,,Composting
2025-02-26,Hostel B,Plastic,9.74,436,398,false,,Recycling
2025-02-26,Hostel B,Paper,4.7,436,398,false,,Recycling
2025-02-26,Hostel B,Glass,2.42,436,398,false,,Recycling
2025-02-26,Hostel B,Metal,1.03,436,398,false,,Recycling
2025-02-26,Hostel B,E-Waste,0.31,436,398,false,,Authorized Recycler
2025-02-26,Hostel B,Other,4.53,436,398,false,,Recycling
2025-02-26,Food Court,Food,47.58,605,613,false,,Composting
2025-02-26,Food Court,Plastic,14.17,605,613,false,,Recycling
2025-02-26,Food Court,Paper,7.21,605,613,false,,Recycling
2025-02-26,Food Court,Glass,4.33,605,613,false,,Recycling
2025-02-26,Food Court,Metal,1.62,605,613,false,,Recycling
2025-02-26,Food Court,E-Waste,0.22,605,613,false,,Authorized Recycler
2025-02-26,Food Court,Other,5.78,605,613,false,,Recycling
2025-02-26,Academic Block,Food,4.79,1146,1192,false,,Composting
2025-02-26,Academic Block,Plastic,7.13,1146,1192,false,,Recycling
2025-02-26,Academic Block,Paper,15.69,1146,1192,false,,Recycling
2025-02-26,Academic Block,Glass,1.16,1146,1192,false,,Recycling
2025-02-26,Academic Block,Metal,0.96,1146,1192,false,,Recycling
2025-02-26,Academic Block,E-Waste,1.49,1146,1192,false,,Authorized Recycler
2025-02-26,Academic Block,Other,5.86,1146,1192,false,,Recycling
2025-02-26,Administration,Food,3.45,162,146,false,,Composting
2025-02-26,Administration,Plastic,3.34,162,146,false,,Recycling
2025-02-26,Administration,Paper,11.6,162,146,false,,Recycling
2025-02-26,Administration,Glass,0.47,162,146,false,,Recycling
2025-02-26,Administration,Metal,0.87,162,146,false,,Recycling
2025-02-26,Administration,E-Waste,0.92,162,146,false,,Authorized Recycler
2025-02-26,Administration,Other,3.18,162,146,false,,Recycling
2025-02-27,Main Canteen,Food,54.04,952,980,false,,Composting
2025-02-27,Main Canteen,Plastic,11.5,952,980,false,,Recycling
2025-02-27,Main Canteen,Paper,9.95,952,980,false,,Recycling
2025-02-27,Main Canteen,Glass,8.48,952,980,false,,Recycling
2025-02-27,Main Canteen,Metal,2.25,952,980,false,,Recycling
2025-02-27,Main Canteen,E-Waste,0.53,952,980,false,,Authorized Recycler
2025-02-27,Main Canteen,Other,5.58,952,980,false,,Recycling
2025-02-27,Hostel A,Food,37.24,455,466,false,,Composting
2025-02-27,Hostel A,Plastic,8.75,455,466,false,,Recycling
2025-02-27,Hostel A,Paper,5.8,455,466,false,,Recycling
2025-02-27,Hostel A,Glass,2.2,455,466,false,,Recycling
2025-02-27,Hostel A,Metal,1.16,455,466,false,,Recycling
2025-02-27,Hostel A,E-Waste,0.32,455,466,false,,Authorized Recycler
2025-02-27,Hostel A,Other,4.25,455,466,false,,Recycling
2025-02-27,Hostel B,Food,26.06,389,334,false,,Composting
2025-02-27,Hostel B,Plastic,9.93,389,334,false,,Recycling
2025-02-27,Hostel B,Paper,4.31,389,334,false,,Recycling
2025-02-27,Hostel B,Glass,2.38,389,334,false,,Recycling
2025-02-27,Hostel B,Metal,1.09,389,334,false,,Recycling
2025-02-27,Hostel B,E-Waste,0.31,389,334,false,,Authorized Recycler
2025-02-27,Hostel B,Other,3.91,389,334,false,,Recycling
2025-02-27,Food Court,Food,49.67,588,599,false,,Composting
2025-02-27,Food Court,Plastic,15.77,588,599,false,,Recycling
2025-02-27,Food Court,Paper,7.29,588,599,false,,Recycling
2025-02-27,Food Court,Glass,4.63,588,599,false,,Recycling
2025-02-27,Food Court,Metal,1.79,588,599,false,,Recycling
2025-02-27,Food Court,E-Waste,0.21,588,599,false,,Authorized Recycler
2025-02-27,Food Court,Other,6.06,588,599,false,,Recycling
2025-02-27,Academic Block,Food,5,1261,1275,false,,Composting
2025-02-27,Academic Block,Plastic,7.16,1261,1275,false,,Recycling
2025-02-27,Academic Block,Paper,16.03,1261,1275,false,,Recycling
2025-02-27,Academic Block,Glass,1.16,1261,1275,false,,Recycling
2025-02-27,Academic Block,Metal,1.21,1261,1275,false,,Recycling
2025-02-27,Academic Block,E-Waste,1.4,1261,1275,false,,Authorized Recycler
2025-02-27,Academic Block,Other,4.96,1261,1275,false,,Recycling
2025-02-27,Administration,Food,3.14,146,127,false,,Composting
2025-02-27,Administration,Plastic,2.79,146,127,false,,Recycling
2025-02-27,Administration,Paper,11.18,146,127,false,,Recycling
2025-02-27,Administration,Glass,0.61,146,127,false,,Recycling
2025-02-27,Administration,Metal,0.86,146,127,false,,Recycling
2025-02-27,Administration,E-Waste,0.99,146,127,false,,Authorized Recycler
2025-02-27,Administration,Other,3.36,146,127,false,,Recycling
2025-02-28,Main Canteen,Food,63.99,963,907,false,,Composting
2025-02-28,Main Canteen,Plastic,14.48,963,907,false,,Recycling
2025-02-28,Main Canteen,Paper,9.25,963,907,false,,Recycling
2025-02-28,Main Canteen,Glass,3.05,963,907,false,,Recycling
2025-02-28,Main Canteen,Metal,1.85,963,907,false,,Recycling
2025-02-28,Main Canteen,E-Waste,0.49,963,907,false,,Authorized Recycler
2025-02-28,Main Canteen,Other,7.39,963,907,false,,Recycling
2025-02-28,Hostel A,Food,33.34,440,427,false,,Composting
2025-02-28,Hostel A,Plastic,8.41,440,427,false,,Recycling
2025-02-28,Hostel A,Paper,5.05,440,427,false,,Recycling
2025-02-28,Hostel A,Glass,2.06,440,427,false,,Recycling
2025-02-28,Hostel A,Metal,1.21,440,427,false,,Recycling
2025-02-28,Hostel A,E-Waste,0.28,440,427,false,,Authorized Recycler
2025-02-28,Hostel A,Other,4.65,440,427,false,,Recycling
2025-02-28,Hostel B,Food,26.23,443,430,false,,Composting
2025-02-28,Hostel B,Plastic,7.73,443,430,false,,Recycling
2025-02-28,Hostel B,Paper,4.01,443,430,false,,Recycling
2025-02-28,Hostel B,Glass,2.23,443,430,false,,Recycling
2025-02-28,Hostel B,Metal,1.2,443,430,false,,Recycling
2025-02-28,Hostel B,E-Waste,0.32,443,430,false,,Authorized Recycler
2025-02-28,Hostel B,Other,3.7,443,430,false,,Recycling
2025-02-28,Food Court,Food,45.75,574,569,false,,Composting
2025-02-28,Food Court,Plastic,16.96,574,569,false,,Recycling
2025-02-28,Food Court,Paper,6.72,574,569,false,,Recycling
2025-02-28,Food Court,Glass,4.18,574,569,false,,Recycling
2025-02-28,Food Court,Metal,1.78,574,569,false,,Recycling
2025-02-28,Food Court,E-Waste,0.2,574,569,false,,Authorized Recycler
2025-02-28,Food Court,Other,6,574,569,false,,Recycling
2025-02-28,Academic Block,Food,5.68,1271,1311,false,,Composting
2025-02-28,Academic Block,Plastic,6.36,1271,1311,false,,Recycling
2025-02-28,Academic Block,Paper,13.59,1271,1311,false,,Recycling
2025-02-28,Academic Block,Glass,1.25,1271,1311,false,,Recycling
2025-02-28,Academic Block,Metal,1.06,1271,1311,false,,Recycling
2025-02-28,Academic Block,E-Waste,1.48,1271,1311,false,,Authorized Recycler
2025-02-28,Academic Block,Other,5.69,1271,1311,false,,Recycling
2025-02-28,Administration,Food,3.42,143,126,false,,Composting
2025-02-28,Administration,Plastic,3.73,143,126,false,,Recycling
2025-02-28,Administration,Paper,9.48,143,126,false,,Recycling
2025-02-28,Administration,Glass,0.55,143,126,false,,Recycling
2025-02-28,Administration,Metal,0.82,143,126,false,,Recycling
2025-02-28,Administration,E-Waste,0.84,143,126,false,,Authorized Recycler
2025-02-28,Administration,Other,2.8,143,126,false,,Recycling
2025-03-01,Main Canteen,Food,44.44,722,650,false,,Composting
2025-03-01,Main Canteen,Plastic,9.39,722,650,false,,Recycling
2025-03-01,Main Canteen,Paper,6.01,722,650,false,,Recycling
2025-03-01,Main Canteen,Glass,2.56,722,650,false,,Recycling
2025-03-01,Main Canteen,Metal,1.83,722,650,false,,Recycling
2025-03-01,Main Canteen,E-Waste,0.41,722,650,false,,Authorized Recycler
2025-03-01,Main Canteen,Other,4.55,722,650,false,,Recycling
2025-03-01,Hostel A,Food,21.79,311,289,false,,Composting
2025-03-01,Hostel A,Plastic,7.68,311,289,false,,Recycling
2025-03-01,Hostel A,Paper,4.67,311,289,false,,Recycling
2025-03-01,Hostel A,Glass,1.58,311,289,false,,Recycling
2025-03-01,Hostel A,Metal,0.73,311,289,false,,Recycling
2025-03-01,Hostel A,E-Waste,0.22,311,289,false,,Authorized Recycler
2025-03-01,Hostel A,Other,3.42,311,289,false,,Recycling
2025-03-01,Hostel B,Food,25.65,293,276,false,,Composting
2025-03-01,Hostel B,Plastic,6.03,293,276,false,,Recycling
2025-03-01,Hostel B,Paper,3.51,293,276,false,,Recycling
2025-03-01,Hostel B,Glass,1.64,293,276,false,,Recycling
2025-03-01,Hostel B,Metal,0.81,293,276,false,,Recycling
2025-03-01,Hostel B,E-Waste,0.25,293,276,false,,Authorized Recycler
2025-03-01,Hostel B,Other,3.12,293,276,false,,Recycling
2025-03-01,Food Court,Food,35.36,466,467,false,,Composting
2025-03-01,Food Court,Plastic,13.06,466,467,false,,Recycling
2025-03-01,Food Court,Paper,4.56,466,467,false,,Recycling
2025-03-01,Food Court,Glass,3.53,466,467,false,,Recycling
2025-03-01,Food Court,Metal,1.4,466,467,false,,Recycling
2025-03-01,Food Court,E-Waste,0.16,466,467,false,,Authorized Recycler
2025-03-01,Food Court,Other,11.58,466,467,false,,Recycling
2025-03-01,Academic Block,Food,3.99,936,925,false,,Composting
2025-03-01,Academic Block,Plastic,5.57,936,925,false,,Recycling
2025-03-01,Academic Block,Paper,10.58,936,925,false,,Recycling
2025-03-01,Academic Block,Glass,0.93,936,925,false,,Recycling
2025-03-01,Academic Block,Metal,0.91,936,925,false,,Recycling
2025-03-01,Academic Block,E-Waste,0.89,936,925,false,,Authorized Recycler
2025-03-01,Academic Block,Other,3.52,936,925,false,,Recycling
2025-03-01,Administration,Food,2.74,106,100,false,,Composting
2025-03-01,Administration,Plastic,2.08,106,100,false,,Recycling
2025-03-01,Administration,Paper,7.14,106,100,false,,Recycling
2025-03-01,Administration,Glass,0.43,106,100,false,,Recycling
2025-03-01,Administration,Metal,0.59,106,100,false,,Recycling
2025-03-01,Administration,E-Waste,0.75,106,100,false,,Authorized Recycler
2025-03-01,Administration,Other,2.78,106,100,false,,Recycling
2025-03-02,Main Canteen,Food,41.31,718,649,false,,Composting
2025-03-02,Main Canteen,Plastic,11.15,718,649,false,,Recycling
2025-03-02,Main Canteen,Paper,6.53,718,649,false,,Recycling
2025-03-02,Main Canteen,Glass,2.17,718,649,false,,Recycling
2025-03-02,Main Canteen,Metal,1.42,718,649,false,,Recycling
2025-03-02,Main Canteen,E-Waste,0.39,718,649,false,,Authorized Recycler
2025-03-02,Main Canteen,Other,4.18,718,649,false,,Recycling
2025-03-02,Hostel A,Food,25.77,344,360,false,,Composting
2025-03-02,Hostel A,Plastic,6.73,344,360,false,,Recycling
2025-03-02,Hostel A,Paper,4.62,344,360,false,,Recycling
2025-03-02,Hostel A,Glass,1.84,344,360,false,,Recycling
2025-03-02,Hostel A,Metal,0.71,344,360,false,,Recycling
2025-03-02,Hostel A,E-Waste,0.23,344,360,false,,Authorized Recycler
2025-03-02,Hostel A,Other,3.13,344,360,false,,Recycling
2025-03-02,Hostel B,Food,20.87,337,351,false,,Composting
2025-03-02,Hostel B,Plastic,6.27,337,351,false,,Recycling
2025-03-02,Hostel B,Paper,2.9,337,351,false,,Recycling
2025-03-02,Hostel B,Glass,1.8,337,351,false,,Recycling
2025-03-02,Hostel B,Metal,0.75,337,351,false,,Recycling
2025-03-02,Hostel B,E-Waste,0.28,337,351,false,,Authorized Recycler
2025-03-02,Hostel B,Other,3.32,337,351,false,,Recycling
2025-03-02,Food Court,Food,35.5,438,426,false,,Composting
2025-03-02,Food Court,Plastic,13.04,438,426,false,,Recycling
2025-03-02,Food Court,Paper,5.59,438,426,false,,Recycling
2025-03-02,Food Court,Glass,3.7,438,426,false,,Recycling
2025-03-02,Food Court,Metal,1.28,438,426,false,,Recycling
2025-03-02,Food Court,E-Waste,0.16,438,426,false,,Authorized Recycler
2025-03-02,Food Court,Other,4.39,438,426,false,,Recycling
2025-03-02,Academic Block,Food,3.74,924,913,false,,Composting
2025-03-02,Academic Block,Plastic,4.98,924,913,false,,Recycling
2025-03-02,Academic Block,Paper,10.18,924,913,false,,Recycling
2025-03-02,Academic Block,Glass,0.82,924,913,false,,Recycling
2025-03-02,Academic Block,Metal,0.86,924,913,false,,Recycling
2025-03-02,Academic Block,E-Waste,0.94,924,913,false,,Authorized Recycler
2025-03-02,Academic Block,Other,4.27,924,913,false,,Recycling
2025-03-02,Administration,Food,2.6,112,97,false,,Composting
2025-03-02,Administration,Plastic,2.1,112,97,false,,Recycling
2025-03-02,Administration,Paper,7.52,112,97,false,,Recycling
2025-03-02,Administration,Glass,0.41,112,97,false,,Recycling
2025-03-02,Administration,Metal,0.74,112,97,false,,Recycling
2025-03-02,Administration,E-Waste,0.62,112,97,false,,Authorized Recycler
2025-03-02,Administration,Other,2.09,112,97,false,,Recycling
2025-03-03,Main Canteen,Food,52.53,933,883,false,,Composting
2025-03-03,Main Canteen,Plastic,13.69,933,883,false,,Recycling
2025-03-03,Main Canteen,Paper,9.34,933,883,false,,Recycling
2025-03-03,Main Canteen,Glass,3.6,933,883,false,,Recycling
2025-03-03,Main Canteen,Metal,2.33,933,883,false,,Recycling
2025-03-03,Main Canteen,E-Waste,0.51,933,883,false,,Authorized Recycler
2025-03-03,Main Canteen,Other,7.33,933,883,false,,Recycling
2025-03-03,Hostel A,Food,34.93,455,430,false,,Composting
2025-03-03,Hostel A,Plastic,10.19,455,430,false,,Recycling
2025-03-03,Hostel A,Paper,5.48,455,430,false,,Recycling
2025-03-03,Hostel A,Glass,2.1,455,430,false,,Recycling
2025-03-03,Hostel A,Metal,1.04,455,430,false,,Recycling
2025-03-03,Hostel A,E-Waste,0.37,455,430,false,,Authorized Recycler
2025-03-03,Hostel A,Other,4.45,455,430,false,,Recycling
2025-03-03,Hostel B,Food,26.41,412,394,false,,Composting
2025-03-03,Hostel B,Plastic,9.08,412,394,false,,Recycling
2025-03-03,Hostel B,Paper,3.82,412,394,false,,Recycling
2025-03-03,Hostel B,Glass,2.05,412,394,false,,Recycling
2025-03-03,Hostel B,Metal,1.23,412,394,false,,Recycling
2025-03-03,Hostel B,E-Waste,0.35,412,394,false,,Authorized Recycler
2025-03-03,Hostel B,Other,5,412,394,false,,Recycling
2025-03-03,Food Court,Food,47.44,624,597,false,,Composting
2025-03-03,Food Court,Plastic,16.09,624,597,false,,Recycling
2025-03-03,Food Court,Paper,6.48,624,597,false,,Recycling
2025-03-03,Food Court,Glass,4.31,624,597,false,,Recycling
2025-03-03,Food Court,Metal,1.88,624,597,false,,Recycling
2025-03-03,Food Court,E-Waste,0.21,624,597,false,,Authorized Recycler
2025-03-03,Food Court,Other,4.84,624,597,false,,Recycling
2025-03-03,Academic Block,Food,6.05,1294,1357,false,,Composting
2025-03-03,Academic Block,Plastic,5.78,1294,1357,false,,Recycling
2025-03-03,Academic Block,Paper,16.44,1294,1357,false,,Recycling
2025-03-03,Academic Block,Glass,1,1294,1357,false,,Recycling
2025-03-03,Academic Block,Metal,3.16,1294,1357,false,,Recycling
2025-03-03,Academic Block,E-Waste,1.16,1294,1357,false,,Authorized Recycler
2025-03-03,Academic Block,Other,5.46,1294,1357,false,,Recycling
2025-03-03,Administration,Food,3.76,160,165,false,,Composting
2025-03-03,Administration,Plastic,3.05,160,165,false,,Recycling
2025-03-03,Administration,Paper,9.47,160,165,false,,Recycling
2025-03-03,Administration,Glass,0.61,160,165,false,,Recycling
2025-03-03,Administration,Metal,0.86,160,165,false,,Recycling
2025-03-03,Administration,E-Waste,0.94,160,165,false,,Authorized Recycler
2025-03-03,Administration,Other,2.84,160,165,false,,Recycling
2025-03-04,Main Canteen,Food,56.46,891,859,false,,Composting
2025-03-04,Main Canteen,Plastic,14.73,891,859,false,,Recycling
2025-03-04,Main Canteen,Paper,8.77,891,859,false,,Recycling
2025-03-04,Main Canteen,Glass,2.86,891,859,false,,Recycling
2025-03-04,Main Canteen,Metal,2.35,891,859,false,,Recycling
2025-03-04,Main Canteen,E-Waste,0.47,891,859,false,,Authorized Recycler
2025-03-04,Main Canteen,Other,6.34,891,859,false,,Recycling
2025-03-04,Hostel A,Food,30.72,480,436,false,,Composting
2025-03-04,Hostel A,Plastic,10.09,480,436,false,,Recycling
2025-03-04,Hostel A,Paper,5.86,480,436,false,,Recycling
2025-03-04,Hostel A,Glass,2.3,480,436,false,,Recycling
2025-03-04,Hostel A,Metal,1.26,480,436,false,,Recycling
2025-03-04,Hostel A,E-Waste,0.33,480,436,false,,Authorized Recycler
2025-03-04,Hostel A,Other,4.34,480,436,false,,Recycling
2025-03-04,Hostel B,Food,32.42,450,469,false,,Composting
2025-03-04,Hostel B,Plastic,7.59,450,469,false,,Recycling
2025-03-04,Hostel B,Paper,4.75,450,469,false,,Recycling
2025-03-04,Hostel B,Glass,2.18,450,469,false,,Recycling
2025-03-04,Hostel B,Metal,1.17,450,469,false,,Recycling
2025-03-04,Hostel B,E-Waste,0.36,450,469,false,,Authorized Recycler
2025-03-04,Hostel B,Other,4.08,450,469,false,,Recycling
2025-03-04,Food Court,Food,42.86,634,550,false,,Composting
2025-03-04,Food Court,Plastic,15.87,634,550,false,,Recycling
2025-03-04,Food Court,Paper,7.04,634,550,false,,Recycling
2025-03-04,Food Court,Glass,4.91,634,550,false,,Recycling
2025-03-04,Food Court,Metal,1.47,634,550,false,,Recycling
2025-03-04,Food Court,E-Waste,0.23,634,550,false,,Authorized Recycler
2025-03-04,Food Court,Other,5.63,634,550,false,,Recycling
2025-03-04,Academic Block,Food,4.9,1281,1265,false,,Composting
2025-03-04,Academic Block,Plastic,7.21,1281,1265,false,,Recycling
2025-03-04,Academic Block,Paper,13.03,1281,1265,false,,Recycling
2025-03-04,Academic Block,Glass,1.04,1281,1265,false,,Recycling
2025-03-04,Academic Block,Metal,1.24,1281,1265,false,,Recycling
2025-03-04,Academic Block,E-Waste,1.41,1281,1265,false,,Authorized Recycler
2025-03-04,Academic Block,Other,5.69,1281,1265,false,,Recycling
2025-03-04,Administration,Food,3.26,145,148,false,,Composting
2025-03-04,Administration,Plastic,3.15,145,148,false,,Recycling
2025-03-04,Administration,Paper,9.78,145,148,false,,Recycling
2025-03-04,Administration,Glass,0.55,145,148,false,,Recycling
2025-03-04,Administration,Metal,0.97,145,148,false,,Recycling
2025-03-04,Administration,E-Waste,0.98,145,148,false,,Authorized Recycler
2025-03-04,Administration,Other,3.03,145,148,false,,Recycling
2025-03-05,Main Canteen,Food,66.85,895,763,false,,Composting
2025-03-05,Main Canteen,Plastic,14.9,895,763,false,,Recycling
2025-03-05,Main Canteen,Paper,8.75,895,763,false,,Recycling
2025-03-05,Main Canteen,Glass,3.17,895,763,false,,Recycling
2025-03-05,Main Canteen,Metal,2.5,895,763,false,,Recycling
2025-03-05,Main Canteen,E-Waste,0.51,895,763,false,,Authorized Recycler
2025-03-05,Main Canteen,Other,7.1,895,763,false,,Recycling
2025-03-05,Hostel A,Food,29.94,462,459,false,,Composting
2025-03-05,Hostel A,Plastic,9.49,462,459,false,,Recycling
2025-03-05,Hostel A,Paper,5.21,462,459,false,,Recycling
2025-03-05,Hostel A,Glass,2.22,462,459,false,,Recycling
2025-03-05,Hostel A,Metal,1.1,462,459,false,,Recycling
2025-03-05,Hostel A,E-Waste,0.31,462,459,false,,Authorized Recycler
2025-03-05,Hostel A,Other,4.58,462,459,false,,Recycling
2025-03-05,Hostel B,Food,35.21,424,385,false,,Composting
2025-03-05,Hostel B,Plastic,9.71,424,385,false,,Recycling
2025-03-05,Hostel B,Paper,4.78,424,385,false,,Recycling
2025-03-05,Hostel B,Glass,2.28,424,385,false,,Recycling
2025-03-05,Hostel B,Metal,1.1,424,385,false,,Recycling
2025-03-05,Hostel B,E-Waste,0.34,424,385,false,,Authorized Recycler
2025-03-05,Hostel B,Other,4.53,424,385,false,,Recycling
2025-03-05,Food Court,Food,40.69,641,547,false,,Composting
2025-03-05,Food Court,Plastic,15.17,641,547,false,,Recycling
2025-03-05,Food Court,Paper,6.45,641,547,false,,Recycling
2025-03-05,Food Court,Glass,3.92,641,547,false,,Recycling
2025-03-05,Food Court,Metal,1.82,641,547,false,,Recycling
2025-03-05,Food Court,E-Waste,0.21,641,547,false,,Authorized Recycler
2025-03-05,Food Court,Other,5.6,641,547,false,,Recycling
2025-03-05,Academic Block,Food,4.83,1260,1081,false,,Composting
2025-03-05,Academic Block,Plastic,7.33,1260,1081,false,,Recycling
2025-03-05,Academic Block,Paper,14.93,1260,1081,false,,Recycling
2025-03-05,Academic Block,Glass,1.24,1260,1081,false,,Recycling
2025-03-05,Academic Block,Metal,1.06,1260,1081,false,,Recycling
2025-03-05,Academic Block,E-Waste,1.12,1260,1081,false,,Authorized Recycler
2025-03-05,Academic Block,Other,4.96,1260,1081,false,,Recycling
2025-03-05,Administration,Food,3.7,149,153,false,,Composting
2025-03-05,Administration,Plastic,3,149,153,false,,Recycling
2025-03-05,Administration,Paper,10.69,149,153,false,,Recycling
2025-03-05,Administration,Glass,0.55,149,153,false,,Recycling
2025-03-05,Administration,Metal,0.83,149,153,false,,Recycling
2025-03-05,Administration,E-Waste,0.9,149,153,false,,Authorized Recycler
2025-03-05,Administration,Other,2.85,149,153,false,,Recycling
2025-03-06,Main Canteen,Food,56.5,958,960,false,,Composting
2025-03-06,Main Canteen,Plastic,14.94,958,960,false,,Recycling
2025-03-06,Main Canteen,Paper,8.06,958,960,false,,Recycling
2025-03-06,Main Canteen,Glass,3.66,958,960,false,,Recycling
2025-03-06,Main Canteen,Metal,2.19,958,960,false,,Recycling
2025-03-06,Main Canteen,E-Waste,0.57,958,960,false,,Authorized Recycler
2025-03-06,Main Canteen,Other,6.93,958,960,false,,Recycling
2025-03-06,Hostel A,Food,33.18,417,381,false,,Composting
2025-03-06,Hostel A,Plastic,8.45,417,381,false,,Recycling
2025-03-06,Hostel A,Paper,6.13,417,381,false,,Recycling
2025-03-06,Hostel A,Glass,1.97,417,381,false,,Recycling
2025-03-06,Hostel A,Metal,1.01,417,381,false,,Recycling
2025-03-06,Hostel A,E-Waste,0.32,417,381,false,,Authorized Recycler
2025-03-06,Hostel A,Other,4.91,417,381,false,,Recycling
2025-03-06,Hostel B,Food,34.6,433,399,false,,Composting
2025-03-06,Hostel B,Plastic,7.65,433,399,false,,Recycling
2025-03-06,Hostel B,Paper,4.61,433,399,false,,Recycling
2025-03-06,Hostel B,Glass,2.36,433,399,false,,Recycling
2025-03-06,Hostel B,Metal,0.94,433,399,false,,Recycling
2025-03-06,Hostel B,E-Waste,0.33,433,399,false,,Authorized Recycler
2025-03-06,Hostel B,Other,4.06,433,399,false,,Recycling
2025-03-06,Food Court,Food,45.33,558,576,false,,Composting
2025-03-06,Food Court,Plastic,17.58,558,576,false,,Recycling
2025-03-06,Food Court,Paper,6.66,558,576,false,,Recycling
2025-03-06,Food Court,Glass,4.04,558,576,false,,Recycling
2025-03-06,Food Court,Metal,1.66,558,576,false,,Recycling
2025-03-06,Food Court,E-Waste,0.24,558,576,false,,Authorized Recycler
2025-03-06,Food Court,Other,5.87,558,576,false,,Recycling
2025-03-06,Academic Block,Food,4.88,1104,991,false,,Composting
2025-03-06,Academic Block,Plastic,6.49,1104,991,false,,Recycling
2025-03-06,Academic Block,Paper,15.13,1104,991,false,,Recycling
2025-03-06,Academic Block,Glass,1.23,1104,991,false,,Recycling
2025-03-06,Academic Block,Metal,1.17,1104,991,false,,Recycling
2025-03-06,Academic Block,E-Waste,1.21,1104,991,false,,Authorized Recycler
2025-03-06,Academic Block,Other,5.44,1104,991,false,,Recycling
2025-03-06,Administration,Food,3.45,159,146,false,,Composting
2025-03-06,Administration,Plastic,2.92,159,146,false,,Recycling
2025-03-06,Administration,Paper,10.03,159,146,false,,Recycling
2025-03-06,Administration,Glass,0.48,159,146,false,,Recycling
2025-03-06,Administration,Metal,0.8,159,146,false,,Recycling
2025-03-06,Administration,E-Waste,0.78,159,146,false,,Authorized Recycler
2025-03-06,Administration,Other,3.63,159,146,false,,Recycling
2025-03-07,Main Canteen,Food,67.58,839,735,false,,Composting
2025-03-07,Main Canteen,Plastic,12.19,839,735,false,,Recycling
2025-03-07,Main Canteen,Paper,7.56,839,735,false,,Recycling
2025-03-07,Main Canteen,Glass,3.68,839,735,false,,Recycling
2025-03-07,Main Canteen,Metal,2.29,839,735,false,,Recycling
2025-03-07,Main Canteen,E-Waste,0.54,839,735,false,,Authorized Recycler
2025-03-07,Main Canteen,Other,6.45,839,735,false,,Recycling
2025-03-07,Hostel A,Food,33.86,441,415,false,,Composting
2025-03-07,Hostel A,Plastic,10.92,441,415,false,,Recycling
2025-03-07,Hostel A,Paper,5.9,441,415,false,,Recycling
2025-03-07,Hostel A,Glass,2.43,441,415,false,,Recycling
2025-03-07,Hostel A,Metal,1.09,441,415,false,,Recycling
2025-03-07,Hostel A,E-Waste,0.29,441,415,false,,Authorized Recycler
2025-03-07,Hostel A,Other,4.47,441,415,false,,Recycling
2025-03-07,Hostel B,Food,33.65,431,409,false,,Composting
2025-03-07,Hostel B,Plastic,7.54,431,409,false,,Recycling
2025-03-07,Hostel B,Paper,4.68,431,409,false,,Recycling
2025-03-07,Hostel B,Glass,1.98,431,409,false,,Recycling
2025-03-07,Hostel B,Metal,3.39,431,409,false,,Recycling
2025-03-07,Hostel B,E-Waste,0.33,431,409,false,,Authorized Recycler
2025-03-07,Hostel B,Other,4.56,431,409,false,,Recycling
2025-03-07,Food Court,Food,43.12,561,568,false,,Composting
2025-03-07,Food Court,Plastic,18.78,561,568,false,,Recycling
2025-03-07,Food Court,Paper,5.94,561,568,false,,Recycling
2025-03-07,Food Court,Glass,4.85,561,568,false,,Recycling
2025-03-07,Food Court,Metal,1.82,561,568,false,,Recycling
2025-03-07,Food Court,E-Waste,0.22,561,568,false,,Authorized Recycler
2025-03-07,Food Court,Other,4.71,561,568,false,,Recycling
2025-03-07,Academic Block,Food,5.72,1224,1180,false,,Composting
2025-03-07,Academic Block,Plastic,6.2,1224,1180,false,,Recycling
2025-03-07,Academic Block,Paper,15.84,1224,1180,false,,Recycling
2025-03-07,Academic Block,Glass,1.16,1224,1180,false,,Recycling
2025-03-07,Academic Block,Metal,0.94,1224,1180,false,,Recycling
2025-03-07,Academic Block,E-Waste,1.17,1224,1180,false,,Authorized Recycler
2025-03-07,Academic Block,Other,4.77,1224,1180,false,,Recycling
2025-03-07,Administration,Food,3.33,150,129,false,,Composting
2025-03-07,Administration,Plastic,2.9,150,129,false,,Recycling
2025-03-07,Administration,Paper,9.63,150,129,false,,Recycling
2025-03-07,Administration,Glass,0.49,150,129,false,,Recycling
2025-03-07,Administration,Metal,0.78,150,129,false,,Recycling
2025-03-07,Administration,E-Waste,0.78,150,129,false,,Authorized Recycler
2025-03-07,Administration,Other,3.12,150,129,false,,Recycling
2025-03-08,Main Canteen,Food,50.76,672,575,false,,Composting
2025-03-08,Main Canteen,Plastic,9.49,672,575,false,,Recycling
2025-03-08,Main Canteen,Paper,6.54,672,575,false,,Recycling
2025-03-08,Main Canteen,Glass,2.69,672,575,false,,Recycling
2025-03-08,Main Canteen,Metal,1.71,672,575,false,,Recycling
2025-03-08,Main Canteen,E-Waste,0.41,672,575,false,,Authorized Recycler
2025-03-08,Main Canteen,Other,11.12,672,575,false,,Recycling
2025-03-08,Hostel A,Food,22.51,350,353,false,,Composting
2025-03-08,Hostel A,Plastic,6.83,350,353,false,,Recycling
2025-03-08,Hostel A,Paper,4.69,350,353,false,,Recycling
2025-03-08,Hostel A,Glass,1.69,350,353,false,,Recycling
2025-03-08,Hostel A,Metal,2.66,350,353,false,,Recycling
2025-03-08,Hostel A,E-Waste,0.26,350,353,false,,Authorized Recycler
2025-03-08,Hostel A,Other,7.27,350,353,false,,Recycling
2025-03-08,Hostel B,Food,21.66,293,251,false,,Composting
2025-03-08,Hostel B,Plastic,6.02,293,251,false,,Recycling
2025-03-08,Hostel B,Paper,3.39,293,251,false,,Recycling
2025-03-08,Hostel B,Glass,1.55,293,251,false,,Recycling
2025-03-08,Hostel B,Metal,0.88,293,251,false,,Recycling
2025-03-08,Hostel B,E-Waste,0.28,293,251,false,,Authorized Recycler
2025-03-08,Hostel B,Other,3,293,251,false,,Recycling
2025-03-08,Food Court,Food,30.98,480,446,false,,Composting
2025-03-08,Food Court,Plastic,11.64,480,446,false,,Recycling
2025-03-08,Food Court,Paper,4.35,480,446,false,,Recycling
2025-03-08,Food Court,Glass,2.94,480,446,false,,Recycling
2025-03-08,Food Court,Metal,1.41,480,446,false,,Recycling
2025-03-08,Food Court,E-Waste,0.17,480,446,false,,Authorized Recycler
2025-03-08,Food Court,Other,4.43,480,446,false,,Recycling
2025-03-08,Academic Block,Food,4.44,898,877,false,,Composting
2025-03-08,Academic Block,Plastic,4.88,898,877,false,,Recycling
2025-03-08,Academic Block,Paper,10.61,898,877,false,,Recycling
2025-03-08,Academic Block,Glass,0.92,898,877,false,,Recycling
2025-03-08,Academic Block,Metal,0.85,898,877,false,,Recycling
2025-03-08,Academic Block,E-Waste,1,898,877,false,,Authorized Recycler
2025-03-08,Academic Block,Other,3.97,898,877,false,,Recycling
2025-03-08,Administration,Food,2.61,113,97,false,,Composting
2025-03-08,Administration,Plastic,2.48,113,97,false,,Recycling
2025-03-08,Administration,Paper,8.32,113,97,false,,Recycling
2025-03-08,Administration,Glass,0.36,113,97,false,,Recycling
2025-03-08,Administration,Metal,0.68,113,97,false,,Recycling
2025-03-08,Administration,E-Waste,0.75,113,97,false,,Authorized Recycler
2025-03-08,Administration,Other,2.1,113,97,false,,Recycling
2025-03-09,Main Canteen,Food,41.33,629,624,false,,Composting
2025-03-09,Main Canteen,Plastic,10.83,629,624,false,,Recycling
2025-03-09,Main Canteen,Paper,5.96,629,624,false,,Recycling
2025-03-09,Main Canteen,Glass,2.49,629,624,false,,Recycling
2025-03-09,Main Canteen,Metal,1.82,629,624,false,,Recycling
2025-03-09,Main Canteen,E-Waste,0.38,629,624,false,,Authorized Recycler
2025-03-09,Main Canteen,Other,4.62,629,624,false,,Recycling
2025-03-09,Hostel A,Food,26.13,332,298,false,,Composting
2025-03-09,Hostel A,Plastic,8.11,332,298,false,,Recycling
2025-03-09,Hostel A,Paper,4.56,332,298,false,,Recycling
2025-03-09,Hostel A,Glass,1.78,332,298,false,,Recycling
2025-03-09,Hostel A,Metal,0.81,332,298,false,,Recycling
2025-03-09,Hostel A,E-Waste,0.25,332,298,false,,Authorized Recycler
2025-03-09,Hostel A,Other,3.62,332,298,false,,Recycling
2025-03-09,Hostel B,Food,24.62,315,316,false,,Composting
2025-03-09,Hostel B,Plastic,6.03,315,316,false,,Recycling
2025-03-09,Hostel B,Paper,3.13,315,316,false,,Recycling
2025-03-09,Hostel B,Glass,1.8,315,316,false,,Recycling
2025-03-09,Hostel B,Metal,0.77,315,316,false,,Recycling
2025-03-09,Hostel B,E-Waste,0.23,315,316,false,,Authorized Recycler
2025-03-09,Hostel B,Other,2.91,315,316,false,,Recycling
2025-03-09,Food Court,Food,34.23,435,457,false,,Composting
2025-03-09,Food Court,Plastic,14.05,435,457,false,,Recycling
2025-03-09,Food Court,Paper,5.19,435,457,false,,Recycling
2025-03-09,Food Court,Glass,3.56,435,457,false,,Recycling
2025-03-09,Food Court,Metal,1.3,435,457,false,,Recycling
2025-03-09,Food Court,E-Waste,0.17,435,457,false,,Authorized Recycler
2025-03-09,Food Court,Other,4.74,435,457,false,,Recycling
2025-03-09,Academic Block,Food,4.36,916,906,false,,Composting
2025-03-09,Academic Block,Plastic,5.2,916,906,false,,Recycling
2025-03-09,Academic Block,Paper,10.16,916,906,false,,Recycling
2025-03-09,Academic Block,Glass,0.71,916,906,false,,Recycling
2025-03-09,Academic Block,Metal,0.73,916,906,false,,Recycling
2025-03-09,Academic Block,E-Waste,0.98,916,906,false,,Authorized Recycler
2025-03-09,Academic Block,Other,3.52,916,906,false,,Recycling
2025-03-09,Administration,Food,2.13,115,119,false,,Composting
2025-03-09,Administration,Plastic,2.84,115,119,false,,Recycling
2025-03-09,Administration,Paper,8.58,115,119,false,,Recycling
2025-03-09,Administration,Glass,0.37,115,119,false,,Recycling
2025-03-09,Administration,Metal,0.62,115,119,false,,Recycling
2025-03-09,Administration,E-Waste,0.64,115,119,false,,Authorized Recycler
2025-03-09,Administration,Other,2.23,115,119,false,,Recycling
2025-03-10,Main Canteen,Food,55.69,865,893,false,,Composting
2025-03-10,Main Canteen,Plastic,12.76,865,893,false,,Recycling
2025-03-10,Main Canteen,Paper,8.06,865,893,false,,Recycling
2025-03-10,Main Canteen,Glass,3.32,865,893,false,,Recycling
2025-03-10,Main Canteen,Metal,1.97,865,893,false,,Recycling
2025-03-10,Main Canteen,E-Waste,0.55,865,893,false,,Authorized Recycler
2025-03-10,Main Canteen,Other,6.74,865,893,false,,Recycling
2025-03-10,Hostel A,Food,32.34,471,464,false,,Composting
2025-03-10,Hostel A,Plastic,10.57,471,464,false,,Recycling
2025-03-10,Hostel A,Paper,5.75,471,464,false,,Recycling
2025-03-10,Hostel A,Glass,2.11,471,464,false,,Recycling
2025-03-10,Hostel A,Metal,1.04,471,464,false,,Recycling
2025-03-10,Hostel A,E-Waste,0.29,471,464,false,,Authorized Recycler
2025-03-10,Hostel A,Other,4.55,471,464,false,,Recycling
2025-03-10,Hostel B,Food,29.24,431,379,false,,Composting
2025-03-10,Hostel B,Plastic,8.85,431,379,false,,Recycling
2025-03-10,Hostel B,Paper,3.92,431,379,false,,Recycling
2025-03-10,Hostel B,Glass,2.41,431,379,false,,Recycling
2025-03-10,Hostel B,Metal,1.07,431,379,false,,Recycling
2025-03-10,Hostel B,E-Waste,0.28,431,379,false,,Authorized Recycler
2025-03-10,Hostel B,Other,4.88,431,379,false,,Recycling
2025-03-10,Food Court,Food,46.56,613,536,false,,Composting
2025-03-10,Food Court,Plastic,17.91,613,536,false,,Recycling
2025-03-10,Food Court,Paper,6.64,613,536,false,,Recycling
2025-03-10,Food Court,Glass,4.35,613,536,false,,Recycling
2025-03-10,Food Court,Metal,1.86,613,536,false,,Recycling
2025-03-10,Food Court,E-Waste,0.21,613,536,false,,Authorized Recycler
2025-03-10,Food Court,Other,5.76,613,536,false,,Recycling
2025-03-10,Academic Block,Food,5.64,1218,1239,false,,Composting
2025-03-10,Academic Block,Plastic,6.86,1218,1239,false,,Recycling
2025-03-10,Academic Block,Paper,13.81,1218,1239,false,,Recycling
2025-03-10,Academic Block,Glass,1.08,1218,1239,false,,Recycling
2025-03-10,Academic Block,Metal,1.17,1218,1239,false,,Recycling
2025-03-10,Academic Block,E-Waste,1.49,1218,1239,false,,Authorized Recycler
2025-03-10,Academic Block,Other,5.13,1218,1239,false,,Recycling
2025-03-10,Administration,Food,3.05,143,125,false,,Composting
2025-03-10,Administration,Plastic,3.25,143,125,false,,Recycling
2025-03-10,Administration,Paper,10.94,143,125,false,,Recycling
2025-03-10,Administration,Glass,0.54,143,125,false,,Recycling
2025-03-10,Administration,Metal,0.82,143,125,false,,Recycling
2025-03-10,Administration,E-Waste,0.97,143,125,false,,Authorized Recycler
2025-03-10,Administration,Other,3.65,143,125,false,,Recycling
2025-03-11,Main Canteen,Food,63.68,839,764,false,,Composting
2025-03-11,Main Canteen,Plastic,14.45,839,764,false,,Recycling
2025-03-11,Main Canteen,Paper,8.08,839,764,false,,Recycling
2025-03-11,Main Canteen,Glass,3.06,839,764,false,,Recycling
2025-03-11,Main Canteen,Metal,2.3,839,764,false,,Recycling
2025-03-11,Main Canteen,E-Waste,0.47,839,764,false,,Authorized Recycler
2025-03-11,Main Canteen,Other,7.47,839,764,false,,Recycling
2025-03-11,Hostel A,Food,36.09,464,473,false,,Composting
2025-03-11,Hostel A,Plastic,8.57,464,473,false,,Recycling
2025-03-11,Hostel A,Paper,5.17,464,473,false,,Recycling
2025-03-11,Hostel A,Glass,2.48,464,473,false,,Recycling
2025-03-11,Hostel A,Metal,1.25,464,473,false,,Recycling
2025-03-11,Hostel A,E-Waste,0.36,464,473,false,,Authorized Recycler
2025-03-11,Hostel A,Other,4.65,464,473,false,,Recycling
2025-03-11,Hostel B,Food,30.45,448,424,false,,Composting
2025-03-11,Hostel B,Plastic,8.67,448,424,false,,Recycling
2025-03-11,Hostel B,Paper,4.2,448,424,false,,Recycling
2025-03-11,Hostel B,Glass,2.33,448,424,false,,Recycling
2025-03-11,Hostel B,Metal,1.11,448,424,false,,Recycling
2025-03-11,Hostel B,E-Waste,0.33,448,424,false,,Authorized Recycler
2025-03-11,Hostel B,Other,4.81,448,424,false,,Recycling
2025-03-11,Food Court,Food,48.46,577,502,false,,Composting
2025-03-11,Food Court,Plastic,14.7,577,502,false,,Recycling
2025-03-11,Food Court,Paper,7.61,577,502,false,,Recycling
2025-03-11,Food Court,Glass,4.49,577,502,false,,Recycling
2025-03-11,Food Court,Metal,1.41,577,502,false,,Recycling
2025-03-11,Food Court,E-Waste,0.19,577,502,false,,Authorized Recycler
2025-03-11,Food Court,Other,4.78,577,502,false,,Recycling
2025-03-11,Academic Block,Food,5.96,1249,1157,false,,Composting
2025-03-11,Academic Block,Plastic,6.92,1249,1157,false,,Recycling
2025-03-11,Academic Block,Paper,16.47,1249,1157,false,,Recycling
2025-03-11,Academic Block,Glass,1.09,1249,1157,false,,Recycling
2025-03-11,Academic Block,Metal,1.16,1249,1157,false,,Recycling
2025-03-11,Academic Block,E-Waste,1.22,1249,1157,false,,Authorized Recycler
2025-03-11,Academic Block,Other,5.51,1249,1157,false,,Recycling
2025-03-11,Administration,Food,3.44,150,155,false,,Composting
2025-03-11,Administration,Plastic,2.99,150,155,false,,Recycling
2025-03-11,Administration,Paper,10.68,150,155,false,,Recycling
2025-03-11,Administration,Glass,0.51,150,155,false,,Recycling
2025-03-11,Administration,Metal,0.98,150,155,false,,Recycling
2025-03-11,Administration,E-Waste,0.94,150,155,false,,Authorized Recycler
2025-03-11,Administration,Other,3.19,150,155,false,,Recycling
2025-03-12,Main Canteen,Food,66.97,952,848,false,,Composting
2025-03-12,Main Canteen,Plastic,12.91,952,848,false,,Recycling
2025-03-12,Main Canteen,Paper,8.88,952,848,false,,Recycling
2025-03-12,Main Canteen,Glass,2.87,952,848,false,,Recycling
2025-03-12,Main Canteen,Metal,2.31,952,848,false,,Recycling
2025-03-12,Main Canteen,E-Waste,0.5,952,848,false,,Authorized Recycler
2025-03-12,Main Canteen,Other,7.02,952,848,false,,Recycling
2025-03-12,Hostel A,Food,29.54,446,388,false,,Composting
2025-03-12,Hostel A,Plastic,8.78,446,388,false,,Recycling
2025-03-12,Hostel A,Paper,4.89,446,388,false,,Recycling
2025-03-12,Hostel A,Glass,2.39,446,388,false,,Recycling
2025-03-12,Hostel A,Metal,1.15,446,388,false,,Recycling
2025-03-12,Hostel A,E-Waste,0.28,446,388,false,,Authorized Recycler
2025-03-12,Hostel A,Other,4.27,446,388,false,,Recycling
2025-03-12,Hostel B,Food,30.29,425,371,false,,Composting
2025-03-12,Hostel B,Plastic,8.39,425,371,false,,Recycling
2025-03-12,Hostel B,Paper,4.15,425,371,false,,Recycling
2025-03-12,Hostel B,Glass,2.37,425,371,false,,Recycling
2025-03-12,Hostel B,Metal,1.25,425,371,false,,Recycling
2025-03-12,Hostel B,E-Waste,0.29,425,371,false,,Authorized Recycler
2025-03-12,Hostel B,Other,4.1,425,371,false,,Recycling
2025-03-12,Food Court,Food,42.51,603,545,false,,Composting
2025-03-12,Food Court,Plastic,15.72,603,545,false,,Recycling
2025-03-12,Food Court,Paper,6.52,603,545,false,,Recycling
2025-03-12,Food Court,Glass,4.28,603,545,false,,Recycling
2025-03-12,Food Court,Metal,1.55,603,545,false,,Recycling
2025-03-12,Food Court,E-Waste,0.19,603,545,false,,Authorized Recycler
2025-03-12,Food Court,Other,5.56,603,545,false,,Recycling
2025-03-12,Academic Block,Food,5.66,1188,1168,false,,Composting
2025-03-12,Academic Block,Plastic,5.81,1188,1168,false,,Recycling
2025-03-12,Academic Block,Paper,13.82,1188,1168,false,,Recycling
2025-03-12,Academic Block,Glass,1.1,1188,1168,false,,Recycling
2025-03-12,Academic Block,Metal,1.08,1188,1168,false,,Recycling
2025-03-12,Academic Block,E-Waste,1.42,1188,1168,false,,Authorized Recycler
2025-03-12,Academic Block,Other,4.73,1188,1168,false,,Recycling
2025-03-12,Administration,Food,3.34,158,157,false,,Composting
2025-03-12,Administration,Plastic,3.37,158,157,false,,Recycling
2025-03-12,Administration,Paper,11.77,158,157,false,,Recycling
2025-03-12,Administration,Glass,0.61,158,157,false,,Recycling
2025-03-12,Administration,Metal,0.86,158,157,false,,Recycling
2025-03-12,Administration,E-Waste,0.84,158,157,false,,Authorized Recycler
2025-03-12,Administration,Other,2.92,158,157,false,,Recycling
2025-03-13,Main Canteen,Food,53.37,963,1004,false,,Composting
2025-03-13,Main Canteen,Plastic,13.44,963,1004,false,,Recycling
2025-03-13,Main Canteen,Paper,8.71,963,1004,false,,Recycling
2025-03-13,Main Canteen,Glass,3.08,963,1004,false,,Recycling
2025-03-13,Main Canteen,Metal,2.23,963,1004,false,,Recycling
2025-03-13,Main Canteen,E-Waste,0.52,963,1004,false,,Authorized Recycler
2025-03-13,Main Canteen,Other,6.05,963,1004,false,,Recycling
2025-03-13,Hostel A,Food,35.88,442,442,false,,Composting
2025-03-13,Hostel A,Plastic,9.21,442,442,false,,Recycling
2025-03-13,Hostel A,Paper,5.48,442,442,false,,Recycling
2025-03-13,Hostel A,Glass,2.05,442,442,false,,Recycling
2025-03-13,Hostel A,Metal,1.18,442,442,false,,Recycling
2025-03-13,Hostel A,E-Waste,0.29,442,442,false,,Authorized Recycler
2025-03-13,Hostel A,Other,3.84,442,442,false,,Recycling
2025-03-13,Hostel B,Food,31.85,452,418,false,,Composting
2025-03-13,Hostel B,Plastic,8.9,452,418,false,,Recycling
2025-03-13,Hostel B,Paper,4.19,452,418,false,,Recycling
2025-03-13,Hostel B,Glass,2.09,452,418,false,,Recycling
2025-03-13,Hostel B,Metal,1.26,452,418,false,,Recycling
2025-03-13,Hostel B,E-Waste,0.29,452,418,false,,Authorized Recycler
2025-03-13,Hostel B,Other,4.52,452,418,false,,Recycling
2025-03-13,Food Court,Food,46.37,624,649,false,,Composting
2025-03-13,Food Court,Plastic,17.66,624,649,false,,Recycling
2025-03-13,Food Court,Paper,6.02,624,649,false,,Recycling
2025-03-13,Food Court,Glass,4.18,624,649,false,,Recycling
2025-03-13,Food Court,Metal,1.45,624,649,false,,Recycling
2025-03-13,Food Court,E-Waste,0.23,624,649,false,,Authorized Recycler
2025-03-13,Food Court,Other,5.37,624,649,false,,Recycling
2025-03-13,Academic Block,Food,5.31,1290,1104,false,,Composting
2025-03-13,Academic Block,Plastic,6.16,1290,1104,false,,Recycling
2025-03-13,Academic Block,Paper,16.66,1290,1104,false,,Recycling
2025-03-13,Academic Block,Glass,1.2,1290,1104,false,,Recycling
2025-03-13,Academic Block,Metal,1.01,1290,1104,false,,Recycling
2025-03-13,Academic Block,E-Waste,1.43,1290,1104,false,,Authorized Recycler
2025-03-13,Academic Block,Other,4.98,1290,1104,false,,Recycling
2025-03-13,Administration,Food,3.11,153,154,false,,Composting
2025-03-13,Administration,Plastic,3.71,153,154,false,,Recycling
2025-03-13,Administration,Paper,12,153,154,false,,Recycling
2025-03-13,Administration,Glass,0.59,153,154,false,,Recycling
2025-03-13,Administration,Metal,0.82,153,154,false,,Recycling
2025-03-13,Administration,E-Waste,0.76,153,154,false,,Authorized Recycler
2025-03-13,Administration,Other,3.16,153,154,false,,Recycling
2025-03-14,Main Canteen,Food,65.46,920,948,false,,Composting
2025-03-14,Main Canteen,Plastic,13.37,920,948,false,,Recycling
2025-03-14,Main Canteen,Paper,8.43,920,948,false,,Recycling
2025-03-14,Main Canteen,Glass,3.04,920,948,false,,Recycling
2025-03-14,Main Canteen,Metal,2.27,920,948,false,,Recycling
2025-03-14,Main Canteen,E-Waste,0.59,920,948,false,,Authorized Recycler
2025-03-14,Main Canteen,Other,7.22,920,948,false,,Recycling
2025-03-14,Hostel A,Food,28.57,475,418,false,,Composting
2025-03-14,Hostel A,Plastic,10.85,475,418,false,,Recycling
2025-03-14,Hostel A,Paper,5.82,475,418,false,,Recycling
2025-03-14,Hostel A,Glass,2.35,475,418,false,,Recycling
2025-03-14,Hostel A,Metal,1.13,475,418,false,,Recycling
2025-03-14,Hostel A,E-Waste,0.32,475,418,false,,Authorized Recycler
2025-03-14,Hostel A,Other,3.8,475,418,false,,Recycling
2025-03-14,Hostel B,Food,28.93,416,403,false,,Composting
2025-03-14,Hostel B,Plastic,8.43,416,403,false,,Recycling
2025-03-14,Hostel B,Paper,4.77,416,403,false,,Recycling
2025-03-14,Hostel B,Glass,2.37,416,403,false,,Recycling
2025-03-14,Hostel B,Metal,1.27,416,403,false,,Recycling
2025-03-14,Hostel B,E-Waste,0.37,416,403,false,,Authorized Recycler
2025-03-14,Hostel B,Other,3.86,416,403,false,,Recycling
2025-03-14,Food Court,Food,37.94,578,547,false,,Composting
2025-03-14,Food Court,Plastic,17.21,578,547,false,,Recycling
2025-03-14,Food Court,Paper,6.77,578,547,false,,Recycling
2025-03-14,Food Court,Glass,4.61,578,547,false,,Recycling
2025-03-14,Food Court,Metal,1.77,578,547,false,,Recycling
2025-03-14,Food Court,E-Waste,0.2,578,547,false,,Authorized Recycler
2025-03-14,Food Court,Other,4.75,578,547,false,,Recycling
2025-03-14,Academic Block,Food,5.44,1236,1247,false,,Composting
2025-03-14,Academic Block,Plastic,6.67,1236,1247,false,,Recycling
2025-03-14,Academic Block,Paper,17.27,1236,1247,false,,Recycling
2025-03-14,Academic Block,Glass,1.17,1236,1247,false,,Recycling
2025-03-14,Academic Block,Metal,1.09,1236,1247,false,,Recycling
2025-03-14,Academic Block,E-Waste,1.37,1236,1247,false,,Authorized Recycler
2025-03-14,Academic Block,Other,5.18,1236,1247,false,,Recycling
2025-03-14,Administration,Food,3.05,141,134,false,,Composting
2025-03-14,Administration,Plastic,3.35,141,134,false,,Recycling
2025-03-14,Administration,Paper,12.47,141,134,false,,Recycling
2025-03-14,Administration,Glass,0.48,141,134,false,,Recycling
2025-03-14,Administration,Metal,0.95,141,134,false,,Recycling
2025-03-14,Administration,E-Waste,0.79,141,134,false,,Authorized Recycler
2025-03-14,Administration,Other,3.25,141,134,false,,Recycling
2025-03-15,Main Canteen,Food,40.89,655,604,false,,Composting
2025-03-15,Main Canteen,Plastic,10.53,655,604,false,,Recycling
2025-03-15,Main Canteen,Paper,6.71,655,604,false,,Recycling
2025-03-15,Main Canteen,Glass,2.3,655,604,false,,Recycling
2025-03-15,Main Canteen,Metal,1.49,655,604,false,,Recycling
2025-03-15,Main Canteen,E-Waste,0.44,655,604,false,,Authorized Recycler
2025-03-15,Main Canteen,Other,5.41,655,604,false,,Recycling
2025-03-15,Hostel A,Food,23.14,319,311,false,,Composting
2025-03-15,Hostel A,Plastic,6.55,319,311,false,,Recycling
2025-03-15,Hostel A,Paper,3.6,319,311,false,,Recycling
2025-03-15,Hostel A,Glass,1.64,319,311,false,,Recycling
2025-03-15,Hostel A,Metal,0.83,319,311,false,,Recycling
2025-03-15,Hostel A,E-Waste,0.22,319,311,false,,Authorized Recycler
2025-03-15,Hostel A,Other,3.45,319,311,false,,Recycling
2025-03-15,Hostel B,Food,25.46,306,267,false,,Composting
2025-03-15,Hostel B,Plastic,5.89,306,267,false,,Recycling
2025-03-15,Hostel B,Paper,3.76,306,267,false,,Recycling
2025-03-15,Hostel B,Glass,1.58,306,267,false,,Recycling
2025-03-15,Hostel B,Metal,0.78,306,267,false,,Recycling
2025-03-15,Hostel B,E-Waste,0.26,306,267,false,,Authorized Recycler
2025-03-15,Hostel B,Other,2.91,306,267,false,,Recycling
2025-03-15,Food Court,Food,36.16,445,396,false,,Composting
2025-03-15,Food Court,Plastic,12.01,445,396,false,,Recycling
2025-03-15,Food Court,Paper,5.59,445,396,false,,Recycling
2025-03-15,Food Court,Glass,3.53,445,396,false,,Recycling
2025-03-15,Food Court,Metal,1.26,445,396,false,,Recycling
2025-03-15,Food Court,E-Waste,0.14,445,396,false,,Authorized Recycler
2025-03-15,Food Court,Other,4.43,445,396,false,,Recycling
2025-03-15,Academic Block,Food,3.72,961,876,false,,Composting
2025-03-15,Academic Block,Plastic,4.5,961,876,false,,Recycling
2025-03-15,Academic Block,Paper,12.89,961,876,false,,Recycling
2025-03-15,Academic Block,Glass,0.85,961,876,false,,Recycling
2025-03-15,Academic Block,Metal,0.8,961,876,false,,Recycling
2025-03-15,Academic Block,E-Waste,1.05,961,876,false,,Authorized Recycler
2025-03-15,Academic Block,Other,4.4,961,876,false,,Recycling
2025-03-15,Administration,Food,2.64,116,102,false,,Composting
2025-03-15,Administration,Plastic,2.71,116,102,false,,Recycling
2025-03-15,Administration,Paper,8.23,116,102,false,,Recycling
2025-03-15,Administration,Glass,0.39,116,102,false,,Recycling
2025-03-15,Administration,Metal,0.61,116,102,false,,Recycling
2025-03-15,Administration,E-Waste,0.76,116,102,false,,Authorized Recycler
2025-03-15,Administration,Other,2.65,116,102,false,,Recycling
2025-03-16,Main Canteen,Food,94.45,651,641,true,,Composting
2025-03-16,Main Canteen,Plastic,14.82,651,641,true,,Recycling
2025-03-16,Main Canteen,Paper,13.45,651,641,true,,Recycling
2025-03-16,Main Canteen,Glass,4.08,651,641,true,,Recycling
2025-03-16,Main Canteen,Metal,3.07,651,641,true,,Recycling
2025-03-16,Main Canteen,E-Waste,0.8,651,641,true,,Authorized Recycler
2025-03-16,Main Canteen,Other,9.26,651,641,true,,Recycling
2025-03-16,Hostel A,Food,45.96,350,355,true,,Composting
2025-03-16,Hostel A,Plastic,13.32,350,355,true,,Recycling
2025-03-16,Hostel A,Paper,8.79,350,355,true,,Recycling
2025-03-16,Hostel A,Glass,3.25,350,355,true,,Recycling
2025-03-16,Hostel A,Metal,1.45,350,355,true,,Recycling
2025-03-16,Hostel A,E-Waste,0.43,350,355,true,,Authorized Recycler
2025-03-16,Hostel A,Other,6.34,350,355,true,,Recycling
2025-03-16,Hostel B,Food,41.91,338,289,true,,Composting
2025-03-16,Hostel B,Plastic,12.78,338,289,true,,Recycling
2025-03-16,Hostel B,Paper,6.72,338,289,true,,Recycling
2025-03-16,Hostel B,Glass,3.69,338,289,true,,Recycling
2025-03-16,Hostel B,Metal,1.48,338,289,true,,Recycling
2025-03-16,Hostel B,E-Waste,0.42,338,289,true,,Authorized Recycler
2025-03-16,Hostel B,Other,5.95,338,289,true,,Recycling
2025-03-16,Food Court,Food,59.32,442,377,true,,Composting
2025-03-16,Food Court,Plastic,21.56,442,377,true,,Recycling
2025-03-16,Food Court,Paper,9.24,442,377,true,,Recycling
2025-03-16,Food Court,Glass,5.83,442,377,true,,Recycling
2025-03-16,Food Court,Metal,2.11,442,377,true,,Recycling
2025-03-16,Food Court,E-Waste,0.35,442,377,true,,Authorized Recycler
2025-03-16,Food Court,Other,7.89,442,377,true,,Recycling
2025-03-16,Academic Block,Food,8.01,959,974,true,,Composting
2025-03-16,Academic Block,Plastic,8.1,959,974,true,,Recycling
2025-03-16,Academic Block,Paper,22.82,959,974,true,,Recycling
2025-03-16,Academic Block,Glass,1.42,959,974,true,,Recycling
2025-03-16,Academic Block,Metal,1.31,959,974,true,,Recycling
2025-03-16,Academic Block,E-Waste,1.76,959,974,true,,Authorized Recycler
2025-03-16,Academic Block,Other,7.23,959,974,true,,Recycling
2025-03-16,Administration,Food,5.12,120,107,true,,Composting
2025-03-16,Administration,Plastic,4.01,120,107,true,,Recycling
2025-03-16,Administration,Paper,15.09,120,107,true,,Recycling
2025-03-16,Administration,Glass,0.66,120,107,true,,Recycling
2025-03-16,Administration,Metal,1.23,120,107,true,,Recycling
2025-03-16,Administration,E-Waste,1.37,120,107,true,,Authorized Recycler
2025-03-16,Administration,Other,3.78,120,107,true,,Recycling
2025-03-17,Main Canteen,Food,66.87,842,847,false,,Composting
2025-03-17,Main Canteen,Plastic,11.36,842,847,false,,Recycling
2025-03-17,Main Canteen,Paper,10.1,842,847,false,,Recycling
2025-03-17,Main Canteen,Glass,3.72,842,847,false,,Recycling
2025-03-17,Main Canteen,Metal,2.41,842,847,false,,Recycling
2025-03-17,Main Canteen,E-Waste,0.6,842,847,false,,Authorized Recycler
2025-03-17,Main Canteen,Other,6.45,842,847,false,,Recycling
2025-03-17,Hostel A,Food,37.96,421,440,false,,Composting
2025-03-17,Hostel A,Plastic,10.5,421,440,false,,Recycling
2025-03-17,Hostel A,Paper,5.21,421,440,false,,Recycling
2025-03-17,Hostel A,Glass,2.41,421,440,false,,Recycling
2025-03-17,Hostel A,Metal,0.96,421,440,false,,Recycling
2025-03-17,Hostel A,E-Waste,0.35,421,440,false,,Authorized Recycler
2025-03-17,Hostel A,Other,4.58,421,440,false,,Recycling
2025-03-17,Hostel B,Food,32.63,444,392,false,,Composting
2025-03-17,Hostel B,Plastic,9.53,444,392,false,,Recycling
2025-03-17,Hostel B,Paper,4.36,444,392,false,,Recycling
2025-03-17,Hostel B,Glass,2.22,444,392,false,,Recycling
2025-03-17,Hostel B,Metal,1.12,444,392,false,,Recycling
2025-03-17,Hostel B,E-Waste,0.3,444,392,false,,Authorized Recycler
2025-03-17,Hostel B,Other,4.51,444,392,false,,Recycling
2025-03-17,Food Court,Food,40.9,583,503,false,,Composting
2025-03-17,Food Court,Plastic,14.89,583,503,false,,Recycling
2025-03-17,Food Court,Paper,6.54,583,503,false,,Recycling
2025-03-17,Food Court,Glass,3.94,583,503,false,,Recycling
2025-03-17,Food Court,Metal,1.73,583,503,false,,Recycling
2025-03-17,Food Court,E-Waste,0.2,583,503,false,,Authorized Recycler
2025-03-17,Food Court,Other,4.9,583,503,false,,Recycling
2025-03-17,Academic Block,Food,6.33,1162,1087,false,,Composting
2025-03-17,Academic Block,Plastic,17.71,1162,1087,false,,Recycling
2025-03-17,Academic Block,Paper,17.06,1162,1087,false,,Recycling
2025-03-17,Academic Block,Glass,1,1162,1087,false,,Recycling
2025-03-17,Academic Block,Metal,1.11,1162,1087,false,,Recycling
2025-03-17,Academic Block,E-Waste,1.39,1162,1087,false,,Authorized Recycler
2025-03-17,Academic Block,Other,5.49,1162,1087,false,,Recycling
2025-03-17,Administration,Food,3.08,146,153,false,,Composting
2025-03-17,Administration,Plastic,3.48,146,153,false,,Recycling
2025-03-17,Administration,Paper,12.11,146,153,false,,Recycling
2025-03-17,Administration,Glass,0.63,146,153,false,,Recycling
2025-03-17,Administration,Metal,0.77,146,153,false,,Recycling
2025-03-17,Administration,E-Waste,0.83,146,153,false,,Authorized Recycler
2025-03-17,Administration,Other,2.9,146,153,false,,Recycling
2025-03-18,Main Canteen,Food,53.08,969,986,false,,Composting
2025-03-18,Main Canteen,Plastic,15.24,969,986,false,,Recycling
2025-03-18,Main Canteen,Paper,9.72,969,986,false,,Recycling
2025-03-18,Main Canteen,Glass,3.35,969,986,false,,Recycling
2025-03-18,Main Canteen,Metal,2.54,969,986,false,,Recycling
2025-03-18,Main Canteen,E-Waste,0.61,969,986,false,,Authorized Recycler
2025-03-18,Main Canteen,Other,7.57,969,986,false,,Recycling
2025-03-18,Hostel A,Food,32.63,443,439,false,,Composting
2025-03-18,Hostel A,Plastic,10.65,443,439,false,,Recycling
2025-03-18,Hostel A,Paper,5.75,443,439,false,,Recycling
2025-03-18,Hostel A,Glass,2.48,443,439,false,,Recycling
2025-03-18,Hostel A,Metal,0.99,443,439,false,,Recycling
2025-03-18,Hostel A,E-Waste,0.38,443,439,false,,Authorized Recycler
2025-03-18,Hostel A,Other,4.53,443,439,false,,Recycling
2025-03-18,Hostel B,Food,32.69,423,382,false,,Composting
2025-03-18,Hostel B,Plastic,9.66,423,382,false,,Recycling
2025-03-18,Hostel B,Paper,4.16,423,382,false,,Recycling
2025-03-18,Hostel B,Glass,2.01,423,382,false,,Recycling
2025-03-18,Hostel B,Metal,1.24,423,382,false,,Recycling
2025-03-18,Hostel B,E-Waste,0.35,423,382,false,,Authorized Recycler
2025-03-18,Hostel B,Other,4.84,423,382,false,,Recycling
2025-03-18,Food Court,Food,38.62,570,518,false,,Composting
2025-03-18,Food Court,Plastic,18.37,570,518,false,,Recycling
2025-03-18,Food Court,Paper,5.79,570,518,false,,Recycling
2025-03-18,Food Court,Glass,4.81,570,518,false,,Recycling
2025-03-18,Food Court,Metal,1.75,570,518,false,,Recycling
2025-03-18,Food Court,E-Waste,0.24,570,518,false,,Authorized Recycler
2025-03-18,Food Court,Other,4.95,570,518,false,,Recycling
2025-03-18,Academic Block,Food,5.98,1213,1238,false,,Composting
2025-03-18,Academic Block,Plastic,6.66,1213,1238,false,,Recycling
2025-03-18,Academic Block,Paper,17.56,1213,1238,false,,Recycling
2025-03-18,Academic Block,Glass,1.03,1213,1238,false,,Recycling
2025-03-18,Academic Block,Metal,1,1213,1238,false,,Recycling
2025-03-18,Academic Block,E-Waste,1.15,1213,1238,false,,Authorized Recycler
2025-03-18,Academic Block,Other,5.77,1213,1238,false,,Recycling
2025-03-18,Administration,Food,3.11,150,133,false,,Composting
2025-03-18,Administration,Plastic,3.05,150,133,false,,Recycling
2025-03-18,Administration,Paper,12.26,150,133,false,,Recycling
2025-03-18,Administration,Glass,0.63,150,133,false,,Recycling
2025-03-18,Administration,Metal,0.85,150,133,false,,Recycling
2025-03-18,Administration,E-Waste,0.89,150,133,false,,Authorized Recycler
2025-03-18,Administration,Other,3.19,150,133,false,,Recycling
2025-03-19,Main Canteen,Food,66.83,881,797,false,,Composting
2025-03-19,Main Canteen,Plastic,14.92,881,797,false,,Recycling
2025-03-19,Main Canteen,Paper,9.18,881,797,false,,Recycling
2025-03-19,Main Canteen,Glass,2.94,881,797,false,,Recycling
2025-03-19,Main Canteen,Metal,2.46,881,797,false,,Recycling
2025-03-19,Main Canteen,E-Waste,0.54,881,797,false,,Authorized Recycler
2025-03-19,Main Canteen,Other,7.14,881,797,false,,Recycling
2025-03-19,Hostel A,Food,28.73,456,394,false,,Composting
2025-03-19,Hostel A,Plastic,8.55,456,394,false,,Recycling
2025-03-19,Hostel A,Paper,5.44,456,394,false,,Recycling
2025-03-19,Hostel A,Glass,2.5,456,394,false,,Recycling
2025-03-19,Hostel A,Metal,1.04,456,394,false,,Recycling
2025-03-19,Hostel A,E-Waste,0.35,456,394,false,,Authorized Recycler
2025-03-19,Hostel A,Other,4.21,456,394,false,,Recycling
2025-03-19,Hostel B,Food,33.34,445,413,false,,Composting
2025-03-19,Hostel B,Plastic,9.21,445,413,false,,Recycling
2025-03-19,Hostel B,Paper,3.97,445,413,false,,Recycling
2025-03-19,Hostel B,Glass,2.48,445,413,false,,Recycling
2025-03-19,Hostel B,Metal,0.99,445,413,false,,Recycling
2025-03-19,Hostel B,E-Waste,0.32,445,413,false,,Authorized Recycler
2025-03-19,Hostel B,Other,4.38,445,413,false,,Recycling
2025-03-19,Food Court,Food,50.61,568,532,false,,Composting
2025-03-19,Food Court,Plastic,18.17,568,532,false,,Recycling
2025-03-19,Food Court,Paper,5.9,568,532,false,,Recycling
2025-03-19,Food Court,Glass,4.03,568,532,false,,Recycling
2025-03-19,Food Court,Metal,1.54,568,532,false,,Recycling
2025-03-19,Food Court,E-Waste,0.21,568,532,false,,Authorized Recycler
2025-03-19,Food Court,Other,5.4,568,532,false,,Recycling
2025-03-19,Academic Block,Food,6.32,1126,966,false,,Composting
2025-03-19,Academic Block,Plastic,7.56,1126,966,false,,Recycling
2025-03-19,Academic Block,Paper,16.85,1126,966,false,,Recycling
2025-03-19,Academic Block,Glass,1.12,1126,966,false,,Recycling
2025-03-19,Academic Block,Metal,0.99,1126,966,false,,Recycling
2025-03-19,Academic Block,E-Waste,1.34,1126,966,false,,Authorized Recycler
2025-03-19,Academic Block,Other,5.25,1126,966,false,,Recycling
2025-03-19,Administration,Food,3.55,146,141,false,,Composting
2025-03-19,Administration,Plastic,3.48,146,141,false,,Recycling
2025-03-19,Administration,Paper,12.28,146,141,false,,Recycling
2025-03-19,Administration,Glass,0.58,146,141,false,,Recycling
2025-03-19,Administration,Metal,0.98,146,141,false,,Recycling
2025-03-19,Administration,E-Waste,0.76,146,141,false,,Authorized Recycler
2025-03-19,Administration,Other,3.56,146,141,false,,Recycling
2025-03-20,Main Canteen,Food,55.37,867,815,false,,Composting
2025-03-20,Main Canteen,Plastic,12.22,867,815,false,,Recycling
2025-03-20,Main Canteen,Paper,8.24,867,815,false,,Recycling
2025-03-20,Main Canteen,Glass,3.51,867,815,false,,Recycling
2025-03-20,Main Canteen,Metal,2.21,867,815,false,,Recycling
2025-03-20,Main Canteen,E-Waste,0.49,867,815,false,,Authorized Recycler
2025-03-20,Main Canteen,Other,7.31,867,815,false,,Recycling
2025-03-20,Hostel A,Food,30.04,474,442,false,,Composting
2025-03-20,Hostel A,Plastic,11.37,474,442,false,,Recycling
2025-03-20,Hostel A,Paper,5.8,474,442,false,,Recycling
2025-03-20,Hostel A,Glass,2.41,474,442,false,,Recycling
2025-03-20,Hostel A,Metal,1.08,474,442,false,,Recycling
2025-03-20,Hostel A,E-Waste,0.3,474,442,false,,Authorized Recycler
2025-03-20,Hostel A,Other,4.14,474,442,false,,Recycling
2025-03-20,Hostel B,Food,34.69,421,389,false,,Composting
2025-03-20,Hostel B,Plastic,10.16,421,389,false,,Recycling
2025-03-20,Hostel B,Paper,4.62,421,389,false,,Recycling
2025-03-20,Hostel B,Glass,2.55,421,389,false,,Recycling
2025-03-20,Hostel B,Metal,1.02,421,389,false,,Recycling
2025-03-20,Hostel B,E-Waste,0.29,421,389,false,,Authorized Recycler
2025-03-20,Hostel B,Other,4.92,421,389,false,,Recycling
2025-03-20,Food Court,Food,39.79,584,611,false,,Composting
2025-03-20,Food Court,Plastic,18.33,584,611,false,,Recycling
2025-03-20,Food Court,Paper,7.05,584,611,false,,Recycling
2025-03-20,Food Court,Glass,4.09,584,611,false,,Recycling
2025-03-20,Food Court,Metal,1.54,584,611,false,,Recycling
2025-03-20,Food Court,E-Waste,0.23,584,611,false,,Authorized Recycler
2025-03-20,Food Court,Other,5.78,584,611,false,,Recycling
2025-03-20,Academic Block,Food,5.3,1181,1206,false,,Composting
2025-03-20,Academic Block,Plastic,7.06,1181,1206,false,,Recycling
2025-03-20,Academic Block,Paper,16.48,1181,1206,false,,Recycling
2025-03-20,Academic Block,Glass,1.05,1181,1206,false,,Recycling
2025-03-20,Academic Block,Metal,1.19,1181,1206,false,,Recycling
2025-03-20,Academic Block,E-Waste,1.3,1181,1206,false,,Authorized Recycler
2025-03-20,Academic Block,Other,6.15,1181,1206,false,,Recycling
2025-03-20,Administration,Food,3.73,140,132,false,,Composting
2025-03-20,Administration,Plastic,3.09,140,132,false,,Recycling
2025-03-20,Administration,Paper,9.95,140,132,false,,Recycling
2025-03-20,Administration,Glass,0.55,140,132,false,,Recycling
2025-03-20,Administration,Metal,0.99,140,132,false,,Recycling
2025-03-20,Administration,E-Waste,0.8,140,132,false,,Authorized Recycler
2025-03-20,Administration,Other,3.33,140,132,false,,Recycling
2025-03-21,Main Canteen,Food,61.65,832,823,false,,Composting
2025-03-21,Main Canteen,Plastic,12.5,832,823,false,,Recycling
2025-03-21,Main Canteen,Paper,7.8,832,823,false,,Recycling
2025-03-21,Main Canteen,Glass,3.37,832,823,false,,Recycling
2025-03-21,Main Canteen,Metal,2.01,832,823,false,,Recycling
2025-03-21,Main Canteen,E-Waste,0.53,832,823,false,,Authorized Recycler
2025-03-21,Main Canteen,Other,6.73,832,823,false,,Recycling
2025-03-21,Hostel A,Food,29.86,449,386,false,,Composting
2025-03-21,Hostel A,Plastic,11.05,449,386,false,,Recycling
2025-03-21,Hostel A,Paper,5.73,449,386,false,,Recycling
2025-03-21,Hostel A,Glass,2.45,449,386,false,,Recycling
2025-03-21,Hostel A,Metal,1.22,449,386,false,,Recycling
2025-03-21,Hostel A,E-Waste,0.36,449,386,false,,Authorized Recycler
2025-03-21,Hostel A,Other,4.76,449,386,false,,Recycling
2025-03-21,Hostel B,Food,30.47,438,419,false,,Composting
2025-03-21,Hostel B,Plastic,8.03,438,419,false,,Recycling
2025-03-21,Hostel B,Paper,11.07,438,419,false,,Recycling
2025-03-21,Hostel B,Glass,2.07,438,419,false,,Recycling
2025-03-21,Hostel B,Metal,1.27,438,419,false,,Recycling
2025-03-21,Hostel B,E-Waste,0.29,438,419,false,,Authorized Recycler
2025-03-21,Hostel B,Other,4.84,438,419,false,,Recycling
2025-03-21,Food Court,Food,50.17,578,601,false,,Composting
2025-03-21,Food Court,Plastic,19.1,578,601,false,,Recycling
2025-03-21,Food Court,Paper,7.06,578,601,false,,Recycling
2025-03-21,Food Court,Glass,3.82,578,601,false,,Recycling
2025-03-21,Food Court,Metal,1.5,578,601,false,,Recycling
2025-03-21,Food Court,E-Waste,0.22,578,601,false,,Authorized Recycler
2025-03-21,Food Court,Other,5.86,578,601,false,,Recycling
2025-03-21,Academic Block,Food,4.95,1226,1099,false,,Composting
2025-03-21,Academic Block,Plastic,17.28,1226,1099,false,,Recycling
2025-03-21,Academic Block,Paper,17.79,1226,1099,false,,Recycling
2025-03-21,Academic Block,Glass,1.05,1226,1099,false,,Recycling
2025-03-21,Academic Block,Metal,0.96,1226,1099,false,,Recycling
2025-03-21,Academic Block,E-Waste,1.36,1226,1099,false,,Authorized Recycler
2025-03-21,Academic Block,Other,5.06,1226,1099,false,,Recycling
2025-03-21,Administration,Food,3.22,141,132,false,,Composting
2025-03-21,Administration,Plastic,2.92,141,132,false,,Recycling
2025-03-21,Administration,Paper,11.77,141,132,false,,Recycling
2025-03-21,Administration,Glass,0.6,141,132,false,,Recycling
2025-03-21,Administration,Metal,0.83,141,132,false,,Recycling
2025-03-21,Administration,E-Waste,1.03,141,132,false,,Authorized Recycler
2025-03-21,Administration,Other,3.83,141,132,false,,Recycling
2025-03-22,Main Canteen,Food,44.95,636,631,false,,Composting
2025-03-22,Main Canteen,Plastic,9.84,636,631,false,,Recycling
2025-03-22,Main Canteen,Paper,7.72,636,631,false,,Recycling
2025-03-22,Main Canteen,Glass,2.34,636,631,false,,Recycling
2025-03-22,Main Canteen,Metal,1.64,636,631,false,,Recycling
2025-03-22,Main Canteen,E-Waste,0.38,636,631,false,,Authorized Recycler
2025-03-22,Main Canteen,Other,5.62,636,631,false,,Recycling
2025-03-22,Hostel A,Food,21.54,327,321,false,,Composting
2025-03-22,Hostel A,Plastic,7.81,327,321,false,,Recycling
2025-03-22,Hostel A,Paper,4.06,327,321,false,,Recycling
2025-03-22,Hostel A,Glass,1.85,327,321,false,,Recycling
2025-03-22,Hostel A,Metal,0.91,327,321,false,,Recycling
2025-03-22,Hostel A,E-Waste,0.22,327,321,false,,Authorized Recycler
2025-03-22,Hostel A,Other,3.86,327,321,false,,Recycling
2025-03-22,Hostel B,Food,23.82,325,332,false,,Composting
2025-03-22,Hostel B,Plastic,7.34,325,332,false,,Recycling
2025-03-22,Hostel B,Paper,3.59,325,332,false,,Recycling
2025-03-22,Hostel B,Glass,1.57,325,332,false,,Recycling
2025-03-22,Hostel B,Metal,0.87,325,332,false,,Recycling
2025-03-22,Hostel B,E-Waste,0.23,325,332,false,,Authorized Recycler
2025-03-22,Hostel B,Other,3.41,325,332,false,,Recycling
2025-03-22,Food Court,Food,32.83,467,472,false,,Composting
2025-03-22,Food Court,Plastic,13.38,467,472,false,,Recycling
2025-03-22,Food Court,Paper,5.06,467,472,false,,Recycling
2025-03-22,Food Court,Glass,3.62,467,472,false,,Recycling
2025-03-22,Food Court,Metal,1.1,467,472,false,,Recycling
2025-03-22,Food Court,E-Waste,0.16,467,472,false,,Authorized Recycler
2025-03-22,Food Court,Other,4.24,467,472,false,,Recycling
2025-03-22,Academic Block,Food,4.06,970,896,false,,Composting
2025-03-22,Academic Block,Plastic,4.39,970,896,false,,Recycling
2025-03-22,Academic Block,Paper,12.76,970,896,false,,Recycling
2025-03-22,Academic Block,Glass,0.75,970,896,false,,Recycling
2025-03-22,Academic Block,Metal,0.89,970,896,false,,Recycling
2025-03-22,Academic Block,E-Waste,1.1,970,896,false,,Authorized Recycler
2025-03-22,Academic Block,Other,4.69,970,896,false,,Recycling
2025-03-22,Administration,Food,2.4,118,101,false,,Composting
2025-03-22,Administration,Plastic,2.87,118,101,false,,Recycling
2025-03-22,Administration,Paper,8.72,118,101,false,,Recycling
2025-03-22,Administration,Glass,1.25,118,101,false,,Recycling
2025-03-22,Administration,Metal,0.75,118,101,false,,Recycling
2025-03-22,Administration,E-Waste,0.64,118,101,false,,Authorized Recycler
2025-03-22,Administration,Other,2.71,118,101,false,,Recycling
2025-03-23,Main Canteen,Food,43.47,715,744,false,,Composting
2025-03-23,Main Canteen,Plastic,10.4,715,744,false,,Recycling
2025-03-23,Main Canteen,Paper,5.9,715,744,false,,Recycling
2025-03-23,Main Canteen,Glass,2.34,715,744,false,,Recycling
2025-03-23,Main Canteen,Metal,1.88,715,744,false,,Recycling
2025-03-23,Main Canteen,E-Waste,0.46,715,744,false,,Authorized Recycler
2025-03-23,Main Canteen,Other,5.09,715,744,false,,Recycling
2025-03-23,Hostel A,Food,25.18,361,367,false,,Composting
2025-03-23,Hostel A,Plastic,7.49,361,367,false,,Recycling
2025-03-23,Hostel A,Paper,3.69,361,367,false,,Recycling
2025-03-23,Hostel A,Glass,1.61,361,367,false,,Recycling
2025-03-23,Hostel A,Metal,0.81,361,367,false,,Recycling
2025-03-23,Hostel A,E-Waste,0.27,361,367,false,,Authorized Recycler
2025-03-23,Hostel A,Other,3.62,361,367,false,,Recycling
2025-03-23,Hostel B,Food,20.31,322,302,false,,Composting
2025-03-23,Hostel B,Plastic,5.78,322,302,false,,Recycling
2025-03-23,Hostel B,Paper,3.42,322,302,false,,Recycling
2025-03-23,Hostel B,Glass,1.68,322,302,false,,Recycling
2025-03-23,Hostel B,Metal,0.85,322,302,false,,Recycling
2025-03-23,Hostel B,E-Waste,0.25,322,302,false,,Authorized Recycler
2025-03-23,Hostel B,Other,3.26,322,302,false,,Recycling
2025-03-23,Food Court,Food,35.37,455,448,false,,Composting
2025-03-23,Food Court,Plastic,10.95,455,448,false,,Recycling
2025-03-23,Food Court,Paper,5.02,455,448,false,,Recycling
2025-03-23,Food Court,Glass,3.42,455,448,false,,Recycling
2025-03-23,Food Court,Metal,1.38,455,448,false,,Recycling
2025-03-23,Food Court,E-Waste,0.17,455,448,false,,Authorized Recycler
2025-03-23,Food Court,Other,4.11,455,448,false,,Recycling
2025-03-23,Academic Block,Food,3.95,832,710,false,,Composting
2025-03-23,Academic Block,Plastic,5.22,832,710,false,,Recycling
2025-03-23,Academic Block,Paper,13.53,832,710,false,,Recycling
2025-03-23,Academic Block,Glass,0.93,832,710,false,,Recycling
2025-03-23,Academic Block,Metal,0.83,832,710,false,,Recycling
2025-03-23,Academic Block,E-Waste,0.88,832,710,false,,Authorized Recycler
2025-03-23,Academic Block,Other,4.37,832,710,false,,Recycling
2025-03-23,Administration,Food,2.58,109,104,false,,Composting
2025-03-23,Administration,Plastic,2.86,109,104,false,,Recycling
2025-03-23,Administration,Paper,8.35,109,104,false,,Recycling
2025-03-23,Administration,Glass,0.46,109,104,false,,Recycling
2025-03-23,Administration,Metal,0.6,109,104,false,,Recycling
2025-03-23,Administration,E-Waste,0.63,109,104,false,,Authorized Recycler
2025-03-23,Administration,Other,2.31,109,104,false,,Recycling
2025-03-24,Main Canteen,Food,121.86,908,816,false,,Composting
2025-03-24,Main Canteen,Plastic,12.21,908,816,false,,Recycling
2025-03-24,Main Canteen,Paper,7.7,908,816,false,,Recycling
2025-03-24,Main Canteen,Glass,3.35,908,816,false,,Recycling
2025-03-24,Main Canteen,Metal,2.41,908,816,false,,Recycling
2025-03-24,Main Canteen,E-Waste,0.52,908,816,false,,Authorized Recycler
2025-03-24,Main Canteen,Other,6.76,908,816,false,,Recycling
2025-03-24,Hostel A,Food,30.86,458,426,false,,Composting
2025-03-24,Hostel A,Plastic,9.86,458,426,false,,Recycling
2025-03-24,Hostel A,Paper,5.02,458,426,false,,Recycling
2025-03-24,Hostel A,Glass,2.11,458,426,false,,Recycling
2025-03-24,Hostel A,Metal,1.14,458,426,false,,Recycling
2025-03-24,Hostel A,E-Waste,0.35,458,426,false,,Authorized Recycler
2025-03-24,Hostel A,Other,4.93,458,426,false,,Recycling
2025-03-24,Hostel B,Food,31.6,400,363,false,,Composting
2025-03-24,Hostel B,Plastic,7.94,400,363,false,,Recycling
2025-03-24,Hostel B,Paper,4.83,400,363,false,,Recycling
2025-03-24,Hostel B,Glass,1.92,400,363,false,,Recycling
2025-03-24,Hostel B,Metal,1.12,400,363,false,,Recycling
2025-03-24,Hostel B,E-Waste,0.34,400,363,false,,Authorized Recycler
2025-03-24,Hostel B,Other,4.52,400,363,false,,Recycling
2025-03-24,Food Court,Food,49.09,584,532,false,,Composting
2025-03-24,Food Court,Plastic,16.02,584,532,false,,Recycling
2025-03-24,Food Court,Paper,7.6,584,532,false,,Recycling
2025-03-24,Food Court,Glass,5.16,584,532,false,,Recycling
2025-03-24,Food Court,Metal,1.84,584,532,false,,Recycling
2025-03-24,Food Court,E-Waste,0.23,584,532,false,,Authorized Recycler
2025-03-24,Food Court,Other,5.43,584,532,false,,Recycling
2025-03-24,Academic Block,Food,6.04,1158,1091,false,,Composting
2025-03-24,Academic Block,Plastic,6.4,1158,1091,false,,Recycling
2025-03-24,Academic Block,Paper,13.71,1158,1091,false,,Recycling
2025-03-24,Academic Block,Glass,1.17,1158,1091,false,,Recycling
2025-03-24,Academic Block,Metal,1.01,1158,1091,false,,Recycling
2025-03-24,Academic Block,E-Waste,1.36,1158,1091,false,,Authorized Recycler
2025-03-24,Academic Block,Other,5.87,1158,1091,false,,Recycling
2025-03-24,Administration,Food,3.84,143,146,false,,Composting
2025-03-24,Administration,Plastic,2.96,143,146,false,,Recycling
2025-03-24,Administration,Paper,12.15,143,146,false,,Recycling
2025-03-24,Administration,Glass,0.6,143,146,false,,Recycling
2025-03-24,Administration,Metal,0.84,143,146,false,,Recycling
2025-03-24,Administration,E-Waste,0.83,143,146,false,,Authorized Recycler
2025-03-24,Administration,Other,3.01,143,146,false,,Recycling
2025-03-25,Main Canteen,Food,69.45,915,942,false,,Composting
2025-03-25,Main Canteen,Plastic,13.74,915,942,false,,Recycling
2025-03-25,Main Canteen,Paper,8.58,915,942,false,,Recycling
2025-03-25,Main Canteen,Glass,3,915,942,false,,Recycling
2025-03-25,Main Canteen,Metal,2.11,915,942,false,,Recycling
2025-03-25,Main Canteen,E-Waste,0.62,915,942,false,,Authorized Recycler
2025-03-25,Main Canteen,Other,6.2,915,942,false,,Recycling
2025-03-25,Hostel A,Food,33.43,464,409,false,,Composting
2025-03-25,Hostel A,Plastic,10.26,464,409,false,,Recycling
2025-03-25,Hostel A,Paper,4.91,464,409,false,,Recycling
2025-03-25,Hostel A,Glass,2.26,464,409,false,,Recycling
2025-03-25,Hostel A,Metal,1.09,464,409,false,,Recycling
2025-03-25,Hostel A,E-Waste,0.37,464,409,false,,Authorized Recycler
2025-03-25,Hostel A,Other,4.27,464,409,false,,Recycling
2025-03-25,Hostel B,Food,28.18,396,412,false,,Composting
2025-03-25,Hostel B,Plastic,8.33,396,412,false,,Recycling
2025-03-25,Hostel B,Paper,3.95,396,412,false,,Recycling
2025-03-25,Hostel B,Glass,2.25,396,412,false,,Recycling
2025-03-25,Hostel B,Metal,1.16,396,412,false,,Recycling
2025-03-25,Hostel B,E-Waste,0.35,396,412,false,,Authorized Recycler
2025-03-25,Hostel B,Other,4.08,396,412,false,,Recycling
2025-03-25,Food Court,Food,51.36,622,599,false,,Composting
2025-03-25,Food Court,Plastic,16.99,622,599,false,,Recycling
2025-03-25,Food Court,Paper,7.66,622,599,false,,Recycling
2025-03-25,Food Court,Glass,4.58,622,599,false,,Recycling
2025-03-25,Food Court,Metal,1.87,622,599,false,,Recycling
2025-03-25,Food Court,E-Waste,0.23,622,599,false,,Authorized Recycler
2025-03-25,Food Court,Other,5.96,622,599,false,,Recycling
2025-03-25,Academic Block,Food,4.85,1201,1055,false,,Composting
2025-03-25,Academic Block,Plastic,7.19,1201,1055,false,,Recycling
2025-03-25,Academic Block,Paper,17.24,1201,1055,false,,Recycling
2025-03-25,Academic Block,Glass,1.15,1201,1055,false,,Recycling
2025-03-25,Academic Block,Metal,1.28,1201,1055,false,,Recycling
2025-03-25,Academic Block,E-Waste,1.19,1201,1055,false,,Authorized Recycler
2025-03-25,Academic Block,Other,5.68,1201,1055,false,,Recycling
2025-03-25,Administration,Food,3.62,155,139,false,,Composting
2025-03-25,Administration,Plastic,3.14,155,139,false,,Recycling
2025-03-25,Administration,Paper,10.85,155,139,false,,Recycling
2025-03-25,Administration,Glass,0.48,155,139,false,,Recycling
2025-03-25,Administration,Metal,0.79,155,139,false,,Recycling
2025-03-25,Administration,E-Waste,0.83,155,139,false,,Authorized Recycler
2025-03-25,Administration,Other,3.17,155,139,false,,Recycling
2025-03-26,Main Canteen,Food,65.01,882,922,false,,Composting
2025-03-26,Main Canteen,Plastic,15.12,882,922,false,,Recycling
2025-03-26,Main Canteen,Paper,8.77,882,922,false,,Recycling
2025-03-26,Main Canteen,Glass,3.84,882,922,false,,Recycling
2025-03-26,Main Canteen,Metal,2.02,882,922,false,,Recycling
2025-03-26,Main Canteen,E-Waste,0.57,882,922,false,,Authorized Recycler
2025-03-26,Main Canteen,Other,6.69,882,922,false,,Recycling
2025-03-26,Hostel A,Food,30,443,385,false,,Composting
2025-03-26,Hostel A,Plastic,10.2,443,385,false,,Recycling
2025-03-26,Hostel A,Paper,6.42,443,385,false,,Recycling
2025-03-26,Hostel A,Glass,2.23,443,385,false,,Recycling
2025-03-26,Hostel A,Metal,1.11,443,385,false,,Recycling
2025-03-26,Hostel A,E-Waste,0.31,443,385,false,,Authorized Recycler
2025-03-26,Hostel A,Other,5.07,443,385,false,,Recycling
2025-03-26,Hostel B,Food,30.69,427,392,false,,Composting
2025-03-26,Hostel B,Plastic,9.82,427,392,false,,Recycling
2025-03-26,Hostel B,Paper,4.23,427,392,false,,Recycling
2025-03-26,Hostel B,Glass,2.56,427,392,false,,Recycling
2025-03-26,Hostel B,Metal,1.11,427,392,false,,Recycling
2025-03-26,Hostel B,E-Waste,0.38,427,392,false,,Authorized Recycler
2025-03-26,Hostel B,Other,4.03,427,392,false,,Recycling
2025-03-26,Food Court,Food,47.13,571,576,false,,Composting
2025-03-26,Food Court,Plastic,16.09,571,576,false,,Recycling
2025-03-26,Food Court,Paper,6.53,571,576,false,,Recycling
2025-03-26,Food Court,Glass,5.16,571,576,false,,Recycling
2025-03-26,Food Court,Metal,1.87,571,576,false,,Recycling
2025-03-26,Food Court,E-Waste,0.21,571,576,false,,Authorized Recycler
2025-03-26,Food Court,Other,5.12,571,576,false,,Recycling
2025-03-26,Academic Block,Food,5.46,1109,1093,false,,Composting
2025-03-26,Academic Block,Plastic,7.01,1109,1093,false,,Recycling
2025-03-26,Academic Block,Paper,14.3,1109,1093,false,,Recycling
2025-03-26,Academic Block,Glass,1.26,1109,1093,false,,Recycling
2025-03-26,Academic Block,Metal,1.16,1109,1093,false,,Recycling
2025-03-26,Academic Block,E-Waste,1.42,1109,1093,false,,Authorized Recycler
2025-03-26,Academic Block,Other,5.05,1109,1093,false,,Recycling
2025-03-26,Administration,Food,3.7,149,156,false,,Composting
2025-03-26,Administration,Plastic,3.39,149,156,false,,Recycling
2025-03-26,Administration,Paper,11.29,149,156,false,,Recycling
2025-03-26,Administration,Glass,0.64,149,156,false,,Recycling
2025-03-26,Administration,Metal,0.85,149,156,false,,Recycling
2025-03-26,Administration,E-Waste,0.8,149,156,false,,Authorized Recycler
2025-03-26,Administration,Other,3.29,149,156,false,,Recycling
2025-03-27,Main Canteen,Food,64,955,942,false,,Composting
2025-03-27,Main Canteen,Plastic,13.65,955,942,false,,Recycling
2025-03-27,Main Canteen,Paper,9.15,955,942,false,,Recycling
2025-03-27,Main Canteen,Glass,3.19,955,942,false,,Recycling
2025-03-27,Main Canteen,Metal,2.35,955,942,false,,Recycling
2025-03-27,Main Canteen,E-Waste,0.59,955,942,false,,Authorized Recycler
2025-03-27,Main Canteen,Other,6.88,955,942,false,,Recycling
2025-03-27,Hostel A,Food,34.08,419,403,false,,Composting
2025-03-27,Hostel A,Plastic,10.71,419,403,false,,Recycling
2025-03-27,Hostel A,Paper,5.05,419,403,false,,Recycling
2025-03-27,Hostel A,Glass,2.25,419,403,false,,Recycling
2025-03-27,Hostel A,Metal,0.97,419,403,false,,Recycling
2025-03-27,Hostel A,E-Waste,0.31,419,403,false,,Authorized Recycler
2025-03-27,Hostel A,Other,5.06,419,403,false,,Recycling
2025-03-27,Hostel B,Food,32.87,448,454,false,,Composting
2025-03-27,Hostel B,Plastic,7.9,448,454,false,,Recycling
2025-03-27,Hostel B,Paper,4.76,448,454,false,,Recycling
2025-03-27,Hostel B,Glass,2.39,448,454,false,,Recycling
2025-03-27,Hostel B,Metal,1.08,448,454,false,,Recycling
2025-03-27,Hostel B,E-Waste,0.35,448,454,false,,Authorized Recycler
2025-03-27,Hostel B,Other,4.85,448,454,false,,Recycling
2025-03-27,Food Court,Food,40.89,560,511,false,,Composting
2025-03-27,Food Court,Plastic,15,560,511,false,,Recycling
2025-03-27,Food Court,Paper,6.89,560,511,false,,Recycling
2025-03-27,Food Court,Glass,10.78,560,511,false,,Recycling
2025-03-27,Food Court,Metal,1.65,560,511,false,,Recycling
2025-03-27,Food Court,E-Waste,0.21,560,511,false,,Authorized Recycler
2025-03-27,Food Court,Other,5.46,560,511,false,,Recycling
2025-03-27,Academic Block,Food,5.6,1180,1043,false,,Composting
2025-03-27,Academic Block,Plastic,7.54,1180,1043,false,,Recycling
2025-03-27,Academic Block,Paper,16.18,1180,1043,false,,Recycling
2025-03-27,Academic Block,Glass,1.21,1180,1043,false,,Recycling
2025-03-27,Academic Block,Metal,1.23,1180,1043,false,,Recycling
2025-03-27,Academic Block,E-Waste,1.28,1180,1043,false,,Authorized Recycler
2025-03-27,Academic Block,Other,5.34,1180,1043,false,,Recycling
2025-03-27,Administration,Food,3.82,150,143,false,,Composting
2025-03-27,Administration,Plastic,3.45,150,143,false,,Recycling
2025-03-27,Administration,Paper,10.57,150,143,false,,Recycling
2025-03-27,Administration,Glass,0.61,150,143,false,,Recycling
2025-03-27,Administration,Metal,0.98,150,143,false,,Recycling
2025-03-27,Administration,E-Waste,0.91,150,143,false,,Authorized Recycler
2025-03-27,Administration,Other,3.01,150,143,false,,Recycling
2025-03-28,Main Canteen,Food,62.42,878,758,false,,Composting
2025-03-28,Main Canteen,Plastic,13.09,878,758,false,,Recycling
2025-03-28,Main Canteen,Paper,9.2,878,758,false,,Recycling
2025-03-28,Main Canteen,Glass,3.51,878,758,false,,Recycling
2025-03-28,Main Canteen,Metal,2.5,878,758,false,,Recycling
2025-03-28,Main Canteen,E-Waste,0.61,878,758,false,,Authorized Recycler
2025-03-28,Main Canteen,Other,6.06,878,758,false,,Recycling
2025-03-28,Hostel A,Food,31.79,476,500,false,,Composting
2025-03-28,Hostel A,Plastic,10.02,476,500,false,,Recycling
2025-03-28,Hostel A,Paper,6.08,476,500,false,,Recycling
2025-03-28,Hostel A,Glass,2.25,476,500,false,,Recycling
2025-03-28,Hostel A,Metal,1.25,476,500,false,,Recycling
2025-03-28,Hostel A,E-Waste,0.38,476,500,false,,Authorized Recycler
2025-03-28,Hostel A,Other,4.73,476,500,false,,Recycling
2025-03-28,Hostel B,Food,31.75,433,382,false,,Composting
2025-03-28,Hostel B,Plastic,8.1,433,382,false,,Recycling
2025-03-28,Hostel B,Paper,4.25,433,382,false,,Recycling
2025-03-28,Hostel B,Glass,1.95,433,382,false,,Recycling
2025-03-28,Hostel B,Metal,1.07,433,382,false,,Recycling
2025-03-28,Hostel B,E-Waste,0.29,433,382,false,,Authorized Recycler
2025-03-28,Hostel B,Other,4.91,433,382,false,,Recycling
2025-03-28,Food Court,Food,40.56,596,615,false,,Composting
2025-03-28,Food Court,Plastic,14.8,596,615,false,,Recycling
2025-03-28,Food Court,Paper,7.66,596,615,false,,Recycling
2025-03-28,Food Court,Glass,3.94,596,615,false,,Recycling
2025-03-28,Food Court,Metal,1.57,596,615,false,,Recycling
2025-03-28,Food Court,E-Waste,0.2,596,615,false,,Authorized Recycler
2025-03-28,Food Court,Other,4.95,596,615,false,,Recycling
2025-03-28,Academic Block,Food,5.11,1225,1207,false,,Composting
2025-03-28,Academic Block,Plastic,6.86,1225,1207,false,,Recycling
2025-03-28,Academic Block,Paper,16.1,1225,1207,false,,Recycling
2025-03-28,Academic Block,Glass,1.17,1225,1207,false,,Recycling
2025-03-28,Academic Block,Metal,1.22,1225,1207,false,,Recycling
2025-03-28,Academic Block,E-Waste,1.3,1225,1207,false,,Authorized Recycler
2025-03-28,Academic Block,Other,6.04,1225,1207,false,,Recycling
2025-03-28,Administration,Food,3.28,140,125,false,,Composting
2025-03-28,Administration,Plastic,3.72,140,125,false,,Recycling
2025-03-28,Administration,Paper,12.43,140,125,false,,Recycling
2025-03-28,Administration,Glass,0.64,140,125,false,,Recycling
2025-03-28,Administration,Metal,0.83,140,125,false,,Recycling
2025-03-28,Administration,E-Waste,0.87,140,125,false,,Authorized Recycler
2025-03-28,Administration,Other,3.29,140,125,false,,Recycling
2025-03-29,Main Canteen,Food,53.48,655,606,false,,Composting
2025-03-29,Main Canteen,Plastic,8.86,655,606,false,,Recycling
2025-03-29,Main Canteen,Paper,6.54,655,606,false,,Recycling
2025-03-29,Main Canteen,Glass,2.2,655,606,false,,Recycling
2025-03-29,Main Canteen,Metal,1.58,655,606,false,,Recycling
2025-03-29,Main Canteen,E-Waste,0.46,655,606,false,,Authorized Recycler
2025-03-29,Main Canteen,Other,5.67,655,606,false,,Recycling
2025-03-29,Hostel A,Food,27.85,330,338,false,,Composting
2025-03-29,Hostel A,Plastic,8.35,330,338,false,,Recycling
2025-03-29,Hostel A,Paper,4.44,330,338,false,,Recycling
2025-03-29,Hostel A,Glass,1.88,330,338,false,,Recycling
2025-03-29,Hostel A,Metal,0.77,330,338,false,,Recycling
2025-03-29,Hostel A,E-Waste,0.25,330,338,false,,Authorized Recycler
2025-03-29,Hostel A,Other,3.1,330,338,false,,Recycling
2025-03-29,Hostel B,Food,21.84,306,279,false,,Composting
2025-03-29,Hostel B,Plastic,6.24,306,279,false,,Recycling
2025-03-29,Hostel B,Paper,3.45,306,279,false,,Recycling
2025-03-29,Hostel B,Glass,1.53,306,279,false,,Recycling
2025-03-29,Hostel B,Metal,0.78,306,279,false,,Recycling
2025-03-29,Hostel B,E-Waste,0.23,306,279,false,,Authorized Recycler
2025-03-29,Hostel B,Other,3.55,306,279,false,,Recycling
2025-03-29,Food Court,Food,35.64,456,401,false,,Composting
2025-03-29,Food Court,Plastic,10.89,456,401,false,,Recycling
2025-03-29,Food Court,Paper,5.19,456,401,false,,Recycling
2025-03-29,Food Court,Glass,3.1,456,401,false,,Recycling
2025-03-29,Food Court,Metal,1.31,456,401,false,,Recycling
2025-03-29,Food Court,E-Waste,0.17,456,401,false,,Authorized Recycler
2025-03-29,Food Court,Other,3.85,456,401,false,,Recycling
2025-03-29,Academic Block,Food,4.69,932,841,false,,Composting
2025-03-29,Academic Block,Plastic,5.76,932,841,false,,Recycling
2025-03-29,Academic Block,Paper,12.67,932,841,false,,Recycling
2025-03-29,Academic Block,Glass,0.93,932,841,false,,Recycling
2025-03-29,Academic Block,Metal,0.92,932,841,false,,Recycling
2025-03-29,Academic Block,E-Waste,1.15,932,841,false,,Authorized Recycler
2025-03-29,Academic Block,Other,4.59,932,841,false,,Recycling
2025-03-29,Administration,Food,2.7,105,93,false,,Composting
2025-03-29,Administration,Plastic,2.2,105,93,false,,Recycling
2025-03-29,Administration,Paper,7.52,105,93,false,,Recycling
2025-03-29,Administration,Glass,0.4,105,93,false,,Recycling
2025-03-29,Administration,Metal,0.78,105,93,false,,Recycling
2025-03-29,Administration,E-Waste,0.63,105,93,false,,Authorized Recycler
2025-03-29,Administration,Other,2.32,105,93,false,,Recycling
2025-03-30,Main Canteen,Food,51.86,719,737,false,,Composting
2025-03-30,Main Canteen,Plastic,10.5,719,737,false,,Recycling
2025-03-30,Main Canteen,Paper,6.1,719,737,false,,Recycling
2025-03-30,Main Canteen,Glass,2.34,719,737,false,,Recycling
2025-03-30,Main Canteen,Metal,1.89,719,737,false,,Recycling
2025-03-30,Main Canteen,E-Waste,0.37,719,737,false,,Authorized Recycler
2025-03-30,Main Canteen,Other,5.38,719,737,false,,Recycling
2025-03-30,Hostel A,Food,29.05,331,314,false,,Composting
2025-03-30,Hostel A,Plastic,7.83,331,314,false,,Recycling
2025-03-30,Hostel A,Paper,4.14,331,314,false,,Recycling
2025-03-30,Hostel A,Glass,1.54,331,314,false,,Recycling
2025-03-30,Hostel A,Metal,0.78,331,314,false,,Recycling
2025-03-30,Hostel A,E-Waste,0.24,331,314,false,,Authorized Recycler
2025-03-30,Hostel A,Other,2.96,331,314,false,,Recycling
2025-03-30,Hostel B,Food,23.56,290,271,false,,Composting
2025-03-30,Hostel B,Plastic,7.69,290,271,false,,Recycling
2025-03-30,Hostel B,Paper,3.1,290,271,false,,Recycling
2025-03-30,Hostel B,Glass,1.52,290,271,false,,Recycling
2025-03-30,Hostel B,Metal,0.76,290,271,false,,Recycling
2025-03-30,Hostel B,E-Waste,0.23,290,271,false,,Authorized Recycler
2025-03-30,Hostel B,Other,3.61,290,271,false,,Recycling
2025-03-30,Food Court,Food,31.44,485,435,false,,Composting
2025-03-30,Food Court,Plastic,12.66,485,435,false,,Recycling
2025-03-30,Food Court,Paper,5.6,485,435,false,,Recycling
2025-03-30,Food Court,Glass,3.66,485,435,false,,Recycling
2025-03-30,Food Court,Metal,1.39,485,435,false,,Recycling
2025-03-30,Food Court,E-Waste,0.2,485,435,false,,Authorized Recycler
2025-03-30,Food Court,Other,3.65,485,435,false,,Recycling
2025-03-30,Academic Block,Food,4.65,971,874,false,,Composting
2025-03-30,Academic Block,Plastic,4.96,971,874,false,,Recycling
2025-03-30,Academic Block,Paper,11.55,971,874,false,,Recycling
2025-03-30,Academic Block,Glass,0.88,971,874,false,,Recycling
2025-03-30,Academic Block,Metal,0.78,971,874,false,,Recycling
2025-03-30,Academic Block,E-Waste,0.98,971,874,false,,Authorized Recycler
2025-03-30,Academic Block,Other,4.6,971,874,false,,Recycling
2025-03-30,Administration,Food,2.32,118,118,false,,Composting
2025-03-30,Administration,Plastic,2.6,118,118,false,,Recycling
2025-03-30,Administration,Paper,8.45,118,118,false,,Recycling
2025-03-30,Administration,Glass,0.39,118,118,false,,Recycling
2025-03-30,Administration,Metal,0.65,118,118,false,,Recycling
2025-03-30,Administration,E-Waste,0.7,118,118,false,,Authorized Recycler
2025-03-30,Administration,Other,2.81,118,118,false,,Recycling
2025-03-31,Main Canteen,Food,62.13,896,921,false,,Composting
2025-03-31,Main Canteen,Plastic,12.87,896,921,false,,Recycling
2025-03-31,Main Canteen,Paper,8.36,896,921,false,,Recycling
2025-03-31,Main Canteen,Glass,3.38,896,921,false,,Recycling
2025-03-31,Main Canteen,Metal,1.93,896,921,false,,Recycling
2025-03-31,Main Canteen,E-Waste,0.65,896,921,false,,Authorized Recycler
2025-03-31,Main Canteen,Other,7.62,896,921,false,,Recycling
2025-03-31,Hostel A,Food,29.74,432,384,false,,Composting
2025-03-31,Hostel A,Plastic,8.95,432,384,false,,Recycling
2025-03-31,Hostel A,Paper,5.43,432,384,false,,Recycling
2025-03-31,Hostel A,Glass,2.49,432,384,false,,Recycling
2025-03-31,Hostel A,Metal,1.09,432,384,false,,Recycling
2025-03-31,Hostel A,E-Waste,0.36,432,384,false,,Authorized Recycler
2025-03-31,Hostel A,Other,4.61,432,384,false,,Recycling
2025-03-31,Hostel B,Food,32.31,394,401,false,,Composting
2025-03-31,Hostel B,Plastic,9.37,394,401,false,,Recycling
2025-03-31,Hostel B,Paper,4.68,394,401,false,,Recycling
2025-03-31,Hostel B,Glass,2.14,394,401,false,,Recycling
2025-03-31,Hostel B,Metal,1.07,394,401,false,,Recycling
2025-03-31,Hostel B,E-Waste,0.31,394,401,false,,Authorized Recycler
2025-03-31,Hostel B,Other,4.23,394,401,false,,Recycling
2025-03-31,Food Court,Food,41.85,555,528,false,,Composting
2025-03-31,Food Court,Plastic,18.49,555,528,false,,Recycling
2025-03-31,Food Court,Paper,5.89,555,528,false,,Recycling
2025-03-31,Food Court,Glass,3.92,555,528,false,,Recycling
2025-03-31,Food Court,Metal,1.54,555,528,false,,Recycling
2025-03-31,Food Court,E-Waste,0.24,555,528,false,,Authorized Recycler
2025-03-31,Food Court,Other,6.43,555,528,false,,Recycling
2025-03-31,Academic Block,Food,5.53,1255,1313,false,,Composting
2025-03-31,Academic Block,Plastic,6.37,1255,1313,false,,Recycling
2025-03-31,Academic Block,Paper,17.97,1255,1313,false,,Recycling
2025-03-31,Academic Block,Glass,1.11,1255,1313,false,,Recycling
2025-03-31,Academic Block,Metal,1.1,1255,1313,false,,Recycling
2025-03-31,Academic Block,E-Waste,1.55,1255,1313,false,,Authorized Recycler
2025-03-31,Academic Block,Other,4.94,1255,1313,false,,Recycling
2025-03-31,Administration,Food,3.11,153,140,false,,Composting
2025-03-31,Administration,Plastic,3.63,153,140,false,,Recycling
2025-03-31,Administration,Paper,10.5,153,140,false,,Recycling
2025-03-31,Administration,Glass,0.48,153,140,false,,Recycling
2025-03-31,Administration,Metal,0.96,153,140,false,,Recycling
2025-03-31,Administration,E-Waste,0.95,153,140,false,,Authorized Recycler
2025-03-31,Administration,Other,3.58,153,140,false,,Recycling
2025-04-01,Main Canteen,Food,56.49,875,876,false,,Composting
2025-04-01,Main Canteen,Plastic,13.86,875,876,false,,Recycling
2025-04-01,Main Canteen,Paper,10.29,875,876,false,,Recycling
2025-04-01,Main Canteen,Glass,3.03,875,876,false,,Recycling
2025-04-01,Main Canteen,Metal,2.6,875,876,false,,Recycling
2025-04-01,Main Canteen,E-Waste,0.63,875,876,false,,Authorized Recycler
2025-04-01,Main Canteen,Other,7.53,875,876,false,,Recycling
2025-04-01,Hostel A,Food,33.97,435,395,false,,Composting
2025-04-01,Hostel A,Plastic,10.75,435,395,false,,Recycling
2025-04-01,Hostel A,Paper,6.22,435,395,false,,Recycling
2025-04-01,Hostel A,Glass,1.99,435,395,false,,Recycling
2025-04-01,Hostel A,Metal,1.28,435,395,false,,Recycling
2025-04-01,Hostel A,E-Waste,0.38,435,395,false,,Authorized Recycler
2025-04-01,Hostel A,Other,3.86,435,395,false,,Recycling
2025-04-01,Hostel B,Food,34.97,451,462,false,,Composting
2025-04-01,Hostel B,Plastic,9.29,451,462,false,,Recycling
2025-04-01,Hostel B,Paper,3.97,451,462,false,,Recycling
2025-04-01,Hostel B,Glass,2.61,451,462,false,,Recycling
2025-04-01,Hostel B,Metal,1.01,451,462,false,,Recycling
2025-04-01,Hostel B,E-Waste,0.36,451,462,false,,Authorized Recycler
2025-04-01,Hostel B,Other,4.81,451,462,false,,Recycling
2025-04-01,Food Court,Food,51.86,555,505,false,,Composting
2025-04-01,Food Court,Plastic,15.94,555,505,false,,Recycling
2025-04-01,Food Court,Paper,6.97,555,505,false,,Recycling
2025-04-01,Food Court,Glass,4.41,555,505,false,,Recycling
2025-04-01,Food Court,Metal,1.49,555,505,false,,Recycling
2025-04-01,Food Court,E-Waste,0.2,555,505,false,,Authorized Recycler
2025-04-01,Food Court,Other,5.29,555,505,false,,Recycling
2025-04-01,Academic Block,Food,6.48,1187,1196,false,,Composting
2025-04-01,Academic Block,Plastic,7.65,1187,1196,false,,Recycling
2025-04-01,Academic Block,Paper,16.65,1187,1196,false,,Recycling
2025-04-01,Academic Block,Glass,1.13,1187,1196,false,,Recycling
2025-04-01,Academic Block,Metal,1.19,1187,1196,false,,Recycling
2025-04-01,Academic Block,E-Waste,1.2,1187,1196,false,,Authorized Recycler
2025-04-01,Academic Block,Other,4.83,1187,1196,false,,Recycling
2025-04-01,Administration,Food,2.98,158,140,false,,Composting
2025-04-01,Administration,Plastic,3.75,158,140,false,,Recycling
2025-04-01,Administration,Paper,12.24,158,140,false,,Recycling
2025-04-01,Administration,Glass,0.64,158,140,false,,Recycling
2025-04-01,Administration,Metal,0.86,158,140,false,,Recycling
2025-04-01,Administration,E-Waste,0.99,158,140,false,,Authorized Recycler
2025-04-01,Administration,Other,2.92,158,140,false,,Recycling
2025-04-02,Main Canteen,Food,58.47,945,956,false,,Composting
2025-04-02,Main Canteen,Plastic,14.24,945,956,false,,Recycling
2025-04-02,Main Canteen,Paper,9.41,945,956,false,,Recycling
2025-04-02,Main Canteen,Glass,3.44,945,956,false,,Recycling
2025-04-02,Main Canteen,Metal,2.04,945,956,false,,Recycling
2025-04-02,Main Canteen,E-Waste,0.5,945,956,false,,Authorized Recycler
2025-04-02,Main Canteen,Other,7.6,945,956,false,,Recycling
2025-04-02,Hostel A,Food,34.42,476,417,false,,Composting
2025-04-02,Hostel A,Plastic,10.73,476,417,false,,Recycling
2025-04-02,Hostel A,Paper,5.05,476,417,false,,Recycling
2025-04-02,Hostel A,Glass,5.09,476,417,false,,Recycling
2025-04-02,Hostel A,Metal,1.09,476,417,false,,Recycling
2025-04-02,Hostel A,E-Waste,0.3,476,417,false,,Authorized Recycler
2025-04-02,Hostel A,Other,4.33,476,417,false,,Recycling
2025-04-02,Hostel B,Food,27.33,445,434,false,,Composting
2025-04-02,Hostel B,Plastic,9.23,445,434,false,,Recycling
2025-04-02,Hostel B,Paper,3.93,445,434,false,,Recycling
2025-04-02,Hostel B,Glass,1.99,445,434,false,,Recycling
2025-04-02,Hostel B,Metal,1.3,445,434,false,,Recycling
2025-04-02,Hostel B,E-Waste,0.31,445,434,false,,Authorized Recycler
2025-04-02,Hostel B,Other,4.65,445,434,false,,Recycling
2025-04-02,Food Court,Food,48.14,643,647,false,,Composting
2025-04-02,Food Court,Plastic,18.79,643,647,false,,Recycling
2025-04-02,Food Court,Paper,7.43,643,647,false,,Recycling
2025-04-02,Food Court,Glass,5.01,643,647,false,,Recycling
2025-04-02,Food Court,Metal,1.55,643,647,false,,Recycling
2025-04-02,Food Court,E-Waste,0.25,643,647,false,,Authorized Recycler
2025-04-02,Food Court,Other,6.49,643,647,false,,Recycling
2025-04-02,Academic Block,Food,5.63,1104,1122,false,,Composting
2025-04-02,Academic Block,Plastic,6.68,1104,1122,false,,Recycling
2025-04-02,Academic Block,Paper,16.23,1104,1122,false,,Recycling
2025-04-02,Academic Block,Glass,1.29,1104,1122,false,,Recycling
2025-04-02,Academic Block,Metal,1.15,1104,1122,false,,Recycling
2025-04-02,Academic Block,E-Waste,1.26,1104,1122,false,,Authorized Recycler
2025-04-02,Academic Block,Other,5.96,1104,1122,false,,Recycling
2025-04-02,Administration,Food,3.25,154,135,false,,Composting
2025-04-02,Administration,Plastic,3.83,154,135,false,,Recycling
2025-04-02,Administration,Paper,9.95,154,135,false,,Recycling
2025-04-02,Administration,Glass,0.52,154,135,false,,Recycling
2025-04-02,Administration,Metal,0.78,154,135,false,,Recycling
2025-04-02,Administration,E-Waste,0.82,154,135,false,,Authorized Recycler
2025-04-02,Administration,Other,3.09,154,135,false,,Recycling
2025-04-03,Main Canteen,Food,57.96,883,773,false,,Composting
2025-04-03,Main Canteen,Plastic,14.04,883,773,false,,Recycling
2025-04-03,Main Canteen,Paper,23.08,883,773,false,,Recycling
2025-04-03,Main Canteen,Glass,3.76,883,773,false,,Recycling
2025-04-03,Main Canteen,Metal,2.55,883,773,false,,Recycling
2025-04-03,Main Canteen,E-Waste,0.54,883,773,false,,Authorized Recycler
2025-04-03,Main Canteen,Other,6.4,883,773,false,,Recycling
2025-04-03,Hostel A,Food,33.08,453,386,false,,Composting
2025-04-03,Hostel A,Plastic,10.63,453,386,false,,Recycling
2025-04-03,Hostel A,Paper,6.26,453,386,false,,Recycling
2025-04-03,Hostel A,Glass,2.33,453,386,false,,Recycling
2025-04-03,Hostel A,Metal,1.03,453,386,false,,Recycling
2025-04-03,Hostel A,E-Waste,0.3,453,386,false,,Authorized Recycler
2025-04-03,Hostel A,Other,4.14,453,386,false,,Recycling
2025-04-03,Hostel B,Food,34.06,405,412,false,,Composting
2025-04-03,Hostel B,Plastic,9.33,405,412,false,,Recycling
2025-04-03,Hostel B,Paper,4.21,405,412,false,,Recycling
2025-04-03,Hostel B,Glass,2.62,405,412,false,,Recycling
2025-04-03,Hostel B,Metal,0.99,405,412,false,,Recycling
2025-04-03,Hostel B,E-Waste,0.33,405,412,false,,Authorized Recycler
2025-04-03,Hostel B,Other,4.22,405,412,false,,Recycling
2025-04-03,Food Court,Food,41.02,647,621,false,,Composting
2025-04-03,Food Court,Plastic,18.82,647,621,false,,Recycling
2025-04-03,Food Court,Paper,7.21,647,621,false,,Recycling
2025-04-03,Food Court,Glass,4.94,647,621,false,,Recycling
2025-04-03,Food Court,Metal,1.49,647,621,false,,Recycling
2025-04-03,Food Court,E-Waste,0.23,647,621,false,,Authorized Recycler
2025-04-03,Food Court,Other,5.88,647,621,false,,Recycling
2025-04-03,Academic Block,Food,6.04,1164,1111,false,,Composting
2025-04-03,Academic Block,Plastic,7.82,1164,1111,false,,Recycling
2025-04-03,Academic Block,Paper,17.7,1164,1111,false,,Recycling
2025-04-03,Academic Block,Glass,1.21,1164,1111,false,,Recycling
2025-04-03,Academic Block,Metal,1.05,1164,1111,false,,Recycling
2025-04-03,Academic Block,E-Waste,1.19,1164,1111,false,,Authorized Recycler
2025-04-03,Academic Block,Other,6.21,1164,1111,false,,Recycling
2025-04-03,Administration,Food,3.2,155,137,false,,Composting
2025-04-03,Administration,Plastic,3.25,155,137,false,,Recycling
2025-04-03,Administration,Paper,12.12,155,137,false,,Recycling
2025-04-03,Administration,Glass,0.62,155,137,false,,Recycling
2025-04-03,Administration,Metal,0.95,155,137,false,,Recycling
2025-04-03,Administration,E-Waste,0.94,155,137,false,,Authorized Recycler
2025-04-03,Administration,Other,2.9,155,137,false,,Recycling
2025-04-04,Main Canteen,Food,66.72,834,752,false,,Composting
2025-04-04,Main Canteen,Plastic,12.35,834,752,false,,Recycling
2025-04-04,Main Canteen,Paper,10.16,834,752,false,,Recycling
2025-04-04,Main Canteen,Glass,3.28,834,752,false,,Recycling
2025-04-04,Main Canteen,Metal,2.4,834,752,false,,Recycling
2025-04-04,Main Canteen,E-Waste,0.57,834,752,false,,Authorized Recycler
2025-04-04,Main Canteen,Other,7.65,834,752,false,,Recycling
2025-04-04,Hostel A,Food,31.12,474,465,false,,Composting
2025-04-04,Hostel A,Plastic,10.69,474,465,false,,Recycling
2025-04-04,Hostel A,Paper,6.52,474,465,false,,Recycling
2025-04-04,Hostel A,Glass,2.17,474,465,false,,Recycling
2025-04-04,Hostel A,Metal,1.29,474,465,false,,Recycling
2025-04-04,Hostel A,E-Waste,0.34,474,465,false,,Authorized Recycler
2025-04-04,Hostel A,Other,4.23,474,465,false,,Recycling
2025-04-04,Hostel B,Food,32.72,393,338,false,,Composting
2025-04-04,Hostel B,Plastic,8.5,393,338,false,,Recycling
2025-04-04,Hostel B,Paper,4.54,393,338,false,,Recycling
2025-04-04,Hostel B,Glass,2.42,393,338,false,,Recycling
2025-04-04,Hostel B,Metal,1.22,393,338,false,,Recycling
2025-04-04,Hostel B,E-Waste,0.33,393,338,false,,Authorized Recycler
2025-04-04,Hostel B,Other,4.08,393,338,false,,Recycling
2025-04-04,Food Court,Food,41.79,643,551,false,,Composting
2025-04-04,Food Court,Plastic,15.82,643,551,false,,Recycling
2025-04-04,Food Court,Paper,6.36,643,551,false,,Recycling
2025-04-04,Food Court,Glass,4.21,643,551,false,,Recycling
2025-04-04,Food Court,Metal,3.62,643,551,false,,Recycling
2025-04-04,Food Court,E-Waste,0.2,643,551,false,,Authorized Recycler
2025-04-04,Food Court,Other,6.52,643,551,false,,Recycling
2025-04-04,Academic Block,Food,6.35,1122,1077,false,,Composting
2025-04-04,Academic Block,Plastic,6.1,1122,1077,false,,Recycling
2025-04-04,Academic Block,Paper,17.06,1122,1077,false,,Recycling
2025-04-04,Academic Block,Glass,0.98,1122,1077,false,,Recycling
2025-04-04,Academic Block,Metal,0.99,1122,1077,false,,Recycling
2025-04-04,Academic Block,E-Waste,1.26,1122,1077,false,,Authorized Recycler
2025-04-04,Academic Block,Other,6.29,1122,1077,false,,Recycling
2025-04-04,Administration,Food,3.91,140,127,false,,Composting
2025-04-04,Administration,Plastic,3.57,140,127,false,,Recycling
2025-04-04,Administration,Paper,11.61,140,127,false,,Recycling
2025-04-04,Administration,Glass,0.53,140,127,false,,Recycling
2025-04-04,Administration,Metal,0.99,140,127,false,,Recycling
2025-04-04,Administration,E-Waste,0.99,140,127,false,,Authorized Recycler
2025-04-04,Administration,Other,3.33,140,127,false,,Recycling
2025-04-05,Main Canteen,Food,41.86,681,628,false,,Composting
2025-04-05,Main Canteen,Plastic,11.13,681,628,false,,Recycling
2025-04-05,Main Canteen,Paper,6.49,681,628,false,,Recycling
2025-04-05,Main Canteen,Glass,2.88,681,628,false,,Recycling
2025-04-05,Main Canteen,Metal,1.81,681,628,false,,Recycling
2025-04-05,Main Canteen,E-Waste,0.42,681,628,false,,Authorized Recycler
2025-04-05,Main Canteen,Other,5.04,681,628,false,,Recycling
2025-04-05,Hostel A,Food,23.21,337,314,false,,Composting
2025-04-05,Hostel A,Plastic,6.73,337,314,false,,Recycling
2025-04-05,Hostel A,Paper,4.28,337,314,false,,Recycling
2025-04-05,Hostel A,Glass,1.93,337,314,false,,Recycling
2025-04-05,Hostel A,Metal,0.77,337,314,false,,Recycling
2025-04-05,Hostel A,E-Waste,0.22,337,314,false,,Authorized Recycler
2025-04-05,Hostel A,Other,3.93,337,314,false,,Recycling
2025-04-05,Hostel B,Food,23.86,290,251,false,,Composting
2025-04-05,Hostel B,Plastic,7.3,290,251,false,,Recycling
2025-04-05,Hostel B,Paper,3.88,290,251,false,,Recycling
2025-04-05,Hostel B,Glass,1.52,290,251,false,,Recycling
2025-04-05,Hostel B,Metal,0.84,290,251,false,,Recycling
2025-04-05,Hostel B,E-Waste,0.24,290,251,false,,Authorized Recycler
2025-04-05,Hostel B,Other,3.24,290,251,false,,Recycling
2025-04-05,Food Court,Food,34.01,449,453,false,,Composting
2025-04-05,Food Court,Plastic,12.45,449,453,false,,Recycling
2025-04-05,Food Court,Paper,4.64,449,453,false,,Recycling
2025-04-05,Food Court,Glass,3.66,449,453,false,,Recycling
2025-04-05,Food Court,Metal,1.35,449,453,false,,Recycling
2025-04-05,Food Court,E-Waste,0.19,449,453,false,,Authorized Recycler
2025-04-05,Food Court,Other,4.17,449,453,false,,Recycling
2025-04-05,Academic Block,Food,4.77,902,851,false,,Composting
2025-04-05,Academic Block,Plastic,5.71,902,851,false,,Recycling
2025-04-05,Academic Block,Paper,11,902,851,false,,Recycling
2025-04-05,Academic Block,Glass,0.87,902,851,false,,Recycling
2025-04-05,Academic Block,Metal,0.84,902,851,false,,Recycling
2025-04-05,Academic Block,E-Waste,0.92,902,851,false,,Authorized Recycler
2025-04-05,Academic Block,Other,3.92,902,851,false,,Recycling
2025-04-05,Administration,Food,2.66,111,107,false,,Composting
2025-04-05,Administration,Plastic,2.34,111,107,false,,Recycling
2025-04-05,Administration,Paper,7.74,111,107,false,,Recycling
2025-04-05,Administration,Glass,0.49,111,107,false,,Recycling
2025-04-05,Administration,Metal,0.76,111,107,false,,Recycling
2025-04-05,Administration,E-Waste,0.59,111,107,false,,Authorized Recycler
2025-04-05,Administration,Other,2.6,111,107,false,,Recycling
2025-04-06,Main Canteen,Food,44.92,673,598,false,,Composting
2025-04-06,Main Canteen,Plastic,10.74,673,598,false,,Recycling
2025-04-06,Main Canteen,Paper,6.74,673,598,false,,Recycling
2025-04-06,Main Canteen,Glass,2.5,673,598,false,,Recycling
2025-04-06,Main Canteen,Metal,1.78,673,598,false,,Recycling
2025-04-06,Main Canteen,E-Waste,0.99,673,598,false,,Authorized Recycler
2025-04-06,Main Canteen,Other,5.38,673,598,false,,Recycling
2025-04-06,Hostel A,Food,26.18,330,324,false,,Composting
2025-04-06,Hostel A,Plastic,7.73,330,324,false,,Recycling
2025-04-06,Hostel A,Paper,4.21,330,324,false,,Recycling
2025-04-06,Hostel A,Glass,1.63,330,324,false,,Recycling
2025-04-06,Hostel A,Metal,0.82,330,324,false,,Recycling
2025-04-06,Hostel A,E-Waste,0.29,330,324,false,,Authorized Recycler
2025-04-06,Hostel A,Other,3.58,330,324,false,,Recycling
2025-04-06,Hostel B,Food,21.98,316,272,false,,Composting
2025-04-06,Hostel B,Plastic,7.57,316,272,false,,Recycling
2025-04-06,Hostel B,Paper,3.26,316,272,false,,Recycling
2025-04-06,Hostel B,Glass,1.76,316,272,false,,Recycling
2025-04-06,Hostel B,Metal,0.8,316,272,false,,Recycling
2025-04-06,Hostel B,E-Waste,0.23,316,272,false,,Authorized Recycler
2025-04-06,Hostel B,Other,3.33,316,272,false,,Recycling
2025-04-06,Food Court,Food,32.16,430,399,false,,Composting
2025-04-06,Food Court,Plastic,14.74,430,399,false,,Recycling
2025-04-06,Food Court,Paper,4.45,430,399,false,,Recycling
2025-04-06,Food Court,Glass,3.01,430,399,false,,Recycling
2025-04-06,Food Court,Metal,1.35,430,399,false,,Recycling
2025-04-06,Food Court,E-Waste,0.15,430,399,false,,Authorized Recycler
2025-04-06,Food Court,Other,4.77,430,399,false,,Recycling
2025-04-06,Academic Block,Food,4.54,942,836,false,,Composting
2025-04-06,Academic Block,Plastic,5.9,942,836,false,,Recycling
2025-04-06,Academic Block,Paper,12.63,942,836,false,,Recycling
2025-04-06,Academic Block,Glass,0.77,942,836,false,,Recycling
2025-04-06,Academic Block,Metal,0.92,942,836,false,,Recycling
2025-04-06,Academic Block,E-Waste,1.08,942,836,false,,Authorized Recycler
2025-04-06,Academic Block,Other,4.75,942,836,false,,Recycling
2025-04-06,Administration,Food,2.25,113,106,false,,Composting
2025-04-06,Administration,Plastic,2.26,113,106,false,,Recycling
2025-04-06,Administration,Paper,8.83,113,106,false,,Recycling
2025-04-06,Administration,Glass,0.4,113,106,false,,Recycling
2025-04-06,Administration,Metal,0.63,113,106,false,,Recycling
2025-04-06,Administration,E-Waste,0.65,113,106,false,,Authorized Recycler
2025-04-06,Administration,Other,2.63,113,106,false,,Recycling
2025-04-07,Main Canteen,Food,54.88,906,824,false,,Composting
2025-04-07,Main Canteen,Plastic,12.9,906,824,false,,Recycling
2025-04-07,Main Canteen,Paper,8.91,906,824,false,,Recycling
2025-04-07,Main Canteen,Glass,3.05,906,824,false,,Recycling
2025-04-07,Main Canteen,Metal,2.49,906,824,false,,Recycling
2025-04-07,Main Canteen,E-Waste,0.51,906,824,false,,Authorized Recycler
2025-04-07,Main Canteen,Other,7.57,906,824,false,,Recycling
2025-04-07,Hostel A,Food,30.53,442,386,false,,Composting
2025-04-07,Hostel A,Plastic,10.44,442,386,false,,Recycling
2025-04-07,Hostel A,Paper,5.6,442,386,false,,Recycling
2025-04-07,Hostel A,Glass,2.39,442,386,false,,Recycling
2025-04-07,Hostel A,Metal,1.17,442,386,false,,Recycling
2025-04-07,Hostel A,E-Waste,0.7,442,386,false,,Authorized Recycler
2025-04-07,Hostel A,Other,4.53,442,386,false,,Recycling
2025-04-07,Hostel B,Food,34.59,419,368,false,,Composting
2025-04-07,Hostel B,Plastic,9.62,419,368,false,,Recycling
2025-04-07,Hostel B,Paper,5.18,419,368,false,,Recycling
2025-04-07,Hostel B,Glass,2.07,419,368,false,,Recycling
2025-04-07,Hostel B,Metal,1.31,419,368,false,,Recycling
2025-04-07,Hostel B,E-Waste,0.36,419,368,false,,Authorized Recycler
2025-04-07,Hostel B,Other,4.71,419,368,false,,Recycling
2025-04-07,Food Court,Food,50.38,621,602,false,,Composting
2025-04-07,Food Court,Plastic,16.32,621,602,false,,Recycling
2025-04-07,Food Court,Paper,6.31,621,602,false,,Recycling
2025-04-07,Food Court,Glass,5.18,621,602,false,,Recycling
2025-04-07,Food Court,Metal,1.83,621,602,false,,Recycling
2025-04-07,Food Court,E-Waste,0.25,621,602,false,,Authorized Recycler
2025-04-07,Food Court,Other,5.29,621,602,false,,Recycling
2025-04-07,Academic Block,Food,6.39,1126,1076,false,,Composting
2025-04-07,Academic Block,Plastic,6.06,1126,1076,false,,Recycling
2025-04-07,Academic Block,Paper,17.57,1126,1076,false,,Recycling
2025-04-07,Academic Block,Glass,1.21,1126,1076,false,,Recycling
2025-04-07,Academic Block,Metal,1.26,1126,1076,false,,Recycling
2025-04-07,Academic Block,E-Waste,1.24,1126,1076,false,,Authorized Recycler
2025-04-07,Academic Block,Other,5.93,1126,1076,false,,Recycling
2025-04-07,Administration,Food,3.48,157,135,false,,Composting
2025-04-07,Administration,Plastic,9.58,157,135,false,,Recycling
2025-04-07,Administration,Paper,12.68,157,135,false,,Recycling
2025-04-07,Administration,Glass,0.6,157,135,false,,Recycling
2025-04-07,Administration,Metal,0.94,157,135,false,,Recycling
2025-04-07,Administration,E-Waste,0.81,157,135,false,,Authorized Recycler
2025-04-07,Administration,Other,3.68,157,135,false,,Recycling
2025-04-08,Main Canteen,Food,56.23,903,816,false,,Composting
2025-04-08,Main Canteen,Plastic,14.52,903,816,false,,Recycling
2025-04-08,Main Canteen,Paper,8.05,903,816,false,,Recycling
2025-04-08,Main Canteen,Glass,3.2,903,816,false,,Recycling
2025-04-08,Main Canteen,Metal,2.53,903,816,false,,Recycling
2025-04-08,Main Canteen,E-Waste,0.6,903,816,false,,Authorized Recycler
2025-04-08,Main Canteen,Other,7.55,903,816,false,,Recycling
2025-04-08,Hostel A,Food,34.88,454,471,false,,Composting
2025-04-08,Hostel A,Plastic,9.26,454,471,false,,Recycling
2025-04-08,Hostel A,Paper,5.11,454,471,false,,Recycling
2025-04-08,Hostel A,Glass,2.01,454,471,false,,Recycling
2025-04-08,Hostel A,Metal,1.18,454,471,false,,Recycling
2025-04-08,Hostel A,E-Waste,0.39,454,471,false,,Authorized Recycler
2025-04-08,Hostel A,Other,4.77,454,471,false,,Recycling
2025-04-08,Hostel B,Food,30.02,417,360,false,,Composting
2025-04-08,Hostel B,Plastic,9.15,417,360,false,,Recycling
2025-04-08,Hostel B,Paper,4.03,417,360,false,,Recycling
2025-04-08,Hostel B,Glass,2.3,417,360,false,,Recycling
2025-04-08,Hostel B,Metal,0.98,417,360,false,,Recycling
2025-04-08,Hostel B,E-Waste,0.38,417,360,false,,Authorized Recycler
2025-04-08,Hostel B,Other,5.2,417,360,false,,Recycling
2025-04-08,Food Court,Food,39.05,602,592,false,,Composting
2025-04-08,Food Court,Plastic,19.43,602,592,false,,Recycling
2025-04-08,Food Court,Paper,6.58,602,592,false,,Recycling
2025-04-08,Food Court,Glass,5.2,602,592,false,,Recycling
2025-04-08,Food Court,Metal,1.87,602,592,false,,Recycling
2025-04-08,Food Court,E-Waste,0.25,602,592,false,,Authorized Recycler
2025-04-08,Food Court,Other,19.07,602,592,false,,Recycling
2025-04-08,Academic Block,Food,5.15,1266,1159,false,,Composting
2025-04-08,Academic Block,Plastic,6.32,1266,1159,false,,Recycling
2025-04-08,Academic Block,Paper,15.03,1266,1159,false,,Recycling
2025-04-08,Academic Block,Glass,1.08,1266,1159,false,,Recycling
2025-04-08,Academic Block,Metal,2.64,1266,1159,false,,Recycling
2025-04-08,Academic Block,E-Waste,3.19,1266,1159,false,,Authorized Recycler
2025-04-08,Academic Block,Other,6.57,1266,1159,false,,Recycling
2025-04-08,Administration,Food,3.51,158,136,false,,Composting
2025-04-08,Administration,Plastic,3.12,158,136,false,,Recycling
2025-04-08,Administration,Paper,11.71,158,136,false,,Recycling
2025-04-08,Administration,Glass,0.55,158,136,false,,Recycling
2025-04-08,Administration,Metal,0.88,158,136,false,,Recycling
2025-04-08,Administration,E-Waste,0.99,158,136,false,,Authorized Recycler
2025-04-08,Administration,Other,3.63,158,136,false,,Recycling
2025-04-09,Main Canteen,Food,67.16,957,905,false,,Composting
2025-04-09,Main Canteen,Plastic,15.43,957,905,false,,Recycling
2025-04-09,Main Canteen,Paper,7.98,957,905,false,,Recycling
2025-04-09,Main Canteen,Glass,3.72,957,905,false,,Recycling
2025-04-09,Main Canteen,Metal,5.19,957,905,false,,Recycling
2025-04-09,Main Canteen,E-Waste,0.52,957,905,false,,Authorized Recycler
2025-04-09,Main Canteen,Other,7.6,957,905,false,,Recycling
2025-04-09,Hostel A,Food,30.86,484,481,false,,Composting
2025-04-09,Hostel A,Plastic,9.54,484,481,false,,Recycling
2025-04-09,Hostel A,Paper,5.5,484,481,false,,Recycling
2025-04-09,Hostel A,Glass,2.43,484,481,false,,Recycling
2025-04-09,Hostel A,Metal,1.31,484,481,false,,Recycling
2025-04-09,Hostel A,E-Waste,0.35,484,481,false,,Authorized Recycler
2025-04-09,Hostel A,Other,4.06,484,481,false,,Recycling
2025-04-09,Hostel B,Food,34.92,410,416,false,,Composting
2025-04-09,Hostel B,Plastic,9.86,410,416,false,,Recycling
2025-04-09,Hostel B,Paper,4.89,410,416,false,,Recycling
2025-04-09,Hostel B,Glass,2.29,410,416,false,,Recycling
2025-04-09,Hostel B,Metal,1.29,410,416,false,,Recycling
2025-04-09,Hostel B,E-Waste,0.34,410,416,false,,Authorized Recycler
2025-04-09,Hostel B,Other,5.22,410,416,false,,Recycling
2025-04-09,Food Court,Food,49.55,647,553,false,,Composting
2025-04-09,Food Court,Plastic,17.37,647,553,false,,Recycling
2025-04-09,Food Court,Paper,6.39,647,553,false,,Recycling
2025-04-09,Food Court,Glass,4.05,647,553,false,,Recycling
2025-04-09,Food Court,Metal,1.74,647,553,false,,Recycling
2025-04-09,Food Court,E-Waste,0.2,647,553,false,,Authorized Recycler
2025-04-09,Food Court,Other,6.21,647,553,false,,Recycling
2025-04-09,Academic Block,Food,6.21,1164,1053,false,,Composting
2025-04-09,Academic Block,Plastic,6.06,1164,1053,false,,Recycling
2025-04-09,Academic Block,Paper,14.56,1164,1053,false,,Recycling
2025-04-09,Academic Block,Glass,1.21,1164,1053,false,,Recycling
2025-04-09,Academic Block,Metal,1.12,1164,1053,false,,Recycling
2025-04-09,Academic Block,E-Waste,1.38,1164,1053,false,,Authorized Recycler
2025-04-09,Academic Block,Other,5.12,1164,1053,false,,Recycling
2025-04-09,Administration,Food,3.53,139,128,false,,Composting
2025-04-09,Administration,Plastic,3.42,139,128,false,,Recycling
2025-04-09,Administration,Paper,10.96,139,128,false,,Recycling
2025-04-09,Administration,Glass,0.62,139,128,false,,Recycling
2025-04-09,Administration,Metal,0.79,139,128,false,,Recycling
2025-04-09,Administration,E-Waste,0.96,139,128,false,,Authorized Recycler
2025-04-09,Administration,Other,3.32,139,128,false,,Recycling
2025-04-10,Main Canteen,Food,58.42,846,807,false,,Composting
2025-04-10,Main Canteen,Plastic,14.89,846,807,false,,Recycling
2025-04-10,Main Canteen,Paper,8.09,846,807,false,,Recycling
2025-04-10,Main Canteen,Glass,3.46,846,807,false,,Recycling
2025-04-10,Main Canteen,Metal,2.13,846,807,false,,Recycling
2025-04-10,Main Canteen,E-Waste,0.54,846,807,false,,Authorized Recycler
2025-04-10,Main Canteen,Other,7.46,846,807,false,,Recycling
2025-04-10,Hostel A,Food,29.53,427,412,false,,Composting
2025-04-10,Hostel A,Plastic,9.91,427,412,false,,Recycling
2025-04-10,Hostel A,Paper,6.38,427,412,false,,Recycling
2025-04-10,Hostel A,Glass,2.39,427,412,false,,Recycling
2025-04-10,Hostel A,Metal,1.18,427,412,false,,Recycling
2025-04-10,Hostel A,E-Waste,0.36,427,412,false,,Authorized Recycler
2025-04-10,Hostel A,Other,4.55,427,412,false,,Recycling
2025-04-10,Hostel B,Food,35.94,442,453,false,,Composting
2025-04-10,Hostel B,Plastic,10.12,442,453,false,,Recycling
2025-04-10,Hostel B,Paper,4.44,442,453,false,,Recycling
2025-04-10,Hostel B,Glass,2.57,442,453,false,,Recycling
2025-04-10,Hostel B,Metal,1.01,442,453,false,,Recycling
2025-04-10,Hostel B,E-Waste,0.36,442,453,false,,Authorized Recycler
2025-04-10,Hostel B,Other,5.27,442,453,false,,Recycling
2025-04-10,Food Court,Food,50.16,606,620,false,,Composting
2025-04-10,Food Court,Plastic,17.34,606,620,false,,Recycling
2025-04-10,Food Court,Paper,7.04,606,620,false,,Recycling
2025-04-10,Food Court,Glass,4.37,606,620,false,,Recycling
2025-04-10,Food Court,Metal,4.86,606,620,false,,Recycling
2025-04-10,Food Court,E-Waste,0.22,606,620,false,,Authorized Recycler
2025-04-10,Food Court,Other,5.15,606,620,false,,Recycling
2025-04-10,Academic Block,Food,4.9,1157,1115,false,,Composting
2025-04-10,Academic Block,Plastic,6.1,1157,1115,false,,Recycling
2025-04-10,Academic Block,Paper,14.62,1157,1115,false,,Recycling
2025-04-10,Academic Block,Glass,1.26,1157,1115,false,,Recycling
2025-04-10,Academic Block,Metal,1.08,1157,1115,false,,Recycling
2025-04-10,Academic Block,E-Waste,1.22,1157,1115,false,,Authorized Recycler
2025-04-10,Academic Block,Other,4.99,1157,1115,false,,Recycling
2025-04-10,Administration,Food,3.29,138,128,false,,Composting
2025-04-10,Administration,Plastic,3,138,128,false,,Recycling
2025-04-10,Administration,Paper,11.88,138,128,false,,Recycling
2025-04-10,Administration,Glass,0.53,138,128,false,,Recycling
2025-04-10,Administration,Metal,0.83,138,128,false,,Recycling
2025-04-10,Administration,E-Waste,0.9,138,128,false,,Authorized Recycler
2025-04-10,Administration,Other,3.06,138,128,false,,Recycling
2025-04-11,Main Canteen,Food,68.68,934,813,false,,Composting
2025-04-11,Main Canteen,Plastic,13.11,934,813,false,,Recycling
2025-04-11,Main Canteen,Paper,7.96,934,813,false,,Recycling
2025-04-11,Main Canteen,Glass,2.96,934,813,false,,Recycling
2025-04-11,Main Canteen,Metal,2.09,934,813,false,,Recycling
2025-04-11,Main Canteen,E-Waste,0.57,934,813,false,,Authorized Recycler
2025-04-11,Main Canteen,Other,6.85,934,813,false,,Recycling
2025-04-11,Hostel A,Food,32.66,418,362,false,,Composting
2025-04-11,Hostel A,Plastic,10.28,418,362,false,,Recycling
2025-04-11,Hostel A,Paper,5.29,418,362,false,,Recycling
2025-04-11,Hostel A,Glass,2.61,418,362,false,,Recycling
2025-04-11,Hostel A,Metal,1.1,418,362,false,,Recycling
2025-04-11,Hostel A,E-Waste,0.3,418,362,false,,Authorized Recycler
2025-04-11,Hostel A,Other,4.83,418,362,false,,Recycling
2025-04-11,Hostel B,Food,36.09,416,415,false,,Composting
2025-04-11,Hostel B,Plastic,10.1,416,415,false,,Recycling
2025-04-11,Hostel B,Paper,4.03,416,415,false,,Recycling
2025-04-11,Hostel B,Glass,1.99,416,415,false,,Recycling
2025-04-11,Hostel B,Metal,1.24,416,415,false,,Recycling
2025-04-11,Hostel B,E-Waste,0.36,416,415,false,,Authorized Recycler
2025-04-11,Hostel B,Other,5.1,416,415,false,,Recycling
2025-04-11,Food Court,Food,43.67,627,634,false,,Composting
2025-04-11,Food Court,Plastic,18.11,627,634,false,,Recycling
2025-04-11,Food Court,Paper,6.38,627,634,false,,Recycling
2025-04-11,Food Court,Glass,4.75,627,634,false,,Recycling
2025-04-11,Food Court,Metal,1.88,627,634,false,,Recycling
2025-04-11,Food Court,E-Waste,0.23,627,634,false,,Authorized Recycler
2025-04-11,Food Court,Other,6.2,627,634,false,,Recycling
2025-04-11,Academic Block,Food,6.3,1214,1084,false,,Composting
2025-04-11,Academic Block,Plastic,6.14,1214,1084,false,,Recycling
2025-04-11,Academic Block,Paper,15.37,1214,1084,false,,Recycling
2025-04-11,Academic Block,Glass,1.18,1214,1084,false,,Recycling
2025-04-11,Academic Block,Metal,0.99,1214,1084,false,,Recycling
2025-04-11,Academic Block,E-Waste,1.36,1214,1084,false,,Authorized Recycler
2025-04-11,Academic Block,Other,5.11,1214,1084,false,,Recycling
2025-04-11,Administration,Food,3.14,158,153,false,,Composting
2025-04-11,Administration,Plastic,3.73,158,153,false,,Recycling
2025-04-11,Administration,Paper,12.71,158,153,false,,Recycling
2025-04-11,Administration,Glass,0.65,158,153,false,,Recycling
2025-04-11,Administration,Metal,1.01,158,153,false,,Recycling
2025-04-11,Administration,E-Waste,0.89,158,153,false,,Authorized Recycler
2025-04-11,Administration,Other,2.95,158,153,false,,Recycling
2025-04-12,Main Canteen,Food,52.33,695,673,false,,Composting
2025-04-12,Main Canteen,Plastic,11.12,695,673,false,,Recycling
2025-04-12,Main Canteen,Paper,7.18,695,673,false,,Recycling
2025-04-12,Main Canteen,Glass,2.58,695,673,false,,Recycling
2025-04-12,Main Canteen,Metal,1.71,695,673,false,,Recycling
2025-04-12,Main Canteen,E-Waste,0.37,695,673,false,,Authorized Recycler
2025-04-12,Main Canteen,Other,5.46,695,673,false,,Recycling
2025-04-12,Hostel A,Food,23.3,338,331,false,,Composting
2025-04-12,Hostel A,Plastic,8.36,338,331,false,,Recycling
2025-04-12,Hostel A,Paper,3.93,338,331,false,,Recycling
2025-04-12,Hostel A,Glass,1.68,338,331,false,,Recycling
2025-04-12,Hostel A,Metal,0.74,338,331,false,,Recycling
2025-04-12,Hostel A,E-Waste,0.29,338,331,false,,Authorized Recycler
2025-04-12,Hostel A,Other,3.04,338,331,false,,Recycling
2025-04-12,Hostel B,Food,27.12,334,327,false,,Composting
2025-04-12,Hostel B,Plastic,7.03,334,327,false,,Recycling
2025-04-12,Hostel B,Paper,3.54,334,327,false,,Recycling
2025-04-12,Hostel B,Glass,1.77,334,327,false,,Recycling
2025-04-12,Hostel B,Metal,0.76,334,327,false,,Recycling
2025-04-12,Hostel B,E-Waste,0.26,334,327,false,,Authorized Recycler
2025-04-12,Hostel B,Other,3.18,334,327,false,,Recycling
2025-04-12,Food Court,Food,39.48,422,368,false,,Composting
2025-04-12,Food Court,Plastic,11.89,422,368,false,,Recycling
2025-04-12,Food Court,Paper,14.16,422,368,false,,Recycling
2025-04-12,Food Court,Glass,3.93,422,368,false,,Recycling
2025-04-12,Food Court,Metal,1.15,422,368,false,,Recycling
2025-04-12,Food Court,E-Waste,0.16,422,368,false,,Authorized Recycler
2025-04-12,Food Court,Other,4.47,422,368,false,,Recycling
2025-04-12,Academic Block,Food,3.81,834,714,false,,Composting
2025-04-12,Academic Block,Plastic,5,834,714,false,,Recycling
2025-04-12,Academic Block,Paper,10.92,834,714,false,,Recycling
2025-04-12,Academic Block,Glass,0.99,834,714,false,,Recycling
2025-04-12,Academic Block,Metal,0.89,834,714,false,,Recycling
2025-04-12,Academic Block,E-Waste,1.15,834,714,false,,Authorized Recycler
2025-04-12,Academic Block,Other,3.9,834,714,false,,Recycling
2025-04-12,Administration,Food,2.52,113,112,false,,Composting
2025-04-12,Administration,Plastic,2.22,113,112,false,,Recycling
2025-04-12,Administration,Paper,8.96,113,112,false,,Recycling
2025-04-12,Administration,Glass,0.39,113,112,false,,Recycling
2025-04-12,Administration,Metal,0.77,113,112,false,,Recycling
2025-04-12,Administration,E-Waste,0.61,113,112,false,,Authorized Recycler
2025-04-12,Administration,Other,2.59,113,112,false,,Recycling
2025-04-13,Main Canteen,Food,46.22,625,582,false,,Composting
2025-04-13,Main Canteen,Plastic,11,625,582,false,,Recycling
2025-04-13,Main Canteen,Paper,7.67,625,582,false,,Recycling
2025-04-13,Main Canteen,Glass,2.81,625,582,false,,Recycling
2025-04-13,Main Canteen,Metal,1.53,625,582,false,,Recycling
2025-04-13,Main Canteen,E-Waste,0.46,625,582,false,,Authorized Recycler
2025-04-13,Main Canteen,Other,5.34,625,582,false,,Recycling
2025-04-13,Hostel A,Food,28.39,314,272,false,,Composting
2025-04-13,Hostel A,Plastic,7.02,314,272,false,,Recycling
2025-04-13,Hostel A,Paper,4.85,314,272,false,,Recycling
2025-04-13,Hostel A,Glass,1.79,314,272,false,,Recycling
2025-04-13,Hostel A,Metal,0.96,314,272,false,,Recycling
2025-04-13,Hostel A,E-Waste,0.29,314,272,false,,Authorized Recycler
2025-04-13,Hostel A,Other,3.35,314,272,false,,Recycling
2025-04-13,Hostel B,Food,24.59,339,302,false,,Composting
2025-04-13,Hostel B,Plastic,6.94,339,302,false,,Recycling
2025-04-13,Hostel B,Paper,3.83,339,302,false,,Recycling
2025-04-13,Hostel B,Glass,1.48,339,302,false,,Recycling
2025-04-13,Hostel B,Metal,0.81,339,302,false,,Recycling
2025-04-13,Hostel B,E-Waste,0.29,339,302,false,,Authorized Recycler
2025-04-13,Hostel B,Other,3.68,339,302,false,,Recycling
2025-04-13,Food Court,Food,32.22,417,422,false,,Composting
2025-04-13,Food Court,Plastic,14.72,417,422,false,,Recycling
2025-04-13,Food Court,Paper,4.6,417,422,false,,Recycling
2025-04-13,Food Court,Glass,3.42,417,422,false,,Recycling
2025-04-13,Food Court,Metal,1.13,417,422,false,,Recycling
2025-04-13,Food Court,E-Waste,0.19,417,422,false,,Authorized Recycler
2025-04-13,Food Court,Other,4.66,417,422,false,,Recycling
2025-04-13,Academic Block,Food,4.44,884,925,false,,Composting
2025-04-13,Academic Block,Plastic,5.17,884,925,false,,Recycling
2025-04-13,Academic Block,Paper,11.25,884,925,false,,Recycling
2025-04-13,Academic Block,Glass,0.9,884,925,false,,Recycling
2025-04-13,Academic Block,Metal,0.99,884,925,false,,Recycling
2025-04-13,Academic Block,E-Waste,0.89,884,925,false,,Authorized Recycler
2025-04-13,Academic Block,Other,4.15,884,925,false,,Recycling
2025-04-13,Administration,Food,2.97,114,100,false,,Composting
2025-04-13,Administration,Plastic,2.26,114,100,false,,Recycling
2025-04-13,Administration,Paper,8.95,114,100,false,,Recycling
2025-04-13,Administration,Glass,0.43,114,100,false,,Recycling
2025-04-13,Administration,Metal,0.61,114,100,false,,Recycling
2025-04-13,Administration,E-Waste,0.67,114,100,false,,Authorized Recycler
2025-04-13,Administration,Other,2.9,114,100,false,,Recycling
2025-04-14,Main Canteen,Food,60.12,940,955,false,,Composting
2025-04-14,Main Canteen,Plastic,13.83,940,955,false,,Recycling
2025-04-14,Main Canteen,Paper,9.11,940,955,false,,Recycling
2025-04-14,Main Canteen,Glass,3.63,940,955,false,,Recycling
2025-04-14,Main Canteen,Metal,2.41,940,955,false,,Recycling
2025-04-14,Main Canteen,E-Waste,0.57,940,955,false,,Authorized Recycler
2025-04-14,Main Canteen,Other,7.49,940,955,false,,Recycling
2025-04-14,Hostel A,Food,30.62,463,431,false,,Composting
2025-04-14,Hostel A,Plastic,11.89,463,431,false,,Recycling
2025-04-14,Hostel A,Paper,6.5,463,431,false,,Recycling
2025-04-14,Hostel A,Glass,2.49,463,431,false,,Recycling
2025-04-14,Hostel A,Metal,1.2,463,431,false,,Recycling
2025-04-14,Hostel A,E-Waste,0.37,463,431,false,,Authorized Recycler
2025-04-14,Hostel A,Other,4.94,463,431,false,,Recycling
2025-04-14,Hostel B,Food,31.17,389,341,false,,Composting
2025-04-14,Hostel B,Plastic,8.86,389,341,false,,Recycling
2025-04-14,Hostel B,Paper,4.69,389,341,false,,Recycling
2025-04-14,Hostel B,Glass,2.15,389,341,false,,Recycling
2025-04-14,Hostel B,Metal,1.32,389,341,false,,Recycling
2025-04-14,Hostel B,E-Waste,0.35,389,341,false,,Authorized Recycler
2025-04-14,Hostel B,Other,4.89,389,341,false,,Recycling
2025-04-14,Food Court,Food,42.38,641,565,false,,Composting
2025-04-14,Food Court,Plastic,14.73,641,565,false,,Recycling
2025-04-14,Food Court,Paper,6.99,641,565,false,,Recycling
2025-04-14,Food Court,Glass,3.99,641,565,false,,Recycling
2025-04-14,Food Court,Metal,1.74,641,565,false,,Recycling
2025-04-14,Food Court,E-Waste,0.2,641,565,false,,Authorized Recycler
2025-04-14,Food Court,Other,5.43,641,565,false,,Recycling
2025-04-14,Academic Block,Food,4.98,1218,1038,false,,Composting
2025-04-14,Academic Block,Plastic,6.57,1218,1038,false,,Recycling
2025-04-14,Academic Block,Paper,16.36,1218,1038,false,,Recycling
2025-04-14,Academic Block,Glass,1.19,1218,1038,false,,Recycling
2025-04-14,Academic Block,Metal,1.14,1218,1038,false,,Recycling
2025-04-14,Academic Block,E-Waste,1.47,1218,1038,false,,Authorized Recycler
2025-04-14,Academic Block,Other,5.22,1218,1038,false,,Recycling
2025-04-14,Administration,Food,3.37,138,141,false,,Composting
2025-04-14,Administration,Plastic,7.47,138,141,false,,Recycling
2025-04-14,Administration,Paper,10.43,138,141,false,,Recycling
2025-04-14,Administration,Glass,0.59,138,141,false,,Recycling
2025-04-14,Administration,Metal,1,138,141,false,,Recycling
2025-04-14,Administration,E-Waste,1.01,138,141,false,,Authorized Recycler
2025-04-14,Administration,Other,3.28,138,141,false,,Recycling
2025-04-15,Main Canteen,Food,55.65,891,873,false,,Composting
2025-04-15,Main Canteen,Plastic,12.46,891,873,false,,Recycling
2025-04-15,Main Canteen,Paper,8.72,891,873,false,,Recycling
2025-04-15,Main Canteen,Glass,3.32,891,873,false,,Recycling
2025-04-15,Main Canteen,Metal,2.26,891,873,false,,Recycling
2025-04-15,Main Canteen,E-Waste,0.62,891,873,false,,Authorized Recycler
2025-04-15,Main Canteen,Other,7.88,891,873,false,,Recycling
2025-04-15,Hostel A,Food,29.68,448,385,false,,Composting
2025-04-15,Hostel A,Plastic,9.5,448,385,false,,Recycling
2025-04-15,Hostel A,Paper,5.97,448,385,false,,Recycling
2025-04-15,Hostel A,Glass,2.33,448,385,false,,Recycling
2025-04-15,Hostel A,Metal,1.14,448,385,false,,Recycling
2025-04-15,Hostel A,E-Waste,0.31,448,385,false,,Authorized Recycler
2025-04-15,Hostel A,Other,4.74,448,385,false,,Recycling
2025-04-15,Hostel B,Food,32.66,388,386,false,,Composting
2025-04-15,Hostel B,Plastic,9.29,388,386,false,,Recycling
2025-04-15,Hostel B,Paper,4.28,388,386,false,,Recycling
2025-04-15,Hostel B,Glass,2.64,388,386,false,,Recycling
2025-04-15,Hostel B,Metal,1.21,388,386,false,,Recycling
2025-04-15,Hostel B,E-Waste,0.34,388,386,false,,Authorized Recycler
2025-04-15,Hostel B,Other,5.12,388,386,false,,Recycling
2025-04-15,Food Court,Food,39.47,586,528,false,,Composting
2025-04-15,Food Court,Plastic,17.38,586,528,false,,Recycling
2025-04-15,Food Court,Paper,7.83,586,528,false,,Recycling
2025-04-15,Food Court,Glass,4.22,586,528,false,,Recycling
2025-04-15,Food Court,Metal,1.61,586,528,false,,Recycling
2025-04-15,Food Court,E-Waste,0.25,586,528,false,,Authorized Recycler
2025-04-15,Food Court,Other,5.61,586,528,false,,Recycling
2025-04-15,Academic Block,Food,4.99,1190,1198,false,,Composting
2025-04-15,Academic Block,Plastic,7.8,1190,1198,false,,Recycling
2025-04-15,Academic Block,Paper,15.71,1190,1198,false,,Recycling
2025-04-15,Academic Block,Glass,1.07,1190,1198,false,,Recycling
2025-04-15,Academic Block,Metal,1.01,1190,1198,false,,Recycling
2025-04-15,Academic Block,E-Waste,1.37,1190,1198,false,,Authorized Recycler
2025-04-15,Academic Block,Other,6.09,1190,1198,false,,Recycling
2025-04-15,Administration,Food,3.94,144,123,false,,Composting
2025-04-15,Administration,Plastic,3.63,144,123,false,,Recycling
2025-04-15,Administration,Paper,29.33,144,123,false,,Recycling
2025-04-15,Administration,Glass,0.62,144,123,false,,Recycling
2025-04-15,Administration,Metal,0.94,144,123,false,,Recycling
2025-04-15,Administration,E-Waste,0.94,144,123,false,,Authorized Recycler
2025-04-15,Administration,Other,3.46,144,123,false,,Recycling
2025-04-16,Main Canteen,Food,72.63,930,793,false,,Composting
2025-04-16,Main Canteen,Plastic,15.43,930,793,false,,Recycling
2025-04-16,Main Canteen,Paper,10.58,930,793,false,,Recycling
2025-04-16,Main Canteen,Glass,3.58,930,793,false,,Recycling
2025-04-16,Main Canteen,Metal,2.13,930,793,false,,Recycling
2025-04-16,Main Canteen,E-Waste,0.61,930,793,false,,Authorized Recycler
2025-04-16,Main Canteen,Other,7.53,930,793,false,,Recycling
2025-04-16,Hostel A,Food,31.05,481,444,false,,Composting
2025-04-16,Hostel A,Plastic,11.48,481,444,false,,Recycling
2025-04-16,Hostel A,Paper,5.42,481,444,false,,Recycling
2025-04-16,Hostel A,Glass,2.47,481,444,false,,Recycling
2025-04-16,Hostel A,Metal,1.02,481,444,false,,Recycling
2025-04-16,Hostel A,E-Waste,0.36,481,444,false,,Authorized Recycler
2025-04-16,Hostel A,Other,4.94,481,444,false,,Recycling
2025-04-16,Hostel B,Food,30.42,449,432,false,,Composting
2025-04-16,Hostel B,Plastic,9.26,449,432,false,,Recycling
2025-04-16,Hostel B,Paper,4.81,449,432,false,,Recycling
2025-04-16,Hostel B,Glass,2.4,449,432,false,,Recycling
2025-04-16,Hostel B,Metal,1.11,449,432,false,,Recycling
2025-04-16,Hostel B,E-Waste,0.35,449,432,false,,Authorized Recycler
2025-04-16,Hostel B,Other,5.23,449,432,false,,Recycling
2025-04-16,Food Court,Food,53.18,618,619,false,,Composting
2025-04-16,Food Court,Plastic,17.75,618,619,false,,Recycling
2025-04-16,Food Court,Paper,7.5,618,619,false,,Recycling
2025-04-16,Food Court,Glass,4.4,618,619,false,,Recycling
2025-04-16,Food Court,Metal,1.93,618,619,false,,Recycling
2025-04-16,Food Court,E-Waste,0.26,618,619,false,,Authorized Recycler
2025-04-16,Food Court,Other,6.45,618,619,false,,Recycling
2025-04-16,Academic Block,Food,5.91,1134,1112,false,,Composting
2025-04-16,Academic Block,Plastic,7.94,1134,1112,false,,Recycling
2025-04-16,Academic Block,Paper,17.51,1134,1112,false,,Recycling
2025-04-16,Academic Block,Glass,1.32,1134,1112,false,,Recycling
2025-04-16,Academic Block,Metal,1.31,1134,1112,false,,Recycling
2025-04-16,Academic Block,E-Waste,1.2,1134,1112,false,,Authorized Recycler
2025-04-16,Academic Block,Other,5.69,1134,1112,false,,Recycling
2025-04-16,Administration,Food,3.26,141,120,false,,Composting
2025-04-16,Administration,Plastic,3.33,141,120,false,,Recycling
2025-04-16,Administration,Paper,12.88,141,120,false,,Recycling
2025-04-16,Administration,Glass,0.64,141,120,false,,Recycling
2025-04-16,Administration,Metal,0.8,141,120,false,,Recycling
2025-04-16,Administration,E-Waste,0.92,141,120,false,,Authorized Recycler
2025-04-16,Administration,Other,3.08,141,120,false,,Recycling
2025-04-17,Main Canteen,Food,60.27,950,979,false,,Composting
2025-04-17,Main Canteen,Plastic,13.29,950,979,false,,Recycling
2025-04-17,Main Canteen,Paper,8.1,950,979,false,,Recycling
2025-04-17,Main Canteen,Glass,3.68,950,979,false,,Recycling
2025-04-17,Main Canteen,Metal,2.6,950,979,false,,Recycling
2025-04-17,Main Canteen,E-Waste,0.51,950,979,false,,Authorized Recycler
2025-04-17,Main Canteen,Other,7.88,950,979,false,,Recycling
2025-04-17,Hostel A,Food,31.37,423,408,false,,Composting
2025-04-17,Hostel A,Plastic,10.15,423,408,false,,Recycling
2025-04-17,Hostel A,Paper,5.49,423,408,false,,Recycling
2025-04-17,Hostel A,Glass,2.46,423,408,false,,Recycling
2025-04-17,Hostel A,Metal,1.13,423,408,false,,Recycling
2025-04-17,Hostel A,E-Waste,0.38,423,408,false,,Authorized Recycler
2025-04-17,Hostel A,Other,3.96,423,408,false,,Recycling
2025-04-17,Hostel B,Food,27.97,408,428,false,,Composting
2025-04-17,Hostel B,Plastic,9.04,408,428,false,,Recycling
2025-04-17,Hostel B,Paper,4.53,408,428,false,,Recycling
2025-04-17,Hostel B,Glass,2.12,408,428,false,,Recycling
2025-04-17,Hostel B,Metal,1.07,408,428,false,,Recycling
2025-04-17,Hostel B,E-Waste,0.3,408,428,false,,Authorized Recycler
2025-04-17,Hostel B,Other,4.94,408,428,false,,Recycling
2025-04-17,Food Court,Food,47.8,635,556,false,,Composting
2025-04-17,Food Court,Plastic,19.33,635,556,false,,Recycling
2025-04-17,Food Court,Paper,7.11,635,556,false,,Recycling
2025-04-17,Food Court,Glass,4.42,635,556,false,,Recycling
2025-04-17,Food Court,Metal,1.49,635,556,false,,Recycling
2025-04-17,Food Court,E-Waste,0.25,635,556,false,,Authorized Recycler
2025-04-17,Food Court,Other,6.03,635,556,false,,Recycling
2025-04-17,Academic Block,Food,6.03,1199,1206,false,,Composting
2025-04-17,Academic Block,Plastic,7.6,1199,1206,false,,Recycling
2025-04-17,Academic Block,Paper,16.83,1199,1206,false,,Recycling
2025-04-17,Academic Block,Glass,1.21,1199,1206,false,,Recycling
2025-04-17,Academic Block,Metal,1.05,1199,1206,false,,Recycling
2025-04-17,Academic Block,E-Waste,1.49,1199,1206,false,,Authorized Recycler
2025-04-17,Academic Block,Other,5.1,1199,1206,false,,Recycling
2025-04-17,Administration,Food,3.15,141,124,false,,Composting
2025-04-17,Administration,Plastic,3.29,141,124,false,,Recycling
2025-04-17,Administration,Paper,31.82,141,124,false,,Recycling
2025-04-17,Administration,Glass,0.64,141,124,false,,Recycling
2025-04-17,Administration,Metal,0.86,141,124,false,,Recycling
2025-04-17,Administration,E-Waste,0.96,141,124,false,,Authorized Recycler
2025-04-17,Administration,Other,3.69,141,124,false,,Recycling
2025-04-18,Main Canteen,Food,61.03,841,802,false,,Composting
2025-04-18,Main Canteen,Plastic,15.18,841,802,false,,Recycling
2025-04-18,Main Canteen,Paper,10.46,841,802,false,,Recycling
2025-04-18,Main Canteen,Glass,3.5,841,802,false,,Recycling
2025-04-18,Main Canteen,Metal,2.28,841,802,false,,Recycling
2025-04-18,Main Canteen,E-Waste,0.51,841,802,false,,Authorized Recycler
2025-04-18,Main Canteen,Other,6.84,841,802,false,,Recycling
2025-04-18,Hostel A,Food,38.84,483,469,false,,Composting
2025-04-18,Hostel A,Plastic,10.35,483,469,false,,Recycling
2025-04-18,Hostel A,Paper,6.12,483,469,false,,Recycling
2025-04-18,Hostel A,Glass,2.45,483,469,false,,Recycling
2025-04-18,Hostel A,Metal,1.31,483,469,false,,Recycling
2025-04-18,Hostel A,E-Waste,0.4,483,469,false,,Authorized Recycler
2025-04-18,Hostel A,Other,5.08,483,469,false,,Recycling
2025-04-18,Hostel B,Food,28.75,398,371,false,,Composting
2025-04-18,Hostel B,Plastic,9.55,398,371,false,,Recycling
2025-04-18,Hostel B,Paper,4.65,398,371,false,,Recycling
2025-04-18,Hostel B,Glass,2.31,398,371,false,,Recycling
2025-04-18,Hostel B,Metal,1.11,398,371,false,,Recycling
2025-04-18,Hostel B,E-Waste,0.32,398,371,false,,Authorized Recycler
2025-04-18,Hostel B,Other,4.5,398,371,false,,Recycling
2025-04-18,Food Court,Food,50.77,597,595,false,,Composting
2025-04-18,Food Court,Plastic,15.82,597,595,false,,Recycling
2025-04-18,Food Court,Paper,6.38,597,595,false,,Recycling
2025-04-18,Food Court,Glass,4.58,597,595,false,,Recycling
2025-04-18,Food Court,Metal,1.59,597,595,false,,Recycling
2025-04-18,Food Court,E-Waste,0.26,597,595,false,,Authorized Recycler
2025-04-18,Food Court,Other,5.85,597,595,false,,Recycling
2025-04-18,Academic Block,Food,4.99,1249,1254,false,,Composting
2025-04-18,Academic Block,Plastic,6.7,1249,1254,false,,Recycling
2025-04-18,Academic Block,Paper,14.74,1249,1254,false,,Recycling
2025-04-18,Academic Block,Glass,1.25,1249,1254,false,,Recycling
2025-04-18,Academic Block,Metal,1.1,1249,1254,false,,Recycling
2025-04-18,Academic Block,E-Waste,1.53,1249,1254,false,,Authorized Recycler
2025-04-18,Academic Block,Other,5.77,1249,1254,false,,Recycling
2025-04-18,Administration,Food,2.99,155,143,false,,Composting
2025-04-18,Administration,Plastic,3.5,155,143,false,,Recycling
2025-04-18,Administration,Paper,12.82,155,143,false,,Recycling
2025-04-18,Administration,Glass,0.51,155,143,false,,Recycling
2025-04-18,Administration,Metal,0.85,155,143,false,,Recycling
2025-04-18,Administration,E-Waste,0.82,155,143,false,,Authorized Recycler
2025-04-18,Administration,Other,3.37,155,143,false,,Recycling
2025-04-19,Main Canteen,Food,52.09,719,741,false,,Composting
2025-04-19,Main Canteen,Plastic,9.58,719,741,false,,Recycling
2025-04-19,Main Canteen,Paper,7.86,719,741,false,,Recycling
2025-04-19,Main Canteen,Glass,2.41,719,741,false,,Recycling
2025-04-19,Main Canteen,Metal,1.97,719,741,false,,Recycling
2025-04-19,Main Canteen,E-Waste,0.45,719,741,false,,Authorized Recycler
2025-04-19,Main Canteen,Other,5.7,719,741,false,,Recycling
2025-04-19,Hostel A,Food,24.25,357,360,false,,Composting
2025-04-19,Hostel A,Plastic,8.54,357,360,false,,Recycling
2025-04-19,Hostel A,Paper,4.13,357,360,false,,Recycling
2025-04-19,Hostel A,Glass,1.61,357,360,false,,Recycling
2025-04-19,Hostel A,Metal,0.89,357,360,false,,Recycling
2025-04-19,Hostel A,E-Waste,0.28,357,360,false,,Authorized Recycler
2025-04-19,Hostel A,Other,3.89,357,360,false,,Recycling
2025-04-19,Hostel B,Food,22.52,311,311,false,,Composting
2025-04-19,Hostel B,Plastic,7.02,311,311,false,,Recycling
2025-04-19,Hostel B,Paper,3.71,311,311,false,,Recycling
2025-04-19,Hostel B,Glass,1.67,311,311,false,,Recycling
2025-04-19,Hostel B,Metal,0.87,311,311,false,,Recycling
2025-04-19,Hostel B,E-Waste,0.28,311,311,false,,Authorized Recycler
2025-04-19,Hostel B,Other,3.32,311,311,false,,Recycling
2025-04-19,Food Court,Food,39.58,421,417,false,,Composting
2025-04-19,Food Court,Plastic,13.25,421,417,false,,Recycling
2025-04-19,Food Court,Paper,5.55,421,417,false,,Recycling
2025-04-19,Food Court,Glass,3.54,421,417,false,,Recycling
2025-04-19,Food Court,Metal,1.23,421,417,false,,Recycling
2025-04-19,Food Court,E-Waste,0.18,421,417,false,,Authorized Recycler
2025-04-19,Food Court,Other,4.92,421,417,false,,Recycling
2025-04-19,Academic Block,Food,4,961,878,false,,Composting
2025-04-19,Academic Block,Plastic,5.07,961,878,false,,Recycling
2025-04-19,Academic Block,Paper,13.16,961,878,false,,Recycling
2025-04-19,Academic Block,Glass,0.95,961,878,false,,Recycling
2025-04-19,Academic Block,Metal,0.82,961,878,false,,Recycling
2025-04-19,Academic Block,E-Waste,0.94,961,878,false,,Authorized Recycler
2025-04-19,Academic Block,Other,4.63,961,878,false,,Recycling
2025-04-19,Administration,Food,2.55,121,108,false,,Composting
2025-04-19,Administration,Plastic,2.43,121,108,false,,Recycling
2025-04-19,Administration,Paper,9.41,121,108,false,,Recycling
2025-04-19,Administration,Glass,0.49,121,108,false,,Recycling
2025-04-19,Administration,Metal,0.76,121,108,false,,Recycling
2025-04-19,Administration,E-Waste,0.8,121,108,false,,Authorized Recycler
2025-04-19,Administration,Other,2.95,121,108,false,,Recycling
2025-04-20,Main Canteen,Food,54.69,696,704,false,,Composting
2025-04-20,Main Canteen,Plastic,11.51,696,704,false,,Recycling
2025-04-20,Main Canteen,Paper,6.4,696,704,false,,Recycling
2025-04-20,Main Canteen,Glass,2.26,696,704,false,,Recycling
2025-04-20,Main Canteen,Metal,1.98,696,704,false,,Recycling
2025-04-20,Main Canteen,E-Waste,0.47,696,704,false,,Authorized Recycler
2025-04-20,Main Canteen,Other,5.35,696,704,false,,Recycling
2025-04-20,Hostel A,Food,26.92,344,295,false,,Composting
2025-04-20,Hostel A,Plastic,8.7,344,295,false,,Recycling
2025-04-20,Hostel A,Paper,3.92,344,295,false,,Recycling
2025-04-20,Hostel A,Glass,1.54,344,295,false,,Recycling
2025-04-20,Hostel A,Metal,0.81,344,295,false,,Recycling
2025-04-20,Hostel A,E-Waste,0.29,344,295,false,,Authorized Recycler
2025-04-20,Hostel A,Other,3.59,344,295,false,,Recycling
2025-04-20,Hostel B,Food,22.39,294,272,false,,Composting
2025-04-20,Hostel B,Plastic,6.8,294,272,false,,Recycling
2025-04-20,Hostel B,Paper,3.67,294,272,false,,Recycling
2025-04-20,Hostel B,Glass,1.7,294,272,false,,Recycling
2025-04-20,Hostel B,Metal,0.98,294,272,false,,Recycling
2025-04-20,Hostel B,E-Waste,0.25,294,272,false,,Authorized Recycler
2025-04-20,Hostel B,Other,3.81,294,272,false,,Recycling
2025-04-20,Food Court,Food,34.87,440,451,false,,Composting
2025-04-20,Food Court,Plastic,14.05,440,451,false,,Recycling
2025-04-20,Food Court,Paper,4.69,440,451,false,,Recycling
2025-04-20,Food Court,Glass,3.38,440,451,false,,Recycling
2025-04-20,Food Court,Metal,1.34,440,451,false,,Recycling
2025-04-20,Food Court,E-Waste,0.18,440,451,false,,Authorized Recycler
2025-04-20,Food Court,Other,4.23,440,451,false,,Recycling
2025-04-20,Academic Block,Food,3.76,915,888,false,,Composting
2025-04-20,Academic Block,Plastic,5.76,915,888,false,,Recycling
2025-04-20,Academic Block,Paper,11.06,915,888,false,,Recycling
2025-04-20,Academic Block,Glass,0.95,915,888,false,,Recycling
2025-04-20,Academic Block,Metal,0.75,915,888,false,,Recycling
2025-04-20,Academic Block,E-Waste,1.09,915,888,false,,Authorized Recycler
2025-04-20,Academic Block,Other,4,915,888,false,,Recycling
2025-04-20,Administration,Food,2.48,110,115,false,,Composting
2025-04-20,Administration,Plastic,2.73,110,115,false,,Recycling
2025-04-20,Administration,Paper,7.65,110,115,false,,Recycling
2025-04-20,Administration,Glass,0.44,110,115,false,,Recycling
2025-04-20,Administration,Metal,0.67,110,115,false,,Recycling
2025-04-20,Administration,E-Waste,0.72,110,115,false,,Authorized Recycler
2025-04-20,Administration,Other,2.73,110,115,false,,Recycling
2025-04-21,Main Canteen,Food,58.59,939,904,false,,Composting
2025-04-21,Main Canteen,Plastic,15.89,939,904,false,,Recycling
2025-04-21,Main Canteen,Paper,8.35,939,904,false,,Recycling
2025-04-21,Main Canteen,Glass,3.25,939,904,false,,Recycling
2025-04-21,Main Canteen,Metal,2.55,939,904,false,,Recycling
2025-04-21,Main Canteen,E-Waste,0.65,939,904,false,,Authorized Recycler
2025-04-21,Main Canteen,Other,6.11,939,904,false,,Recycling
2025-04-21,Hostel A,Food,32.09,454,449,false,,Composting
2025-04-21,Hostel A,Plastic,12.05,454,449,false,,Recycling
2025-04-21,Hostel A,Paper,5.84,454,449,false,,Recycling
2025-04-21,Hostel A,Glass,2.39,454,449,false,,Recycling
2025-04-21,Hostel A,Metal,1.11,454,449,false,,Recycling
2025-04-21,Hostel A,E-Waste,0.3,454,449,false,,Authorized Recycler
2025-04-21,Hostel A,Other,4.33,454,449,false,,Recycling
2025-04-21,Hostel B,Food,31.49,418,409,false,,Composting
2025-04-21,Hostel B,Plastic,9.61,418,409,false,,Recycling
2025-04-21,Hostel B,Paper,4.94,418,409,false,,Recycling
2025-04-21,Hostel B,Glass,2.66,418,409,false,,Recycling
2025-04-21,Hostel B,Metal,1.32,418,409,false,,Recycling
2025-04-21,Hostel B,E-Waste,0.33,418,409,false,,Authorized Recycler
2025-04-21,Hostel B,Other,4.12,418,409,false,,Recycling
2025-04-21,Food Court,Food,50.57,608,584,false,,Composting
2025-04-21,Food Court,Plastic,15.54,608,584,false,,Recycling
2025-04-21,Food Court,Paper,7.82,608,584,false,,Recycling
2025-04-21,Food Court,Glass,4.4,608,584,false,,Recycling
2025-04-21,Food Court,Metal,1.67,608,584,false,,Recycling
2025-04-21,Food Court,E-Waste,0.21,608,584,false,,Authorized Recycler
2025-04-21,Food Court,Other,5.44,608,584,false,,Recycling
2025-04-21,Academic Block,Food,6.39,1130,1179,false,,Composting
2025-04-21,Academic Block,Plastic,5.97,1130,1179,false,,Recycling
2025-04-21,Academic Block,Paper,17.74,1130,1179,false,,Recycling
2025-04-21,Academic Block,Glass,1.03,1130,1179,false,,Recycling
2025-04-21,Academic Block,Metal,1.29,1130,1179,false,,Recycling
2025-04-21,Academic Block,E-Waste,1.47,1130,1179,false,,Authorized Recycler
2025-04-21,Academic Block,Other,5.61,1130,1179,false,,Recycling
2025-04-21,Administration,Food,3.05,141,121,false,,Composting
2025-04-21,Administration,Plastic,3.99,141,121,false,,Recycling
2025-04-21,Administration,Paper,10.45,141,121,false,,Recycling
2025-04-21,Administration,Glass,0.56,141,121,false,,Recycling
2025-04-21,Administration,Metal,0.86,141,121,false,,Recycling
2025-04-21,Administration,E-Waste,0.87,141,121,false,,Authorized Recycler
2025-04-21,Administration,Other,3.89,141,121,false,,Recycling
2025-04-22,Main Canteen,Food,139.37,896,852,true,,Composting
2025-04-22,Main Canteen,Plastic,21.73,896,852,true,,Recycling
2025-04-22,Main Canteen,Paper,14.91,896,852,true,,Recycling
2025-04-22,Main Canteen,Glass,6.59,896,852,true,,Recycling
2025-04-22,Main Canteen,Metal,4.08,896,852,true,,Recycling
2025-04-22,Main Canteen,E-Waste,0.92,896,852,true,,Authorized Recycler
2025-04-22,Main Canteen,Other,13.15,896,852,true,,Recycling
2025-04-22,Hostel A,Food,57.39,446,382,true,,Composting
2025-04-22,Hostel A,Plastic,16.57,446,382,true,,Recycling
2025-04-22,Hostel A,Paper,12.19,446,382,true,,Recycling
2025-04-22,Hostel A,Glass,3.88,446,382,true,,Recycling
2025-04-22,Hostel A,Metal,2.12,446,382,true,,Recycling
2025-04-22,Hostel A,E-Waste,0.6,446,382,true,,Authorized Recycler
2025-04-22,Hostel A,Other,6.91,446,382,true,,Recycling
2025-04-22,Hostel B,Food,47.09,427,407,true,,Composting
2025-04-22,Hostel B,Plastic,14.97,427,407,true,,Recycling
2025-04-22,Hostel B,Paper,8.45,427,407,true,,Recycling
2025-04-22,Hostel B,Glass,4.17,427,407,true,,Recycling
2025-04-22,Hostel B,Metal,2.44,427,407,true,,Recycling
2025-04-22,Hostel B,E-Waste,0.64,427,407,true,,Authorized Recycler
2025-04-22,Hostel B,Other,9.2,427,407,true,,Recycling
2025-04-22,Food Court,Food,84.24,553,572,true,,Composting
2025-04-22,Food Court,Plastic,26.65,553,572,true,,Recycling
2025-04-22,Food Court,Paper,11.3,553,572,true,,Recycling
2025-04-22,Food Court,Glass,9.22,553,572,true,,Recycling
2025-04-22,Food Court,Metal,3.58,553,572,true,,Recycling
2025-04-22,Food Court,E-Waste,0.39,553,572,true,,Authorized Recycler
2025-04-22,Food Court,Other,10.45,553,572,true,,Recycling
2025-04-22,Academic Block,Food,13.05,1180,1193,true,,Composting
2025-04-22,Academic Block,Plastic,13.62,1180,1193,true,,Recycling
2025-04-22,Academic Block,Paper,28.2,1180,1193,true,,Recycling
2025-04-22,Academic Block,Glass,2.15,1180,1193,true,,Recycling
2025-04-22,Academic Block,Metal,2.15,1180,1193,true,,Recycling
2025-04-22,Academic Block,E-Waste,2.59,1180,1193,true,,Authorized Recycler
2025-04-22,Academic Block,Other,10.09,1180,1193,true,,Recycling
2025-04-22,Administration,Food,5.65,147,149,true,,Composting
2025-04-22,Administration,Plastic,7.35,147,149,true,,Recycling
2025-04-22,Administration,Paper,16.69,147,149,true,,Recycling
2025-04-22,Administration,Glass,1.07,147,149,true,,Recycling
2025-04-22,Administration,Metal,1.66,147,149,true,,Recycling
2025-04-22,Administration,E-Waste,1.61,147,149,true,,Authorized Recycler
2025-04-22,Administration,Other,5.91,147,149,true,,Recycling
2025-04-23,Main Canteen,Food,71.81,862,876,false,,Composting
2025-04-23,Main Canteen,Plastic,14.54,862,876,false,,Recycling
2025-04-23,Main Canteen,Paper,8.66,862,876,false,,Recycling
2025-04-23,Main Canteen,Glass,3.94,862,876,false,,Recycling
2025-04-23,Main Canteen,Metal,2.54,862,876,false,,Recycling
2025-04-23,Main Canteen,E-Waste,0.6,862,876,false,,Authorized Recycler
2025-04-23,Main Canteen,Other,7.43,862,876,false,,Recycling
2025-04-23,Hostel A,Food,36.19,474,455,false,,Composting
2025-04-23,Hostel A,Plastic,10.8,474,455,false,,Recycling
2025-04-23,Hostel A,Paper,5.13,474,455,false,,Recycling
2025-04-23,Hostel A,Glass,2.41,474,455,false,,Recycling
2025-04-23,Hostel A,Metal,1.31,474,455,false,,Recycling
2025-04-23,Hostel A,E-Waste,0.39,474,455,false,,Authorized Recycler
2025-04-23,Hostel A,Other,5.27,474,455,false,,Recycling
2025-04-23,Hostel B,Food,33.5,387,396,false,,Composting
2025-04-23,Hostel B,Plastic,10.47,387,396,false,,Recycling
2025-04-23,Hostel B,Paper,4.26,387,396,false,,Recycling
2025-04-23,Hostel B,Glass,2.32,387,396,false,,Recycling
2025-04-23,Hostel B,Metal,1.3,387,396,false,,Recycling
2025-04-23,Hostel B,E-Waste,0.39,387,396,false,,Authorized Recycler
2025-04-23,Hostel B,Other,5.26,387,396,false,,Recycling
2025-04-23,Food Court,Food,43.07,567,512,false,,Composting
2025-04-23,Food Court,Plastic,16.17,567,512,false,,Recycling
2025-04-23,Food Court,Paper,6.19,567,512,false,,Recycling
2025-04-23,Food Court,Glass,5.01,567,512,false,,Recycling
2025-04-23,Food Court,Metal,1.9,567,512,false,,Recycling
2025-04-23,Food Court,E-Waste,0.2,567,512,false,,Authorized Recycler
2025-04-23,Food Court,Other,6.15,567,512,false,,Recycling
2025-04-23,Academic Block,Food,5.51,1269,1231,false,,Composting
2025-04-23,Academic Block,Plastic,6.76,1269,1231,false,,Recycling
2025-04-23,Academic Block,Paper,17.94,1269,1231,false,,Recycling
2025-04-23,Academic Block,Glass,1.08,1269,1231,false,,Recycling
2025-04-23,Academic Block,Metal,1.06,1269,1231,false,,Recycling
2025-04-23,Academic Block,E-Waste,1.61,1269,1231,false,,Authorized Recycler
2025-04-23,Academic Block,Other,5.22,1269,1231,false,,Recycling
2025-04-23,Administration,Food,3.73,148,137,false,,Composting
2025-04-23,Administration,Plastic,3.38,148,137,false,,Recycling
2025-04-23,Administration,Paper,11.49,148,137,false,,Recycling
2025-04-23,Administration,Glass,0.55,148,137,false,,Recycling
2025-04-23,Administration,Metal,0.87,148,137,false,,Recycling
2025-04-23,Administration,E-Waste,0.95,148,137,false,,Authorized Recycler
2025-04-23,Administration,Other,3.12,148,137,false,,Recycling
2025-04-24,Main Canteen,Food,56.71,851,836,false,,Composting
2025-04-24,Main Canteen,Plastic,14,851,836,false,,Recycling
2025-04-24,Main Canteen,Paper,8.99,851,836,false,,Recycling
2025-04-24,Main Canteen,Glass,3.43,851,836,false,,Recycling
2025-04-24,Main Canteen,Metal,2.5,851,836,false,,Recycling
2025-04-24,Main Canteen,E-Waste,0.54,851,836,false,,Authorized Recycler
2025-04-24,Main Canteen,Other,7.73,851,836,false,,Recycling
2025-04-24,Hostel A,Food,30.81,427,406,false,,Composting
2025-04-24,Hostel A,Plastic,11.14,427,406,false,,Recycling
2025-04-24,Hostel A,Paper,5.29,427,406,false,,Recycling
2025-04-24,Hostel A,Glass,2.18,427,406,false,,Recycling
2025-04-24,Hostel A,Metal,1.11,427,406,false,,Recycling
2025-04-24,Hostel A,E-Waste,0.3,427,406,false,,Authorized Recycler
2025-04-24,Hostel A,Other,4.13,427,406,false,,Recycling
2025-04-24,Hostel B,Food,29.33,389,356,false,,Composting
2025-04-24,Hostel B,Plastic,10.6,389,356,false,,Recycling
2025-04-24,Hostel B,Paper,4.26,389,356,false,,Recycling
2025-04-24,Hostel B,Glass,2.54,389,356,false,,Recycling
2025-04-24,Hostel B,Metal,1.03,389,356,false,,Recycling
2025-04-24,Hostel B,E-Waste,0.31,389,356,false,,Authorized Recycler
2025-04-24,Hostel B,Other,4.41,389,356,false,,Recycling
2025-04-24,Food Court,Food,41.96,639,631,false,,Composting
2025-04-24,Food Court,Plastic,15.1,639,631,false,,Recycling
2025-04-24,Food Court,Paper,7.45,639,631,false,,Recycling
2025-04-24,Food Court,Glass,4.85,639,631,false,,Recycling
2025-04-24,Food Court,Metal,1.66,639,631,false,,Recycling
2025-04-24,Food Court,E-Waste,0.26,639,631,false,,Authorized Recycler
2025-04-24,Food Court,Other,6.47,639,631,false,,Recycling
2025-04-24,Academic Block,Food,6.05,1194,1236,false,,Composting
2025-04-24,Academic Block,Plastic,6.36,1194,1236,false,,Recycling
2025-04-24,Academic Block,Paper,18.03,1194,1236,false,,Recycling
2025-04-24,Academic Block,Glass,1.13,1194,1236,false,,Recycling
2025-04-24,Academic Block,Metal,1.33,1194,1236,false,,Recycling
2025-04-24,Academic Block,E-Waste,1.51,1194,1236,false,,Authorized Recycler
2025-04-24,Academic Block,Other,5.82,1194,1236,false,,Recycling
2025-04-24,Administration,Food,3.56,150,137,false,,Composting
2025-04-24,Administration,Plastic,3.23,150,137,false,,Recycling
2025-04-24,Administration,Paper,10.43,150,137,false,,Recycling
2025-04-24,Administration,Glass,0.59,150,137,false,,Recycling
2025-04-24,Administration,Metal,1.07,150,137,false,,Recycling
2025-04-24,Administration,E-Waste,0.86,150,137,false,,Authorized Recycler
2025-04-24,Administration,Other,3.1,150,137,false,,Recycling
2025-04-25,Main Canteen,Food,55.89,836,712,false,,Composting
2025-04-25,Main Canteen,Plastic,14.24,836,712,false,,Recycling
2025-04-25,Main Canteen,Paper,10.16,836,712,false,,Recycling
2025-04-25,Main Canteen,Glass,2.99,836,712,false,,Recycling
2025-04-25,Main Canteen,Metal,2.12,836,712,false,,Recycling
2025-04-25,Main Canteen,E-Waste,0.59,836,712,false,,Authorized Recycler
2025-04-25,Main Canteen,Other,6.79,836,712,false,,Recycling
2025-04-25,Hostel A,Food,35.56,442,423,false,,Composting
2025-04-25,Hostel A,Plastic,10.65,442,423,false,,Recycling
2025-04-25,Hostel A,Paper,5.78,442,423,false,,Recycling
2025-04-25,Hostel A,Glass,2.16,442,423,false,,Recycling
2025-04-25,Hostel A,Metal,1.27,442,423,false,,Recycling
2025-04-25,Hostel A,E-Waste,0.38,442,423,false,,Authorized Recycler
2025-04-25,Hostel A,Other,5.29,442,423,false,,Recycling
2025-04-25,Hostel B,Food,33.52,418,361,false,,Composting
2025-04-25,Hostel B,Plastic,10.62,418,361,false,,Recycling
2025-04-25,Hostel B,Paper,5.29,418,361,false,,Recycling
2025-04-25,Hostel B,Glass,2.19,418,361,false,,Recycling
2025-04-25,Hostel B,Metal,1.21,418,361,false,,Recycling
2025-04-25,Hostel B,E-Waste,0.35,418,361,false,,Authorized Recycler
2025-04-25,Hostel B,Other,4.28,418,361,false,,Recycling
2025-04-25,Food Court,Food,46.56,579,526,false,,Composting
2025-04-25,Food Court,Plastic,18.52,579,526,false,,Recycling
2025-04-25,Food Court,Paper,6.53,579,526,false,,Recycling
2025-04-25,Food Court,Glass,4.32,579,526,false,,Recycling
2025-04-25,Food Court,Metal,1.51,579,526,false,,Recycling
2025-04-25,Food Court,E-Waste,0.26,579,526,false,,Authorized Recycler
2025-04-25,Food Court,Other,5.16,579,526,false,,Recycling
2025-04-25,Academic Block,Food,5.93,1218,1277,false,,Composting
2025-04-25,Academic Block,Plastic,6.82,1218,1277,false,,Recycling
2025-04-25,Academic Block,Paper,17.4,1218,1277,false,,Recycling
2025-04-25,Academic Block,Glass,1.17,1218,1277,false,,Recycling
2025-04-25,Academic Block,Metal,1.16,1218,1277,false,,Recycling
2025-04-25,Academic Block,E-Waste,1.49,1218,1277,false,,Authorized Recycler
2025-04-25,Academic Block,Other,5.18,1218,1277,false,,Recycling
2025-04-25,Administration,Food,3.93,153,137,false,,Composting
2025-04-25,Administration,Plastic,3.75,153,137,false,,Recycling
2025-04-25,Administration,Paper,10.8,153,137,false,,Recycling
2025-04-25,Administration,Glass,0.61,153,137,false,,Recycling
2025-04-25,Administration,Metal,0.98,153,137,false,,Recycling
2025-04-25,Administration,E-Waste,0.97,153,137,false,,Authorized Recycler
2025-04-25,Administration,Other,3.27,153,137,false,,Recycling
2025-04-26,Main Canteen,Food,42.37,647,577,false,,Composting
2025-04-26,Main Canteen,Plastic,9.33,647,577,false,,Recycling
2025-04-26,Main Canteen,Paper,7.71,647,577,false,,Recycling
2025-04-26,Main Canteen,Glass,3.03,647,577,false,,Recycling
2025-04-26,Main Canteen,Metal,1.76,647,577,false,,Recycling
2025-04-26,Main Canteen,E-Waste,0.47,647,577,false,,Authorized Recycler
2025-04-26,Main Canteen,Other,5.55,647,577,false,,Recycling
2025-04-26,Hostel A,Food,24.68,352,367,false,,Composting
2025-04-26,Hostel A,Plastic,7.8,352,367,false,,Recycling
2025-04-26,Hostel A,Paper,4.07,352,367,false,,Recycling
2025-04-26,Hostel A,Glass,1.94,352,367,false,,Recycling
2025-04-26,Hostel A,Metal,0.92,352,367,false,,Recycling
2025-04-26,Hostel A,E-Waste,0.25,352,367,false,,Authorized Recycler
2025-04-26,Hostel A,Other,3.74,352,367,false,,Recycling
2025-04-26,Hostel B,Food,22.28,323,303,false,,Composting
2025-04-26,Hostel B,Plastic,6.49,323,303,false,,Recycling
2025-04-26,Hostel B,Paper,3.77,323,303,false,,Recycling
2025-04-26,Hostel B,Glass,1.65,323,303,false,,Recycling
2025-04-26,Hostel B,Metal,0.95,323,303,false,,Recycling
2025-04-26,Hostel B,E-Waste,0.24,323,303,false,,Authorized Recycler
2025-04-26,Hostel B,Other,4.01,323,303,false,,Recycling
2025-04-26,Food Court,Food,35.65,458,428,false,,Composting
2025-04-26,Food Court,Plastic,13.24,458,428,false,,Recycling
2025-04-26,Food Court,Paper,4.67,458,428,false,,Recycling
2025-04-26,Food Court,Glass,3.98,458,428,false,,Recycling
2025-04-26,Food Court,Metal,1.23,458,428,false,,Recycling
2025-04-26,Food Court,E-Waste,0.18,458,428,false,,Authorized Recycler
2025-04-26,Food Court,Other,4.74,458,428,false,,Recycling
2025-04-26,Academic Block,Food,4.31,911,798,false,,Composting
2025-04-26,Academic Block,Plastic,5.05,911,798,false,,Recycling
2025-04-26,Academic Block,Paper,13.26,911,798,false,,Recycling
2025-04-26,Academic Block,Glass,0.99,911,798,false,,Recycling
2025-04-26,Academic Block,Metal,0.76,911,798,false,,Recycling
2025-04-26,Academic Block,E-Waste,0.95,911,798,false,,Authorized Recycler
2025-04-26,Academic Block,Other,4.24,911,798,false,,Recycling
2025-04-26,Administration,Food,2.32,107,100,false,,Composting
2025-04-26,Administration,Plastic,2.38,107,100,false,,Recycling
2025-04-26,Administration,Paper,7.69,107,100,false,,Recycling
2025-04-26,Administration,Glass,0.5,107,100,false,,Recycling
2025-04-26,Administration,Metal,0.73,107,100,false,,Recycling
2025-04-26,Administration,E-Waste,0.62,107,100,false,,Authorized Recycler
2025-04-26,Administration,Other,3,107,100,false,,Recycling
2025-04-27,Main Canteen,Food,48.74,627,608,false,,Composting
2025-04-27,Main Canteen,Plastic,10.69,627,608,false,,Recycling
2025-04-27,Main Canteen,Paper,7.73,627,608,false,,Recycling
2025-04-27,Main Canteen,Glass,2.82,627,608,false,,Recycling
2025-04-27,Main Canteen,Metal,2.02,627,608,false,,Recycling
2025-04-27,Main Canteen,E-Waste,0.41,627,608,false,,Authorized Recycler
2025-04-27,Main Canteen,Other,4.54,627,608,false,,Recycling
2025-04-27,Hostel A,Food,27.67,347,305,false,,Composting
2025-04-27,Hostel A,Plastic,8.58,347,305,false,,Recycling
2025-04-27,Hostel A,Paper,4.92,347,305,false,,Recycling
2025-04-27,Hostel A,Glass,1.71,347,305,false,,Recycling
2025-04-27,Hostel A,Metal,0.82,347,305,false,,Recycling
2025-04-27,Hostel A,E-Waste,0.3,347,305,false,,Authorized Recycler
2025-04-27,Hostel A,Other,3.83,347,305,false,,Recycling
2025-04-27,Hostel B,Food,23.24,335,337,false,,Composting
2025-04-27,Hostel B,Plastic,6.35,335,337,false,,Recycling
2025-04-27,Hostel B,Paper,4,335,337,false,,Recycling
2025-04-27,Hostel B,Glass,1.59,335,337,false,,Recycling
2025-04-27,Hostel B,Metal,0.98,335,337,false,,Recycling
2025-04-27,Hostel B,E-Waste,0.29,335,337,false,,Authorized Recycler
2025-04-27,Hostel B,Other,3.95,335,337,false,,Recycling
2025-04-27,Food Court,Food,37.16,432,402,false,,Composting
2025-04-27,Food Court,Plastic,14.63,432,402,false,,Recycling
2025-04-27,Food Court,Paper,5.45,432,402,false,,Recycling
2025-04-27,Food Court,Glass,3.03,432,402,false,,Recycling
2025-04-27,Food Court,Metal,1.26,432,402,false,,Recycling
2025-04-27,Food Court,E-Waste,0.16,432,402,false,,Authorized Recycler
2025-04-27,Food Court,Other,3.95,432,402,false,,Recycling
2025-04-27,Academic Block,Food,4.56,934,920,false,,Composting
2025-04-27,Academic Block,Plastic,5.1,934,920,false,,Recycling
2025-04-27,Academic Block,Paper,11.69,934,920,false,,Recycling
2025-04-27,Academic Block,Glass,1,934,920,false,,Recycling
2025-04-27,Academic Block,Metal,0.76,934,920,false,,Recycling
2025-04-27,Academic Block,E-Waste,1.05,934,920,false,,Authorized Recycler
2025-04-27,Academic Block,Other,4.54,934,920,false,,Recycling
2025-04-27,Administration,Food,2.63,112,100,false,,Composting
2025-04-27,Administration,Plastic,2.97,112,100,false,,Recycling
2025-04-27,Administration,Paper,10.12,112,100,false,,Recycling
2025-04-27,Administration,Glass,0.47,112,100,false,,Recycling
2025-04-27,Administration,Metal,0.64,112,100,false,,Recycling
2025-04-27,Administration,E-Waste,0.8,112,100,false,,Authorized Recycler
2025-04-27,Administration,Other,2.63,112,100,false,,Recycling
2025-04-28,Main Canteen,Food,68.48,949,901,false,,Composting
2025-04-28,Main Canteen,Plastic,12.61,949,901,false,,Recycling
2025-04-28,Main Canteen,Paper,8.34,949,901,false,,Recycling
2025-04-28,Main Canteen,Glass,3.56,949,901,false,,Recycling
2025-04-28,Main Canteen,Metal,2.01,949,901,false,,Recycling
2025-04-28,Main Canteen,E-Waste,0.57,949,901,false,,Authorized Recycler
2025-04-28,Main Canteen,Other,7.69,949,901,false,,Recycling
2025-04-28,Hostel A,Food,40.49,445,413,false,,Composting
2025-04-28,Hostel A,Plastic,11.66,445,413,false,,Recycling
2025-04-28,Hostel A,Paper,6.27,445,413,false,,Recycling
2025-04-28,Hostel A,Glass,2.17,445,413,false,,Recycling
2025-04-28,Hostel A,Metal,1.35,445,413,false,,Recycling
2025-04-28,Hostel A,E-Waste,0.32,445,413,false,,Authorized Recycler
2025-04-28,Hostel A,Other,4.69,445,413,false,,Recycling
2025-04-28,Hostel B,Food,30.81,424,395,false,,Composting
2025-04-28,Hostel B,Plastic,8.17,424,395,false,,Recycling
2025-04-28,Hostel B,Paper,5.27,424,395,false,,Recycling
2025-04-28,Hostel B,Glass,2.15,424,395,false,,Recycling
2025-04-28,Hostel B,Metal,1.1,424,395,false,,Recycling
2025-04-28,Hostel B,E-Waste,0.34,424,395,false,,Authorized Recycler
2025-04-28,Hostel B,Other,4.51,424,395,false,,Recycling
2025-04-28,Food Court,Food,43.21,601,578,false,,Composting
2025-04-28,Food Court,Plastic,15.31,601,578,false,,Recycling
2025-04-28,Food Court,Paper,6.1,601,578,false,,Recycling
2025-04-28,Food Court,Glass,5.24,601,578,false,,Recycling
2025-04-28,Food Court,Metal,1.83,601,578,false,,Recycling
2025-04-28,Food Court,E-Waste,0.22,601,578,false,,Authorized Recycler
2025-04-28,Food Court,Other,6.11,601,578,false,,Recycling
2025-04-28,Academic Block,Food,5.77,1184,1234,false,,Composting
2025-04-28,Academic Block,Plastic,7.73,1184,1234,false,,Recycling
2025-04-28,Academic Block,Paper,17.7,1184,1234,false,,Recycling
2025-04-28,Academic Block,Glass,1.34,1184,1234,false,,Recycling
2025-04-28,Academic Block,Metal,1.27,1184,1234,false,,Recycling
2025-04-28,Academic Block,E-Waste,1.61,1184,1234,false,,Authorized Recycler
2025-04-28,Academic Block,Other,5.22,1184,1234,false,,Recycling
2025-04-28,Administration,Food,3.41,158,166,false,,Composting
2025-04-28,Administration,Plastic,3.3,158,166,false,,Recycling
2025-04-28,Administration,Paper,11.13,158,166,false,,Recycling
2025-04-28,Administration,Glass,0.56,158,166,false,,Recycling
2025-04-28,Administration,Metal,1.02,158,166,false,,Recycling
2025-04-28,Administration,E-Waste,0.96,158,166,false,,Authorized Recycler
2025-04-28,Administration,Other,3.22,158,166,false,,Recycling
2025-04-29,Main Canteen,Food,73.42,960,865,false,,Composting
2025-04-29,Main Canteen,Plastic,13.16,960,865,false,,Recycling
2025-04-29,Main Canteen,Paper,8.15,960,865,false,,Recycling
2025-04-29,Main Canteen,Glass,3.79,960,865,false,,Recycling
2025-04-29,Main Canteen,Metal,2.62,960,865,false,,Recycling
2025-04-29,Main Canteen,E-Waste,0.59,960,865,false,,Authorized Recycler
2025-04-29,Main Canteen,Other,6.66,960,865,false,,Recycling
2025-04-29,Hostel A,Food,36.65,441,379,false,,Composting
2025-04-29,Hostel A,Plastic,12.12,441,379,false,,Recycling
2025-04-29,Hostel A,Paper,5.13,441,379,false,,Recycling
2025-04-29,Hostel A,Glass,2.52,441,379,false,,Recycling
2025-04-29,Hostel A,Metal,1.03,441,379,false,,Recycling
2025-04-29,Hostel A,E-Waste,0.33,441,379,false,,Authorized Recycler
2025-04-29,Hostel A,Other,4.23,441,379,false,,Recycling
2025-04-29,Hostel B,Food,32.46,451,444,false,,Composting
2025-04-29,Hostel B,Plastic,8.72,451,444,false,,Recycling
2025-04-29,Hostel B,Paper,5.31,451,444,false,,Recycling
2025-04-29,Hostel B,Glass,2.56,451,444,false,,Recycling
2025-04-29,Hostel B,Metal,1.12,451,444,false,,Recycling
2025-04-29,Hostel B,E-Waste,0.34,451,444,false,,Authorized Recycler
2025-04-29,Hostel B,Other,4.96,451,444,false,,Recycling
2025-04-29,Food Court,Food,47.31,622,559,false,,Composting
2025-04-29,Food Court,Plastic,17.37,622,559,false,,Recycling
2025-04-29,Food Court,Paper,7.69,622,559,false,,Recycling
2025-04-29,Food Court,Glass,5.13,622,559,false,,Recycling
2025-04-29,Food Court,Metal,1.73,622,559,false,,Recycling
2025-04-29,Food Court,E-Waste,0.26,622,559,false,,Authorized Recycler
2025-04-29,Food Court,Other,5.9,622,559,false,,Recycling
2025-04-29,Academic Block,Food,5.39,1287,1177,false,,Composting
2025-04-29,Academic Block,Plastic,8.11,1287,1177,false,,Recycling
2025-04-29,Academic Block,Paper,15.78,1287,1177,false,,Recycling
2025-04-29,Academic Block,Glass,1.09,1287,1177,false,,Recycling
2025-04-29,Academic Block,Metal,1.2,1287,1177,false,,Recycling
2025-04-29,Academic Block,E-Waste,1.61,1287,1177,false,,Authorized Recycler
2025-04-29,Academic Block,Other,5.49,1287,1177,false,,Recycling
2025-04-29,Administration,Food,3.15,152,132,false,,Composting
2025-04-29,Administration,Plastic,3.66,152,132,false,,Recycling
2025-04-29,Administration,Paper,11.37,152,132,false,,Recycling
2025-04-29,Administration,Glass,0.53,152,132,false,,Recycling
2025-04-29,Administration,Metal,0.98,152,132,false,,Recycling
2025-04-29,Administration,E-Waste,0.88,152,132,false,,Authorized Recycler
2025-04-29,Administration,Other,3.47,152,132,false,,Recycling
2025-04-30,Main Canteen,Food,66.85,918,816,false,,Composting
2025-04-30,Main Canteen,Plastic,13.08,918,816,false,,Recycling
2025-04-30,Main Canteen,Paper,10.68,918,816,false,,Recycling
2025-04-30,Main Canteen,Glass,3.75,918,816,false,,Recycling
2025-04-30,Main Canteen,Metal,2.66,918,816,false,,Recycling
2025-04-30,Main Canteen,E-Waste,0.66,918,816,false,,Authorized Recycler
2025-04-30,Main Canteen,Other,7.91,918,816,false,,Recycling
2025-04-30,Hostel A,Food,39.48,474,445,false,,Composting
2025-04-30,Hostel A,Plastic,10.69,474,445,false,,Recycling
2025-04-30,Hostel A,Paper,5.49,474,445,false,,Recycling
2025-04-30,Hostel A,Glass,2.13,474,445,false,,Recycling
2025-04-30,Hostel A,Metal,1.33,474,445,false,,Recycling
2025-04-30,Hostel A,E-Waste,0.36,474,445,false,,Authorized Recycler
2025-04-30,Hostel A,Other,4.19,474,445,false,,Recycling
2025-04-30,Hostel B,Food,29.36,415,427,false,,Composting
2025-04-30,Hostel B,Plastic,8.21,415,427,false,,Recycling
2025-04-30,Hostel B,Paper,4.52,415,427,false,,Recycling
2025-04-30,Hostel B,Glass,2.15,415,427,false,,Recycling
2025-04-30,Hostel B,Metal,1.12,415,427,false,,Recycling
2025-04-30,Hostel B,E-Waste,0.31,415,427,false,,Authorized Recycler
2025-04-30,Hostel B,Other,4.26,415,427,false,,Recycling
2025-04-30,Food Court,Food,52.48,577,580,false,,Composting
2025-04-30,Food Court,Plastic,16.88,577,580,false,,Recycling
2025-04-30,Food Court,Paper,6.37,577,580,false,,Recycling
2025-04-30,Food Court,Glass,4.18,577,580,false,,Recycling
2025-04-30,Food Court,Metal,1.54,577,580,false,,Recycling
2025-04-30,Food Court,E-Waste,0.23,577,580,false,,Authorized Recycler
2025-04-30,Food Court,Other,5.24,577,580,false,,Recycling
2025-04-30,Academic Block,Food,5.53,1233,1071,false,,Composting
2025-04-30,Academic Block,Plastic,6.53,1233,1071,false,,Recycling
2025-04-30,Academic Block,Paper,38.53,1233,1071,false,,Recycling
2025-04-30,Academic Block,Glass,1.18,1233,1071,false,,Recycling
2025-04-30,Academic Block,Metal,1.24,1233,1071,false,,Recycling
2025-04-30,Academic Block,E-Waste,1.21,1233,1071,false,,Authorized Recycler
2025-04-30,Academic Block,Other,6.59,1233,1071,false,,Recycling
2025-04-30,Administration,Food,3.51,157,136,false,,Composting
2025-04-30,Administration,Plastic,3.88,157,136,false,,Recycling
2025-04-30,Administration,Paper,10.82,157,136,false,,Recycling
2025-04-30,Administration,Glass,0.62,157,136,false,,Recycling
2025-04-30,Administration,Metal,0.98,157,136,false,,Recycling
2025-04-30,Administration,E-Waste,0.89,157,136,false,,Authorized Recycler
2025-04-30,Administration,Other,3.02,157,136,false,,Recycling
2025-05-01,Main Canteen,Food,63.39,922,784,false,,Composting
2025-05-01,Main Canteen,Plastic,15.3,922,784,false,,Recycling
2025-05-01,Main Canteen,Paper,8.66,922,784,false,,Recycling
2025-05-01,Main Canteen,Glass,3.9,922,784,false,,Recycling
2025-05-01,Main Canteen,Metal,2.21,922,784,false,,Recycling
2025-05-01,Main Canteen,E-Waste,0.62,922,784,false,,Authorized Recycler
2025-05-01,Main Canteen,Other,7.96,922,784,false,,Recycling
2025-05-01,Hostel A,Food,33.62,480,419,false,,Composting
2025-05-01,Hostel A,Plastic,12.14,480,419,false,,Recycling
2025-05-01,Hostel A,Paper,6.75,480,419,false,,Recycling
2025-05-01,Hostel A,Glass,2.39,480,419,false,,Recycling
2025-05-01,Hostel A,Metal,1.13,480,419,false,,Recycling
2025-05-01,Hostel A,E-Waste,0.39,480,419,false,,Authorized Recycler
2025-05-01,Hostel A,Other,4.9,480,419,false,,Recycling
2025-05-01,Hostel B,Food,35.46,414,407,false,,Composting
2025-05-01,Hostel B,Plastic,10.65,414,407,false,,Recycling
2025-05-01,Hostel B,Paper,4.65,414,407,false,,Recycling
2025-05-01,Hostel B,Glass,2.09,414,407,false,,Recycling
2025-05-01,Hostel B,Metal,1.28,414,407,false,,Recycling
2025-05-01,Hostel B,E-Waste,0.39,414,407,false,,Authorized Recycler
2025-05-01,Hostel B,Other,4.36,414,407,false,,Recycling
2025-05-01,Food Court,Food,51.89,600,587,false,,Composting
2025-05-01,Food Court,Plastic,17.62,600,587,false,,Recycling
2025-05-01,Food Court,Paper,6.94,600,587,false,,Recycling
2025-05-01,Food Court,Glass,5.2,600,587,false,,Recycling
2025-05-01,Food Court,Metal,1.59,600,587,false,,Recycling
2025-05-01,Food Court,E-Waste,0.27,600,587,false,,Authorized Recycler
2025-05-01,Food Court,Other,5.32,600,587,false,,Recycling
2025-05-01,Academic Block,Food,5.52,1219,1037,false,,Composting
2025-05-01,Academic Block,Plastic,6.37,1219,1037,false,,Recycling
2025-05-01,Academic Block,Paper,14.75,1219,1037,false,,Recycling
2025-05-01,Academic Block,Glass,1.31,1219,1037,false,,Recycling
2025-05-01,Academic Block,Metal,1.05,1219,1037,false,,Recycling
2025-05-01,Academic Block,E-Waste,1.26,1219,1037,false,,Authorized Recycler
2025-05-01,Academic Block,Other,6.76,1219,1037,false,,Recycling
2025-05-01,Administration,Food,3.93,149,143,false,,Composting
2025-05-01,Administration,Plastic,4.06,149,143,false,,Recycling
2025-05-01,Administration,Paper,11.5,149,143,false,,Recycling
2025-05-01,Administration,Glass,0.63,149,143,false,,Recycling
2025-05-01,Administration,Metal,0.86,149,143,false,,Recycling
2025-05-01,Administration,E-Waste,0.91,149,143,false,,Authorized Recycler
2025-05-01,Administration,Other,3.01,149,143,false,,Recycling
2025-05-02,Main Canteen,Food,67.86,967,914,false,,Composting
2025-05-02,Main Canteen,Plastic,12.29,967,914,false,,Recycling
2025-05-02,Main Canteen,Paper,9.76,967,914,false,,Recycling
2025-05-02,Main Canteen,Glass,3.63,967,914,false,,Recycling
2025-05-02,Main Canteen,Metal,2.16,967,914,false,,Recycling
2025-05-02,Main Canteen,E-Waste,0.58,967,914,false,,Authorized Recycler
2025-05-02,Main Canteen,Other,7.11,967,914,false,,Recycling
2025-05-02,Hostel A,Food,39.34,472,461,false,,Composting
2025-05-02,Hostel A,Plastic,11.46,472,461,false,,Recycling
2025-05-02,Hostel A,Paper,5.3,472,461,false,,Recycling
2025-05-02,Hostel A,Glass,2.11,472,461,false,,Recycling
2025-05-02,Hostel A,Metal,1.24,472,461,false,,Recycling
2025-05-02,Hostel A,E-Waste,0.37,472,461,false,,Authorized Recycler
2025-05-02,Hostel A,Other,4.93,472,461,false,,Recycling
2025-05-02,Hostel B,Food,33.21,424,393,false,,Composting
2025-05-02,Hostel B,Plastic,9.97,424,393,false,,Recycling
2025-05-02,Hostel B,Paper,5.13,424,393,false,,Recycling
2025-05-02,Hostel B,Glass,2.13,424,393,false,,Recycling
2025-05-02,Hostel B,Metal,1.22,424,393,false,,Recycling
2025-05-02,Hostel B,E-Waste,0.37,424,393,false,,Authorized Recycler
2025-05-02,Hostel B,Other,5.35,424,393,false,,Recycling
2025-05-02,Food Court,Food,47.8,622,548,false,,Composting
2025-05-02,Food Court,Plastic,15.82,622,548,false,,Recycling
2025-05-02,Food Court,Paper,6.91,622,548,false,,Recycling
2025-05-02,Food Court,Glass,5.06,622,548,false,,Recycling
2025-05-02,Food Court,Metal,1.57,622,548,false,,Recycling
2025-05-02,Food Court,E-Waste,0.27,622,548,false,,Authorized Recycler
2025-05-02,Food Court,Other,6.06,622,548,false,,Recycling
2025-05-02,Academic Block,Food,6.34,1139,1122,false,,Composting
2025-05-02,Academic Block,Plastic,6.93,1139,1122,false,,Recycling
2025-05-02,Academic Block,Paper,17.48,1139,1122,false,,Recycling
2025-05-02,Academic Block,Glass,1.03,1139,1122,false,,Recycling
2025-05-02,Academic Block,Metal,1.21,1139,1122,false,,Recycling
2025-05-02,Academic Block,E-Waste,1.62,1139,1122,false,,Authorized Recycler
2025-05-02,Academic Block,Other,5.48,1139,1122,false,,Recycling
2025-05-02,Administration,Food,3.38,148,151,false,,Composting
2025-05-02,Administration,Plastic,3.73,148,151,false,,Recycling
2025-05-02,Administration,Paper,10.87,148,151,false,,Recycling
2025-05-02,Administration,Glass,0.53,148,151,false,,Recycling
2025-05-02,Administration,Metal,0.98,148,151,false,,Recycling
2025-05-02,Administration,E-Waste,0.91,148,151,false,,Authorized Recycler
2025-05-02,Administration,Other,3.79,148,151,false,,Recycling
2025-05-03,Main Canteen,Food,43.95,671,618,false,,Composting
2025-05-03,Main Canteen,Plastic,10.38,671,618,false,,Recycling
2025-05-03,Main Canteen,Paper,7.13,671,618,false,,Recycling
2025-05-03,Main Canteen,Glass,3.03,671,618,false,,Recycling
2025-05-03,Main Canteen,Metal,1.79,671,618,false,,Recycling
2025-05-03,Main Canteen,E-Waste,0.39,671,618,false,,Authorized Recycler
2025-05-03,Main Canteen,Other,4.63,671,618,false,,Recycling
2025-05-03,Hostel A,Food,27.3,333,335,false,,Composting
2025-05-03,Hostel A,Plastic,8.79,333,335,false,,Recycling
2025-05-03,Hostel A,Paper,4.31,333,335,false,,Recycling
2025-05-03,Hostel A,Glass,1.65,333,335,false,,Recycling
2025-05-03,Hostel A,Metal,0.91,333,335,false,,Recycling
2025-05-03,Hostel A,E-Waste,0.29,333,335,false,,Authorized Recycler
2025-05-03,Hostel A,Other,3.56,333,335,false,,Recycling
2025-05-03,Hostel B,Food,21.28,324,316,false,,Composting
2025-05-03,Hostel B,Plastic,7.36,324,316,false,,Recycling
2025-05-03,Hostel B,Paper,3.46,324,316,false,,Recycling
2025-05-03,Hostel B,Glass,1.68,324,316,false,,Recycling
2025-05-03,Hostel B,Metal,1.01,324,316,false,,Recycling
2025-05-03,Hostel B,E-Waste,0.24,324,316,false,,Authorized Recycler
2025-05-03,Hostel B,Other,3.06,324,316,false,,Recycling
2025-05-03,Food Court,Food,32.37,473,472,false,,Composting
2025-05-03,Food Court,Plastic,13.47,473,472,false,,Recycling
2025-05-03,Food Court,Paper,5.45,473,472,false,,Recycling
2025-05-03,Food Court,Glass,4,473,472,false,,Recycling
2025-05-03,Food Court,Metal,1.19,473,472,false,,Recycling
2025-05-03,Food Court,E-Waste,0.18,473,472,false,,Authorized Recycler
2025-05-03,Food Court,Other,4.6,473,472,false,,Recycling
2025-05-03,Academic Block,Food,3.84,853,834,false,,Composting
2025-05-03,Academic Block,Plastic,5.57,853,834,false,,Recycling
2025-05-03,Academic Block,Paper,14.2,853,834,false,,Recycling
2025-05-03,Academic Block,Glass,0.87,853,834,false,,Recycling
2025-05-03,Academic Block,Metal,0.84,853,834,false,,Recycling
2025-05-03,Academic Block,E-Waste,1.19,853,834,false,,Authorized Recycler
2025-05-03,Academic Block,Other,3.84,853,834,false,,Recycling
2025-05-03,Administration,Food,2.44,104,96,false,,Composting
2025-05-03,Administration,Plastic,2.43,104,96,false,,Recycling
2025-05-03,Administration,Paper,7.58,104,96,false,,Recycling
2025-05-03,Administration,Glass,0.42,104,96,false,,Recycling
2025-05-03,Administration,Metal,0.65,104,96,false,,Recycling
2025-05-03,Administration,E-Waste,0.75,104,96,false,,Authorized Recycler
2025-05-03,Administration,Other,2.69,104,96,false,,Recycling
2025-05-04,Main Canteen,Food,46.22,673,703,false,,Composting
2025-05-04,Main Canteen,Plastic,9.65,673,703,false,,Recycling
2025-05-04,Main Canteen,Paper,6.62,673,703,false,,Recycling
2025-05-04,Main Canteen,Glass,2.5,673,703,false,,Recycling
2025-05-04,Main Canteen,Metal,1.83,673,703,false,,Recycling
2025-05-04,Main Canteen,E-Waste,0.5,673,703,false,,Authorized Recycler
2025-05-04,Main Canteen,Other,6.01,673,703,false,,Recycling
2025-05-04,Hostel A,Food,29.23,317,327,false,,Composting
2025-05-04,Hostel A,Plastic,8.1,317,327,false,,Recycling
2025-05-04,Hostel A,Paper,3.86,317,327,false,,Recycling
2025-05-04,Hostel A,Glass,1.64,317,327,false,,Recycling
2025-05-04,Hostel A,Metal,0.89,317,327,false,,Recycling
2025-05-04,Hostel A,E-Waste,0.29,317,327,false,,Authorized Recycler
2025-05-04,Hostel A,Other,3.62,317,327,false,,Recycling
2025-05-04,Hostel B,Food,25.66,294,292,false,,Composting
2025-05-04,Hostel B,Plastic,6.22,294,292,false,,Recycling
2025-05-04,Hostel B,Paper,3.75,294,292,false,,Recycling
2025-05-04,Hostel B,Glass,1.97,294,292,false,,Recycling
2025-05-04,Hostel B,Metal,0.8,294,292,false,,Recycling
2025-05-04,Hostel B,E-Waste,0.27,294,292,false,,Authorized Recycler
2025-05-04,Hostel B,Other,3.97,294,292,false,,Recycling
2025-05-04,Food Court,Food,32.05,421,419,false,,Composting
2025-05-04,Food Court,Plastic,11.38,421,419,false,,Recycling
2025-05-04,Food Court,Paper,4.94,421,419,false,,Recycling
2025-05-04,Food Court,Glass,3.81,421,419,false,,Recycling
2025-05-04,Food Court,Metal,1.36,421,419,false,,Recycling
2025-05-04,Food Court,E-Waste,0.2,421,419,false,,Authorized Recycler
2025-05-04,Food Court,Other,4.61,421,419,false,,Recycling
2025-05-04,Academic Block,Food,4.51,958,859,false,,Composting
2025-05-04,Academic Block,Plastic,4.81,958,859,false,,Recycling
2025-05-04,Academic Block,Paper,11.83,958,859,false,,Recycling
2025-05-04,Academic Block,Glass,0.85,958,859,false,,Recycling
2025-05-04,Academic Block,Metal,0.94,958,859,false,,Recycling
2025-05-04,Academic Block,E-Waste,0.97,958,859,false,,Authorized Recycler
2025-05-04,Academic Block,Other,4.71,958,859,false,,Recycling
2025-05-04,Administration,Food,2.94,114,105,false,,Composting
2025-05-04,Administration,Plastic,3,114,105,false,,Recycling
2025-05-04,Administration,Paper,7.79,114,105,false,,Recycling
2025-05-04,Administration,Glass,0.45,114,105,false,,Recycling
2025-05-04,Administration,Metal,0.68,114,105,false,,Recycling
2025-05-04,Administration,E-Waste,0.73,114,105,false,,Authorized Recycler
2025-05-04,Administration,Other,2.87,114,105,false,,Recycling
2025-05-05,Main Canteen,Food,63.94,878,864,false,,Composting
2025-05-05,Main Canteen,Plastic,15.06,878,864,false,,Recycling
2025-05-05,Main Canteen,Paper,8.66,878,864,false,,Recycling
2025-05-05,Main Canteen,Glass,4.01,878,864,false,,Recycling
2025-05-05,Main Canteen,Metal,2.54,878,864,false,,Recycling
2025-05-05,Main Canteen,E-Waste,0.56,878,864,false,,Authorized Recycler
2025-05-05,Main Canteen,Other,6.92,878,864,false,,Recycling
2025-05-05,Hostel A,Food,39.98,429,391,false,,Composting
2025-05-05,Hostel A,Plastic,9.75,429,391,false,,Recycling
2025-05-05,Hostel A,Paper,5.86,429,391,false,,Recycling
2025-05-05,Hostel A,Glass,2.31,429,391,false,,Recycling
2025-05-05,Hostel A,Metal,1.25,429,391,false,,Recycling
2025-05-05,Hostel A,E-Waste,0.39,429,391,false,,Authorized Recycler
2025-05-05,Hostel A,Other,4.22,429,391,false,,Recycling
2025-05-05,Hostel B,Food,34.16,395,414,false,,Composting
2025-05-05,Hostel B,Plastic,9.19,395,414,false,,Recycling
2025-05-05,Hostel B,Paper,5.32,395,414,false,,Recycling
2025-05-05,Hostel B,Glass,2.12,395,414,false,,Recycling
2025-05-05,Hostel B,Metal,1.2,395,414,false,,Recycling
2025-05-05,Hostel B,E-Waste,0.34,395,414,false,,Authorized Recycler
2025-05-05,Hostel B,Other,5.17,395,414,false,,Recycling
2025-05-05,Food Court,Food,51.26,638,601,false,,Composting
2025-05-05,Food Court,Plastic,19.88,638,601,false,,Recycling
2025-05-05,Food Court,Paper,7.74,638,601,false,,Recycling
2025-05-05,Food Court,Glass,4.77,638,601,false,,Recycling
2025-05-05,Food Court,Metal,1.91,638,601,false,,Recycling
2025-05-05,Food Court,E-Waste,0.71,638,601,false,,Authorized Recycler
2025-05-05,Food Court,Other,6.3,638,601,false,,Recycling
2025-05-05,Academic Block,Food,5.52,1256,1210,false,,Composting
2025-05-05,Academic Block,Plastic,7.25,1256,1210,false,,Recycling
2025-05-05,Academic Block,Paper,18.78,1256,1210,false,,Recycling
2025-05-05,Academic Block,Glass,1.23,1256,1210,false,,Recycling
2025-05-05,Academic Block,Metal,1.23,1256,1210,false,,Recycling
2025-05-05,Academic Block,E-Waste,1.24,1256,1210,false,,Authorized Recycler
2025-05-05,Academic Block,Other,5.81,1256,1210,false,,Recycling
2025-05-05,Administration,Food,3.59,144,138,false,,Composting
2025-05-05,Administration,Plastic,4.09,144,138,false,,Recycling
2025-05-05,Administration,Paper,12.66,144,138,false,,Recycling
2025-05-05,Administration,Glass,0.62,144,138,false,,Recycling
2025-05-05,Administration,Metal,1,144,138,false,,Recycling
2025-05-05,Administration,E-Waste,0.93,144,138,false,,Authorized Recycler
2025-05-05,Administration,Other,3.83,144,138,false,,Recycling
2025-05-06,Main Canteen,Food,68.73,939,957,false,,Composting
2025-05-06,Main Canteen,Plastic,12.9,939,957,false,,Recycling
2025-05-06,Main Canteen,Paper,9.9,939,957,false,,Recycling
2025-05-06,Main Canteen,Glass,3.89,939,957,false,,Recycling
2025-05-06,Main Canteen,Metal,2.21,939,957,false,,Recycling
2025-05-06,Main Canteen,E-Waste,0.61,939,957,false,,Authorized Recycler
2025-05-06,Main Canteen,Other,6.36,939,957,false,,Recycling
2025-05-06,Hostel A,Food,30.55,439,390,false,,Composting
2025-05-06,Hostel A,Plastic,9.19,439,390,false,,Recycling
2025-05-06,Hostel A,Paper,6.39,439,390,false,,Recycling
2025-05-06,Hostel A,Glass,2.16,439,390,false,,Recycling
2025-05-06,Hostel A,Metal,1.29,439,390,false,,Recycling
2025-05-06,Hostel A,E-Waste,0.39,439,390,false,,Authorized Recycler
2025-05-06,Hostel A,Other,4.72,439,390,false,,Recycling
2025-05-06,Hostel B,Food,36.89,439,402,false,,Composting
2025-05-06,Hostel B,Plastic,8.64,439,402,false,,Recycling
2025-05-06,Hostel B,Paper,4.47,439,402,false,,Recycling
2025-05-06,Hostel B,Glass,2.19,439,402,false,,Recycling
2025-05-06,Hostel B,Metal,1.25,439,402,false,,Recycling
2025-05-06,Hostel B,E-Waste,0.38,439,402,false,,Authorized Recycler
2025-05-06,Hostel B,Other,4.43,439,402,false,,Recycling
2025-05-06,Food Court,Food,45.08,577,528,false,,Composting
2025-05-06,Food Court,Plastic,16.72,577,528,false,,Recycling
2025-05-06,Food Court,Paper,6.67,577,528,false,,Recycling
2025-05-06,Food Court,Glass,12.88,577,528,false,,Recycling
2025-05-06,Food Court,Metal,1.89,577,528,false,,Recycling
2025-05-06,Food Court,E-Waste,0.26,577,528,false,,Authorized Recycler
2025-05-06,Food Court,Other,6.69,577,528,false,,Recycling
2025-05-06,Academic Block,Food,5.83,1187,1238,false,,Composting
2025-05-06,Academic Block,Plastic,7.37,1187,1238,false,,Recycling
2025-05-06,Academic Block,Paper,14.38,1187,1238,false,,Recycling
2025-05-06,Academic Block,Glass,1.25,1187,1238,false,,Recycling
2025-05-06,Academic Block,Metal,1.15,1187,1238,false,,Recycling
2025-05-06,Academic Block,E-Waste,1.59,1187,1238,false,,Authorized Recycler
2025-05-06,Academic Block,Other,6.67,1187,1238,false,,Recycling
2025-05-06,Administration,Food,3.3,153,159,false,,Composting
2025-05-06,Administration,Plastic,3.53,153,159,false,,Recycling
2025-05-06,Administration,Paper,12.35,153,159,false,,Recycling
2025-05-06,Administration,Glass,0.59,153,159,false,,Recycling
2025-05-06,Administration,Metal,1,153,159,false,,Recycling
2025-05-06,Administration,E-Waste,1.02,153,159,false,,Authorized Recycler
2025-05-06,Administration,Other,4.06,153,159,false,,Recycling
2025-05-07,Main Canteen,Food,60.82,955,993,false,,Composting
2025-05-07,Main Canteen,Plastic,16.33,955,993,false,,Recycling
2025-05-07,Main Canteen,Paper,9.26,955,993,false,,Recycling
2025-05-07,Main Canteen,Glass,3.64,955,993,false,,Recycling
2025-05-07,Main Canteen,Metal,2.64,955,993,false,,Recycling
2025-05-07,Main Canteen,E-Waste,0.61,955,993,false,,Authorized Recycler
2025-05-07,Main Canteen,Other,8.15,955,993,false,,Recycling
2025-05-07,Hostel A,Food,38.6,485,486,false,,Composting
2025-05-07,Hostel A,Plastic,11.71,485,486,false,,Recycling
2025-05-07,Hostel A,Paper,6.18,485,486,false,,Recycling
2025-05-07,Hostel A,Glass,2.22,485,486,false,,Recycling
2025-05-07,Hostel A,Metal,1.16,485,486,false,,Recycling
2025-05-07,Hostel A,E-Waste,0.32,485,486,false,,Authorized Recycler
2025-05-07,Hostel A,Other,4.66,485,486,false,,Recycling
2025-05-07,Hostel B,Food,37.34,395,369,false,,Composting
2025-05-07,Hostel B,Plastic,9.74,395,369,false,,Recycling
2025-05-07,Hostel B,Paper,4.44,395,369,false,,Recycling
2025-05-07,Hostel B,Glass,2.16,395,369,false,,Recycling
2025-05-07,Hostel B,Metal,1.03,395,369,false,,Recycling
2025-05-07,Hostel B,E-Waste,0.32,395,369,false,,Authorized Recycler
2025-05-07,Hostel B,Other,4.56,395,369,false,,Recycling
2025-05-07,Food Court,Food,43.37,569,506,false,,Composting
2025-05-07,Food Court,Plastic,19.17,569,506,false,,Recycling
2025-05-07,Food Court,Paper,6.71,569,506,false,,Recycling
2025-05-07,Food Court,Glass,4.98,569,506,false,,Recycling
2025-05-07,Food Court,Metal,1.88,569,506,false,,Recycling
2025-05-07,Food Court,E-Waste,0.26,569,506,false,,Authorized Recycler
2025-05-07,Food Court,Other,6.62,569,506,false,,Recycling
2025-05-07,Academic Block,Food,6.57,1197,1033,false,,Composting
2025-05-07,Academic Block,Plastic,6.49,1197,1033,false,,Recycling
2025-05-07,Academic Block,Paper,16.69,1197,1033,false,,Recycling
2025-05-07,Academic Block,Glass,1.35,1197,1033,false,,Recycling
2025-05-07,Academic Block,Metal,1.35,1197,1033,false,,Recycling
2025-05-07,Academic Block,E-Waste,1.25,1197,1033,false,,Authorized Recycler
2025-05-07,Academic Block,Other,5.69,1197,1033,false,,Recycling
2025-05-07,Administration,Food,3.59,150,157,false,,Composting
2025-05-07,Administration,Plastic,3.5,150,157,false,,Recycling
2025-05-07,Administration,Paper,10.48,150,157,false,,Recycling
2025-05-07,Administration,Glass,0.54,150,157,false,,Recycling
2025-05-07,Administration,Metal,0.95,150,157,false,,Recycling
2025-05-07,Administration,E-Waste,0.86,150,157,false,,Authorized Recycler
2025-05-07,Administration,Other,3.45,150,157,false,,Recycling
2025-05-08,Main Canteen,Food,75.26,956,955,false,,Composting
2025-05-08,Main Canteen,Plastic,14.19,956,955,false,,Recycling
2025-05-08,Main Canteen,Paper,10.76,956,955,false,,Recycling
2025-05-08,Main Canteen,Glass,4.03,956,955,false,,Recycling
2025-05-08,Main Canteen,Metal,2.58,956,955,false,,Recycling
2025-05-08,Main Canteen,E-Waste,0.68,956,955,false,,Authorized Recycler
2025-05-08,Main Canteen,Other,6.71,956,955,false,,Recycling
2025-05-08,Hostel A,Food,33.92,459,442,false,,Composting
2025-05-08,Hostel A,Plastic,10.5,459,442,false,,Recycling
2025-05-08,Hostel A,Paper,5.68,459,442,false,,Recycling
2025-05-08,Hostel A,Glass,2.27,459,442,false,,Recycling
2025-05-08,Hostel A,Metal,1.25,459,442,false,,Recycling
2025-05-08,Hostel A,E-Waste,0.33,459,442,false,,Authorized Recycler
2025-05-08,Hostel A,Other,4.56,459,442,false,,Recycling
2025-05-08,Hostel B,Food,36.06,410,371,false,,Composting
2025-05-08,Hostel B,Plastic,10.08,410,371,false,,Recycling
2025-05-08,Hostel B,Paper,5.17,410,371,false,,Recycling
2025-05-08,Hostel B,Glass,2.12,410,371,false,,Recycling
2025-05-08,Hostel B,Metal,1.26,410,371,false,,Recycling
2025-05-08,Hostel B,E-Waste,0.34,410,371,false,,Authorized Recycler
2025-05-08,Hostel B,Other,5.07,410,371,false,,Recycling
2025-05-08,Food Court,Food,44.88,616,554,false,,Composting
2025-05-08,Food Court,Plastic,19.67,616,554,false,,Recycling
2025-05-08,Food Court,Paper,8.15,616,554,false,,Recycling
2025-05-08,Food Court,Glass,4.13,616,554,false,,Recycling
2025-05-08,Food Court,Metal,1.97,616,554,false,,Recycling
2025-05-08,Food Court,E-Waste,0.27,616,554,false,,Authorized Recycler
2025-05-08,Food Court,Other,6.67,616,554,false,,Recycling
2025-05-08,Academic Block,Food,6.65,1115,1150,false,,Composting
2025-05-08,Academic Block,Plastic,6.48,1115,1150,false,,Recycling
2025-05-08,Academic Block,Paper,18.27,1115,1150,false,,Recycling
2025-05-08,Academic Block,Glass,1.07,1115,1150,false,,Recycling
2025-05-08,Academic Block,Metal,1.1,1115,1150,false,,Recycling
2025-05-08,Academic Block,E-Waste,1.41,1115,1150,false,,Authorized Recycler
2025-05-08,Academic Block,Other,5.24,1115,1150,false,,Recycling
2025-05-08,Administration,Food,3.38,147,154,false,,Composting
2025-05-08,Administration,Plastic,3.07,147,154,false,,Recycling
2025-05-08,Administration,Paper,13.64,147,154,false,,Recycling
2025-05-08,Administration,Glass,0.63,147,154,false,,Recycling
2025-05-08,Administration,Metal,0.89,147,154,false,,Recycling
2025-05-08,Administration,E-Waste,0.91,147,154,false,,Authorized Recycler
2025-05-08,Administration,Other,4.11,147,154,false,,Recycling
2025-05-09,Main Canteen,Food,71.53,855,793,false,,Composting
2025-05-09,Main Canteen,Plastic,14.28,855,793,false,,Recycling
2025-05-09,Main Canteen,Paper,8.35,855,793,false,,Recycling
2025-05-09,Main Canteen,Glass,3.79,855,793,false,,Recycling
2025-05-09,Main Canteen,Metal,2.41,855,793,false,,Recycling
2025-05-09,Main Canteen,E-Waste,0.56,855,793,false,,Authorized Recycler
2025-05-09,Main Canteen,Other,6.86,855,793,false,,Recycling
2025-05-09,Hostel A,Food,32.4,447,449,false,,Composting
2025-05-09,Hostel A,Plastic,9.53,447,449,false,,Recycling
2025-05-09,Hostel A,Paper,6.12,447,449,false,,Recycling
2025-05-09,Hostel A,Glass,2.07,447,449,false,,Recycling
2025-05-09,Hostel A,Metal,1.13,447,449,false,,Recycling
2025-05-09,Hostel A,E-Waste,0.8,447,449,false,,Authorized Recycler
2025-05-09,Hostel A,Other,4.91,447,449,false,,Recycling
2025-05-09,Hostel B,Food,34.51,438,445,false,,Composting
2025-05-09,Hostel B,Plastic,9.11,438,445,false,,Recycling
2025-05-09,Hostel B,Paper,5.04,438,445,false,,Recycling
2025-05-09,Hostel B,Glass,2.73,438,445,false,,Recycling
2025-05-09,Hostel B,Metal,1.36,438,445,false,,Recycling
2025-05-09,Hostel B,E-Waste,0.33,438,445,false,,Authorized Recycler
2025-05-09,Hostel B,Other,4.71,438,445,false,,Recycling
2025-05-09,Food Court,Food,52.83,631,555,false,,Composting
2025-05-09,Food Court,Plastic,17.17,631,555,false,,Recycling
2025-05-09,Food Court,Paper,6.53,631,555,false,,Recycling
2025-05-09,Food Court,Glass,5.14,631,555,false,,Recycling
2025-05-09,Food Court,Metal,1.54,631,555,false,,Recycling
2025-05-09,Food Court,E-Waste,0.24,631,555,false,,Authorized Recycler
2025-05-09,Food Court,Other,5.64,631,555,false,,Recycling
2025-05-09,Academic Block,Food,6.77,1262,1298,false,,Composting
2025-05-09,Academic Block,Plastic,7.96,1262,1298,false,,Recycling
2025-05-09,Academic Block,Paper,14.38,1262,1298,false,,Recycling
2025-05-09,Academic Block,Glass,1.36,1262,1298,false,,Recycling
2025-05-09,Academic Block,Metal,1.28,1262,1298,false,,Recycling
2025-05-09,Academic Block,E-Waste,1.23,1262,1298,false,,Authorized Recycler
2025-05-09,Academic Block,Other,6.65,1262,1298,false,,Recycling
2025-05-09,Administration,Food,3.16,145,151,false,,Composting
2025-05-09,Administration,Plastic,3.05,145,151,false,,Recycling
2025-05-09,Administration,Paper,13.01,145,151,false,,Recycling
2025-05-09,Administration,Glass,0.62,145,151,false,,Recycling
2025-05-09,Administration,Metal,1,145,151,false,,Recycling
2025-05-09,Administration,E-Waste,1,145,151,false,,Authorized Recycler
2025-05-09,Administration,Other,4.02,145,151,false,,Recycling
2025-05-10,Main Canteen,Food,44.18,644,550,false,,Composting
2025-05-10,Main Canteen,Plastic,10.12,644,550,false,,Recycling
2025-05-10,Main Canteen,Paper,8.18,644,550,false,,Recycling
2025-05-10,Main Canteen,Glass,2.81,644,550,false,,Recycling
2025-05-10,Main Canteen,Metal,1.59,644,550,false,,Recycling
2025-05-10,Main Canteen,E-Waste,0.42,644,550,false,,Authorized Recycler
2025-05-10,Main Canteen,Other,5.33,644,550,false,,Recycling
2025-05-10,Hostel A,Food,26.56,350,344,false,,Composting
2025-05-10,Hostel A,Plastic,9.14,350,344,false,,Recycling
2025-05-10,Hostel A,Paper,4.37,350,344,false,,Recycling
2025-05-10,Hostel A,Glass,1.98,350,344,false,,Recycling
2025-05-10,Hostel A,Metal,0.87,350,344,false,,Recycling
2025-05-10,Hostel A,E-Waste,0.27,350,344,false,,Authorized Recycler
2025-05-10,Hostel A,Other,3.91,350,344,false,,Recycling
2025-05-10,Hostel B,Food,24.73,300,279,false,,Composting
2025-05-10,Hostel B,Plastic,7.43,300,279,false,,Recycling
2025-05-10,Hostel B,Paper,3.75,300,279,false,,Recycling
2025-05-10,Hostel B,Glass,1.77,300,279,false,,Recycling
2025-05-10,Hostel B,Metal,0.94,300,279,false,,Recycling
2025-05-10,Hostel B,E-Waste,0.24,300,279,false,,Authorized Recycler
2025-05-10,Hostel B,Other,4,300,279,false,,Recycling
2025-05-10,Food Court,Food,39.71,432,373,false,,Composting
2025-05-10,Food Court,Plastic,11.81,432,373,false,,Recycling
2025-05-10,Food Court,Paper,5.7,432,373,false,,Recycling
2025-05-10,Food Court,Glass,3.35,432,373,false,,Recycling
2025-05-10,Food Court,Metal,1.31,432,373,false,,Recycling
2025-05-10,Food Court,E-Waste,0.17,432,373,false,,Authorized Recycler
2025-05-10,Food Court,Other,4.74,432,373,false,,Recycling
2025-05-10,Academic Block,Food,4.61,849,754,false,,Composting
2025-05-10,Academic Block,Plastic,5.26,849,754,false,,Recycling
2025-05-10,Academic Block,Paper,13.13,849,754,false,,Recycling
2025-05-10,Academic Block,Glass,0.95,849,754,false,,Recycling
2025-05-10,Academic Block,Metal,0.98,849,754,false,,Recycling
2025-05-10,Academic Block,E-Waste,1,849,754,false,,Authorized Recycler
2025-05-10,Academic Block,Other,3.82,849,754,false,,Recycling
2025-05-10,Administration,Food,2.54,107,108,false,,Composting
2025-05-10,Administration,Plastic,2.99,107,108,false,,Recycling
2025-05-10,Administration,Paper,10.08,107,108,false,,Recycling
2025-05-10,Administration,Glass,0.4,107,108,false,,Recycling
2025-05-10,Administration,Metal,0.74,107,108,false,,Recycling
2025-05-10,Administration,E-Waste,0.67,107,108,false,,Authorized Recycler
2025-05-10,Administration,Other,6.17,107,108,false,,Recycling
2025-05-11,Main Canteen,Food,48.01,726,710,false,,Composting
2025-05-11,Main Canteen,Plastic,11.11,726,710,false,,Recycling
2025-05-11,Main Canteen,Paper,7.8,726,710,false,,Recycling
2025-05-11,Main Canteen,Glass,3.04,726,710,false,,Recycling
2025-05-11,Main Canteen,Metal,1.63,726,710,false,,Recycling
2025-05-11,Main Canteen,E-Waste,0.39,726,710,false,,Authorized Recycler
2025-05-11,Main Canteen,Other,4.58,726,710,false,,Recycling
2025-05-11,Hostel A,Food,23.44,317,272,false,,Composting
2025-05-11,Hostel A,Plastic,9.16,317,272,false,,Recycling
2025-05-11,Hostel A,Paper,4.74,317,272,false,,Recycling
2025-05-11,Hostel A,Glass,1.63,317,272,false,,Recycling
2025-05-11,Hostel A,Metal,0.79,317,272,false,,Recycling
2025-05-11,Hostel A,E-Waste,0.25,317,272,false,,Authorized Recycler
2025-05-11,Hostel A,Other,3.87,317,272,false,,Recycling
2025-05-11,Hostel B,Food,22.44,331,306,false,,Composting
2025-05-11,Hostel B,Plastic,6.29,331,306,false,,Recycling
2025-05-11,Hostel B,Paper,3.48,331,306,false,,Recycling
2025-05-11,Hostel B,Glass,1.9,331,306,false,,Recycling
2025-05-11,Hostel B,Metal,0.9,331,306,false,,Recycling
2025-05-11,Hostel B,E-Waste,0.25,331,306,false,,Authorized Recycler
2025-05-11,Hostel B,Other,3.3,331,306,false,,Recycling
2025-05-11,Food Court,Food,36.39,442,390,false,,Composting
2025-05-11,Food Court,Plastic,11.8,442,390,false,,Recycling
2025-05-11,Food Court,Paper,4.61,442,390,false,,Recycling
2025-05-11,Food Court,Glass,3.88,442,390,false,,Recycling
2025-05-11,Food Court,Metal,1.39,442,390,false,,Recycling
2025-05-11,Food Court,E-Waste,0.19,442,390,false,,Authorized Recycler
2025-05-11,Food Court,Other,4.1,442,390,false,,Recycling
2025-05-11,Academic Block,Food,5.07,845,791,false,,Composting
2025-05-11,Academic Block,Plastic,4.89,845,791,false,,Recycling
2025-05-11,Academic Block,Paper,14.25,845,791,false,,Recycling
2025-05-11,Academic Block,Glass,1,845,791,false,,Recycling
2025-05-11,Academic Block,Metal,0.78,845,791,false,,Recycling
2025-05-11,Academic Block,E-Waste,1.06,845,791,false,,Authorized Recycler
2025-05-11,Academic Block,Other,5.05,845,791,false,,Recycling
2025-05-11,Administration,Food,3.03,106,96,false,,Composting
2025-05-11,Administration,Plastic,2.61,106,96,false,,Recycling
2025-05-11,Administration,Paper,9.67,106,96,false,,Recycling
2025-05-11,Administration,Glass,0.48,106,96,false,,Recycling
2025-05-11,Administration,Metal,0.75,106,96,false,,Recycling
2025-05-11,Administration,E-Waste,0.67,106,96,false,,Authorized Recycler
2025-05-11,Administration,Other,2.44,106,96,false,,Recycling
2025-05-12,Main Canteen,Food,75.36,972,844,false,,Composting
2025-05-12,Main Canteen,Plastic,15,972,844,false,,Recycling
2025-05-12,Main Canteen,Paper,10.38,972,844,false,,Recycling
2025-05-12,Main Canteen,Glass,8.43,972,844,false,,Recycling
2025-05-12,Main Canteen,Metal,2.12,972,844,false,,Recycling
2025-05-12,Main Canteen,E-Waste,0.59,972,844,false,,Authorized Recycler
2025-05-12,Main Canteen,Other,6.51,972,844,false,,Recycling
2025-05-12,Hostel A,Food,41.2,447,468,false,,Composting
2025-05-12,Hostel A,Plastic,9.62,447,468,false,,Recycling
2025-05-12,Hostel A,Paper,6.28,447,468,false,,Recycling
2025-05-12,Hostel A,Glass,2.15,447,468,false,,Recycling
2025-05-12,Hostel A,Metal,1.09,447,468,false,,Recycling
2025-05-12,Hostel A,E-Waste,0.32,447,468,false,,Authorized Recycler
2025-05-12,Hostel A,Other,4.54,447,468,false,,Recycling
2025-05-12,Hostel B,Food,29.11,433,407,false,,Composting
2025-05-12,Hostel B,Plastic,10.47,433,407,false,,Recycling
2025-05-12,Hostel B,Paper,5.44,433,407,false,,Recycling
2025-05-12,Hostel B,Glass,2.69,433,407,false,,Recycling
2025-05-12,Hostel B,Metal,1.36,433,407,false,,Recycling
2025-05-12,Hostel B,E-Waste,0.34,433,407,false,,Authorized Recycler
2025-05-12,Hostel B,Other,5.47,433,407,false,,Recycling
2025-05-12,Food Court,Food,42.37,561,520,false,,Composting
2025-05-12,Food Court,Plastic,18.42,561,520,false,,Recycling
2025-05-12,Food Court,Paper,7.29,561,520,false,,Recycling
2025-05-12,Food Court,Glass,5.05,561,520,false,,Recycling
2025-05-12,Food Court,Metal,1.57,561,520,false,,Recycling
2025-05-12,Food Court,E-Waste,0.25,561,520,false,,Authorized Recycler
2025-05-12,Food Court,Other,16.14,561,520,false,,Recycling
2025-05-12,Academic Block,Food,5.54,1275,1281,false,,Composting
2025-05-12,Academic Block,Plastic,6.89,1275,1281,false,,Recycling
2025-05-12,Academic Block,Paper,16.56,1275,1281,false,,Recycling
2025-05-12,Academic Block,Glass,1.2,1275,1281,false,,Recycling
2025-05-12,Academic Block,Metal,1.27,1275,1281,false,,Recycling
2025-05-12,Academic Block,E-Waste,1.42,1275,1281,false,,Authorized Recycler
2025-05-12,Academic Block,Other,5.7,1275,1281,false,,Recycling
2025-05-12,Administration,Food,3.31,147,140,false,,Composting
2025-05-12,Administration,Plastic,3.09,147,140,false,,Recycling
2025-05-12,Administration,Paper,12.67,147,140,false,,Recycling
2025-05-12,Administration,Glass,0.53,147,140,false,,Recycling
2025-05-12,Administration,Metal,1.09,147,140,false,,Recycling
2025-05-12,Administration,E-Waste,0.82,147,140,false,,Authorized Recycler
2025-05-12,Administration,Other,3.52,147,140,false,,Recycling
2025-05-13,Main Canteen,Food,68.89,887,784,false,,Composting
2025-05-13,Main Canteen,Plastic,14.43,887,784,false,,Recycling
2025-05-13,Main Canteen,Paper,10.28,887,784,false,,Recycling
2025-05-13,Main Canteen,Glass,4.08,887,784,false,,Recycling
2025-05-13,Main Canteen,Metal,2.54,887,784,false,,Recycling
2025-05-13,Main Canteen,E-Waste,0.56,887,784,false,,Authorized Recycler
2025-05-13,Main Canteen,Other,6.62,887,784,false,,Recycling
2025-05-13,Hostel A,Food,34.74,437,397,false,,Composting
2025-05-13,Hostel A,Plastic,11.9,437,397,false,,Recycling
2025-05-13,Hostel A,Paper,6.35,437,397,false,,Recycling
2025-05-13,Hostel A,Glass,2.3,437,397,false,,Recycling
2025-05-13,Hostel A,Metal,1.06,437,397,false,,Recycling
2025-05-13,Hostel A,E-Waste,0.33,437,397,false,,Authorized Recycler
2025-05-13,Hostel A,Other,4.87,437,397,false,,Recycling
2025-05-13,Hostel B,Food,29.61,412,424,false,,Composting
2025-05-13,Hostel B,Plastic,8.97,412,424,false,,Recycling
2025-05-13,Hostel B,Paper,5.45,412,424,false,,Recycling
2025-05-13,Hostel B,Glass,2.61,412,424,false,,Recycling
2025-05-13,Hostel B,Metal,1.34,412,424,false,,Recycling
2025-05-13,Hostel B,E-Waste,0.33,412,424,false,,Authorized Recycler
2025-05-13,Hostel B,Other,4.93,412,424,false,,Recycling
2025-05-13,Food Court,Food,46.93,622,538,false,,Composting
2025-05-13,Food Court,Plastic,19.71,622,538,false,,Recycling
2025-05-13,Food Court,Paper,6.33,622,538,false,,Recycling
2025-05-13,Food Court,Glass,5.49,622,538,false,,Recycling
2025-05-13,Food Court,Metal,1.97,622,538,false,,Recycling
2025-05-13,Food Court,E-Waste,0.23,622,538,false,,Authorized Recycler
2025-05-13,Food Court,Other,5.45,622,538,false,,Recycling
2025-05-13,Academic Block,Food,6.57,1280,1144,false,,Composting
2025-05-13,Academic Block,Plastic,6.98,1280,1144,false,,Recycling
2025-05-13,Academic Block,Paper,16.54,1280,1144,false,,Recycling
2025-05-13,Academic Block,Glass,1.32,1280,1144,false,,Recycling
2025-05-13,Academic Block,Metal,1.35,1280,1144,false,,Recycling
2025-05-13,Academic Block,E-Waste,1.55,1280,1144,false,,Authorized Recycler
2025-05-13,Academic Block,Other,6.4,1280,1144,false,,Recycling
2025-05-13,Administration,Food,3.23,141,146,false,,Composting
2025-05-13,Administration,Plastic,3.95,141,146,false,,Recycling
2025-05-13,Administration,Paper,11.24,141,146,false,,Recycling
2025-05-13,Administration,Glass,0.69,141,146,false,,Recycling
2025-05-13,Administration,Metal,0.95,141,146,false,,Recycling
2025-05-13,Administration,E-Waste,1.04,141,146,false,,Authorized Recycler
2025-05-13,Administration,Other,3.71,141,146,false,,Recycling
2025-05-14,Main Canteen,Food,74.89,830,787,false,,Composting
2025-05-14,Main Canteen,Plastic,13.61,830,787,false,,Recycling
2025-05-14,Main Canteen,Paper,10.34,830,787,false,,Recycling
2025-05-14,Main Canteen,Glass,3.17,830,787,false,,Recycling
2025-05-14,Main Canteen,Metal,2.37,830,787,false,,Recycling
2025-05-14,Main Canteen,E-Waste,0.52,830,787,false,,Authorized Recycler
2025-05-14,Main Canteen,Other,7.35,830,787,false,,Recycling
2025-05-14,Hostel A,Food,32.95,441,394,false,,Composting
2025-05-14,Hostel A,Plastic,11.45,441,394,false,,Recycling
2025-05-14,Hostel A,Paper,5.8,441,394,false,,Recycling
2025-05-14,Hostel A,Glass,2.47,441,394,false,,Recycling
2025-05-14,Hostel A,Metal,1.32,441,394,false,,Recycling
2025-05-14,Hostel A,E-Waste,0.4,441,394,false,,Authorized Recycler
2025-05-14,Hostel A,Other,4.84,441,394,false,,Recycling
2025-05-14,Hostel B,Food,29.18,404,363,false,,Composting
2025-05-14,Hostel B,Plastic,9.13,404,363,false,,Recycling
2025-05-14,Hostel B,Paper,4.61,404,363,false,,Recycling
2025-05-14,Hostel B,Glass,2.32,404,363,false,,Recycling
2025-05-14,Hostel B,Metal,1.15,404,363,false,,Recycling
2025-05-14,Hostel B,E-Waste,0.36,404,363,false,,Authorized Recycler
2025-05-14,Hostel B,Other,4.28,404,363,false,,Recycling
2025-05-14,Food Court,Food,53.42,641,557,false,,Composting
2025-05-14,Food Court,Plastic,18.88,641,557,false,,Recycling
2025-05-14,Food Court,Paper,6.93,641,557,false,,Recycling
2025-05-14,Food Court,Glass,5.45,641,557,false,,Recycling
2025-05-14,Food Court,Metal,1.69,641,557,false,,Recycling
2025-05-14,Food Court,E-Waste,0.21,641,557,false,,Authorized Recycler
2025-05-14,Food Court,Other,5.13,641,557,false,,Recycling
2025-05-14,Academic Block,Food,5.54,1172,1222,false,,Composting
2025-05-14,Academic Block,Plastic,7,1172,1222,false,,Recycling
2025-05-14,Academic Block,Paper,15.2,1172,1222,false,,Recycling
2025-05-14,Academic Block,Glass,1.14,1172,1222,false,,Recycling
2025-05-14,Academic Block,Metal,1.18,1172,1222,false,,Recycling
2025-05-14,Academic Block,E-Waste,1.27,1172,1222,false,,Authorized Recycler
2025-05-14,Academic Block,Other,6.23,1172,1222,false,,Recycling
2025-05-14,Administration,Food,3.58,150,143,false,,Composting
2025-05-14,Administration,Plastic,3.57,150,143,false,,Recycling
2025-05-14,Administration,Paper,13.26,150,143,false,,Recycling
2025-05-14,Administration,Glass,0.62,150,143,false,,Recycling
2025-05-14,Administration,Metal,0.87,150,143,false,,Recycling
2025-05-14,Administration,E-Waste,1.07,150,143,false,,Authorized Recycler
2025-05-14,Administration,Other,3.98,150,143,false,,Recycling
2025-05-15,Main Canteen,Food,73.58,848,815,false,,Composting
2025-05-15,Main Canteen,Plastic,14.55,848,815,false,,Recycling
2025-05-15,Main Canteen,Paper,9.97,848,815,false,,Recycling
2025-05-15,Main Canteen,Glass,3.29,848,815,false,,Recycling
2025-05-15,Main Canteen,Metal,2.74,848,815,false,,Recycling
2025-05-15,Main Canteen,E-Waste,0.69,848,815,false,,Authorized Recycler
2025-05-15,Main Canteen,Other,6.57,848,815,false,,Recycling
2025-05-15,Hostel A,Food,36.76,451,394,false,,Composting
2025-05-15,Hostel A,Plastic,9.79,451,394,false,,Recycling
2025-05-15,Hostel A,Paper,5.99,451,394,false,,Recycling
2025-05-15,Hostel A,Glass,2.54,451,394,false,,Recycling
2025-05-15,Hostel A,Metal,1.2,451,394,false,,Recycling
2025-05-15,Hostel A,E-Waste,0.33,451,394,false,,Authorized Recycler
2025-05-15,Hostel A,Other,5.08,451,394,false,,Recycling
2025-05-15,Hostel B,Food,29.5,417,391,false,,Composting
2025-05-15,Hostel B,Plastic,10.79,417,391,false,,Recycling
2025-05-15,Hostel B,Paper,4.67,417,391,false,,Recycling
2025-05-15,Hostel B,Glass,2.31,417,391,false,,Recycling
2025-05-15,Hostel B,Metal,1.26,417,391,false,,Recycling
2025-05-15,Hostel B,E-Waste,0.38,417,391,false,,Authorized Recycler
2025-05-15,Hostel B,Other,4.7,417,391,false,,Recycling
2025-05-15,Food Court,Food,49.8,582,557,false,,Composting
2025-05-15,Food Court,Plastic,43.12,582,557,false,,Recycling
2025-05-15,Food Court,Paper,8.26,582,557,false,,Recycling
2025-05-15,Food Court,Glass,4.58,582,557,false,,Recycling
2025-05-15,Food Court,Metal,1.9,582,557,false,,Recycling
2025-05-15,Food Court,E-Waste,0.24,582,557,false,,Authorized Recycler
2025-05-15,Food Court,Other,5.59,582,557,false,,Recycling
2025-05-15,Academic Block,Food,6.07,1169,1193,false,,Composting
2025-05-15,Academic Block,Plastic,7.72,1169,1193,false,,Recycling
2025-05-15,Academic Block,Paper,15.92,1169,1193,false,,Recycling
2025-05-15,Academic Block,Glass,1.13,1169,1193,false,,Recycling
2025-05-15,Academic Block,Metal,1.05,1169,1193,false,,Recycling
2025-05-15,Academic Block,E-Waste,1.64,1169,1193,false,,Authorized Recycler
2025-05-15,Academic Block,Other,5.4,1169,1193,false,,Recycling
2025-05-15,Administration,Food,3.71,154,148,false,,Composting
2025-05-15,Administration,Plastic,3.56,154,148,false,,Recycling
2025-05-15,Administration,Paper,12.96,154,148,false,,Recycling
2025-05-15,Administration,Glass,0.61,154,148,false,,Recycling
2025-05-15,Administration,Metal,0.97,154,148,false,,Recycling
2025-05-15,Administration,E-Waste,1.03,154,148,false,,Authorized Recycler
2025-05-15,Administration,Other,3.25,154,148,false,,Recycling
2025-05-16,Main Canteen,Food,75.17,928,932,false,,Composting
2025-05-16,Main Canteen,Plastic,15.65,928,932,false,,Recycling
2025-05-16,Main Canteen,Paper,9.04,928,932,false,,Recycling
2025-05-16,Main Canteen,Glass,3.83,928,932,false,,Recycling
2025-05-16,Main Canteen,Metal,2.56,928,932,false,,Recycling
2025-05-16,Main Canteen,E-Waste,0.63,928,932,false,,Authorized Recycler
2025-05-16,Main Canteen,Other,6.85,928,932,false,,Recycling
2025-05-16,Hostel A,Food,32.23,436,438,false,,Composting
2025-05-16,Hostel A,Plastic,9.76,436,438,false,,Recycling
2025-05-16,Hostel A,Paper,6.7,436,438,false,,Recycling
2025-05-16,Hostel A,Glass,2.08,436,438,false,,Recycling
2025-05-16,Hostel A,Metal,1.22,436,438,false,,Recycling
2025-05-16,Hostel A,E-Waste,0.39,436,438,false,,Authorized Recycler
2025-05-16,Hostel A,Other,5.14,436,438,false,,Recycling
2025-05-16,Hostel B,Food,32.08,442,422,false,,Composting
2025-05-16,Hostel B,Plastic,9.65,442,422,false,,Recycling
2025-05-16,Hostel B,Paper,4.53,442,422,false,,Recycling
2025-05-16,Hostel B,Glass,2.69,442,422,false,,Recycling
2025-05-16,Hostel B,Metal,1.28,442,422,false,,Recycling
2025-05-16,Hostel B,E-Waste,0.34,442,422,false,,Authorized Recycler
2025-05-16,Hostel B,Other,5.2,442,422,false,,Recycling
2025-05-16,Food Court,Food,44.36,620,650,false,,Composting
2025-05-16,Food Court,Plastic,16.97,620,650,false,,Recycling
2025-05-16,Food Court,Paper,7.85,620,650,false,,Recycling
2025-05-16,Food Court,Glass,4.61,620,650,false,,Recycling
2025-05-16,Food Court,Metal,1.98,620,650,false,,Recycling
2025-05-16,Food Court,E-Waste,0.23,620,650,false,,Authorized Recycler
2025-05-16,Food Court,Other,5.16,620,650,false,,Recycling
2025-05-16,Academic Block,Food,6.2,1233,1289,false,,Composting
2025-05-16,Academic Block,Plastic,7.37,1233,1289,false,,Recycling
2025-05-16,Academic Block,Paper,15.21,1233,1289,false,,Recycling
2025-05-16,Academic Block,Glass,1.38,1233,1289,false,,Recycling
2025-05-16,Academic Block,Metal,1.14,1233,1289,false,,Recycling
2025-05-16,Academic Block,E-Waste,1.52,1233,1289,false,,Authorized Recycler
2025-05-16,Academic Block,Other,6.59,1233,1289,false,,Recycling
2025-05-16,Administration,Food,3.6,153,151,false,,Composting
2025-05-16,Administration,Plastic,3.51,153,151,false,,Recycling
2025-05-16,Administration,Paper,13.16,153,151,false,,Recycling
2025-05-16,Administration,Glass,0.69,153,151,false,,Recycling
2025-05-16,Administration,Metal,0.85,153,151,false,,Recycling
2025-05-16,Administration,E-Waste,0.88,153,151,false,,Authorized Recycler
2025-05-16,Administration,Other,3.54,153,151,false,,Recycling
2025-05-17,Main Canteen,Food,44.53,647,674,false,,Composting
2025-05-17,Main Canteen,Plastic,9.96,647,674,false,,Recycling
2025-05-17,Main Canteen,Paper,6.45,647,674,false,,Recycling
2025-05-17,Main Canteen,Glass,3.1,647,674,false,,Recycling
2025-05-17,Main Canteen,Metal,1.9,647,674,false,,Recycling
2025-05-17,Main Canteen,E-Waste,0.4,647,674,false,,Authorized Recycler
2025-05-17,Main Canteen,Other,4.63,647,674,false,,Recycling
2025-05-17,Hostel A,Food,27.74,317,279,false,,Composting
2025-05-17,Hostel A,Plastic,8.36,317,279,false,,Recycling
2025-05-17,Hostel A,Paper,5.03,317,279,false,,Recycling
2025-05-17,Hostel A,Glass,1.96,317,279,false,,Recycling
2025-05-17,Hostel A,Metal,0.78,317,279,false,,Recycling
2025-05-17,Hostel A,E-Waste,0.25,317,279,false,,Authorized Recycler
2025-05-17,Hostel A,Other,3.17,317,279,false,,Recycling
2025-05-17,Hostel B,Food,26.92,327,324,false,,Composting
2025-05-17,Hostel B,Plastic,7.95,327,324,false,,Recycling
2025-05-17,Hostel B,Paper,4.1,327,324,false,,Recycling
2025-05-17,Hostel B,Glass,1.78,327,324,false,,Recycling
2025-05-17,Hostel B,Metal,0.86,327,324,false,,Recycling
2025-05-17,Hostel B,E-Waste,0.23,327,324,false,,Authorized Recycler
2025-05-17,Hostel B,Other,3.99,327,324,false,,Recycling
2025-05-17,Food Court,Food,34.68,483,443,false,,Composting
2025-05-17,Food Court,Plastic,12.45,483,443,false,,Recycling
2025-05-17,Food Court,Paper,4.62,483,443,false,,Recycling
2025-05-17,Food Court,Glass,3.32,483,443,false,,Recycling
2025-05-17,Food Court,Metal,1.53,483,443,false,,Recycling
2025-05-17,Food Court,E-Waste,0.2,483,443,false,,Authorized Recycler
2025-05-17,Food Court,Other,5.15,483,443,false,,Recycling
2025-05-17,Academic Block,Food,4.84,872,908,false,,Composting
2025-05-17,Academic Block,Plastic,6.1,872,908,false,,Recycling
2025-05-17,Academic Block,Paper,13.26,872,908,false,,Recycling
2025-05-17,Academic Block,Glass,0.79,872,908,false,,Recycling
2025-05-17,Academic Block,Metal,0.88,872,908,false,,Recycling
2025-05-17,Academic Block,E-Waste,1.03,872,908,false,,Authorized Recycler
2025-05-17,Academic Block,Other,4.13,872,908,false,,Recycling
2025-05-17,Administration,Food,2.86,118,106,false,,Composting
2025-05-17,Administration,Plastic,2.66,118,106,false,,Recycling
2025-05-17,Administration,Paper,8.72,118,106,false,,Recycling
2025-05-17,Administration,Glass,0.39,118,106,false,,Recycling
2025-05-17,Administration,Metal,0.64,118,106,false,,Recycling
2025-05-17,Administration,E-Waste,0.73,118,106,false,,Authorized Recycler
2025-05-17,Administration,Other,2.84,118,106,false,,Recycling
2025-05-18,Main Canteen,Food,50.34,678,682,false,,Composting
2025-05-18,Main Canteen,Plastic,12.39,678,682,false,,Recycling
2025-05-18,Main Canteen,Paper,6.27,678,682,false,,Recycling
2025-05-18,Main Canteen,Glass,2.93,678,682,false,,Recycling
2025-05-18,Main Canteen,Metal,1.69,678,682,false,,Recycling
2025-05-18,Main Canteen,E-Waste,0.39,678,682,false,,Authorized Recycler
2025-05-18,Main Canteen,Other,5.5,678,682,false,,Recycling
2025-05-18,Hostel A,Food,29.2,359,309,false,,Composting
2025-05-18,Hostel A,Plastic,7.41,359,309,false,,Recycling
2025-05-18,Hostel A,Paper,4.09,359,309,false,,Recycling
2025-05-18,Hostel A,Glass,1.86,359,309,false,,Recycling
2025-05-18,Hostel A,Metal,0.79,359,309,false,,Recycling
2025-05-18,Hostel A,E-Waste,0.27,359,309,false,,Authorized Recycler
2025-05-18,Hostel A,Other,4.01,359,309,false,,Recycling
2025-05-18,Hostel B,Food,21.92,314,327,false,,Composting
2025-05-18,Hostel B,Plastic,8.1,314,327,false,,Recycling
2025-05-18,Hostel B,Paper,3.92,314,327,false,,Recycling
2025-05-18,Hostel B,Glass,1.7,314,327,false,,Recycling
2025-05-18,Hostel B,Metal,0.78,314,327,false,,Recycling
2025-05-18,Hostel B,E-Waste,0.25,314,327,false,,Authorized Recycler
2025-05-18,Hostel B,Other,3.67,314,327,false,,Recycling
2025-05-18,Food Court,Food,34.48,458,478,false,,Composting
2025-05-18,Food Court,Plastic,12.03,458,478,false,,Recycling
2025-05-18,Food Court,Paper,6.17,458,478,false,,Recycling
2025-05-18,Food Court,Glass,3.38,458,478,false,,Recycling
2025-05-18,Food Court,Metal,1.29,458,478,false,,Recycling
2025-05-18,Food Court,E-Waste,0.18,458,478,false,,Authorized Recycler
2025-05-18,Food Court,Other,4.42,458,478,false,,Recycling
2025-05-18,Academic Block,Food,4.23,910,795,false,,Composting
2025-05-18,Academic Block,Plastic,4.8,910,795,false,,Recycling
2025-05-18,Academic Block,Paper,11.17,910,795,false,,Recycling
2025-05-18,Academic Block,Glass,1.02,910,795,false,,Recycling
2025-05-18,Academic Block,Metal,0.96,910,795,false,,Recycling
2025-05-18,Academic Block,E-Waste,1.02,910,795,false,,Authorized Recycler
2025-05-18,Academic Block,Other,4.78,910,795,false,,Recycling
2025-05-18,Administration,Food,2.71,112,107,false,,Composting
2025-05-18,Administration,Plastic,3.02,112,107,false,,Recycling
2025-05-18,Administration,Paper,9.88,112,107,false,,Recycling
2025-05-18,Administration,Glass,0.39,112,107,false,,Recycling
2025-05-18,Administration,Metal,0.8,112,107,false,,Recycling
2025-05-18,Administration,E-Waste,0.62,112,107,false,,Authorized Recycler
2025-05-18,Administration,Other,2.46,112,107,false,,Recycling
2025-05-19,Main Canteen,Food,65.3,956,919,false,,Composting
2025-05-19,Main Canteen,Plastic,13.82,956,919,false,,Recycling
2025-05-19,Main Canteen,Paper,9.31,956,919,false,,Recycling
2025-05-19,Main Canteen,Glass,3.53,956,919,false,,Recycling
2025-05-19,Main Canteen,Metal,2.65,956,919,false,,Recycling
2025-05-19,Main Canteen,E-Waste,0.63,956,919,false,,Authorized Recycler
2025-05-19,Main Canteen,Other,6.74,956,919,false,,Recycling
2025-05-19,Hostel A,Food,30.84,484,490,false,,Composting
2025-05-19,Hostel A,Plastic,10.31,484,490,false,,Recycling
2025-05-19,Hostel A,Paper,5.33,484,490,false,,Recycling
2025-05-19,Hostel A,Glass,2.63,484,490,false,,Recycling
2025-05-19,Hostel A,Metal,1.37,484,490,false,,Recycling
2025-05-19,Hostel A,E-Waste,0.37,484,490,false,,Authorized Recycler
2025-05-19,Hostel A,Other,4.64,484,490,false,,Recycling
2025-05-19,Hostel B,Food,35.67,415,403,false,,Composting
2025-05-19,Hostel B,Plastic,8.32,415,403,false,,Recycling
2025-05-19,Hostel B,Paper,4.29,415,403,false,,Recycling
2025-05-19,Hostel B,Glass,2.63,415,403,false,,Recycling
2025-05-19,Hostel B,Metal,1.08,415,403,false,,Recycling
2025-05-19,Hostel B,E-Waste,0.35,415,403,false,,Authorized Recycler
2025-05-19,Hostel B,Other,4.43,415,403,false,,Recycling
2025-05-19,Food Court,Food,48.4,553,495,false,,Composting
2025-05-19,Food Court,Plastic,17.08,553,495,false,,Recycling
2025-05-19,Food Court,Paper,8.3,553,495,false,,Recycling
2025-05-19,Food Court,Glass,5.33,553,495,false,,Recycling
2025-05-19,Food Court,Metal,1.75,553,495,false,,Recycling
2025-05-19,Food Court,E-Waste,0.23,553,495,false,,Authorized Recycler
2025-05-19,Food Court,Other,6.46,553,495,false,,Recycling
2025-05-19,Academic Block,Food,6.17,1256,1269,false,,Composting
2025-05-19,Academic Block,Plastic,7.25,1256,1269,false,,Recycling
2025-05-19,Academic Block,Paper,18.69,1256,1269,false,,Recycling
2025-05-19,Academic Block,Glass,1.34,1256,1269,false,,Recycling
2025-05-19,Academic Block,Metal,1.2,1256,1269,false,,Recycling
2025-05-19,Academic Block,E-Waste,1.62,1256,1269,false,,Authorized Recycler
2025-05-19,Academic Block,Other,6.16,1256,1269,false,,Recycling
2025-05-19,Administration,Food,3.38,138,142,false,,Composting
2025-05-19,Administration,Plastic,3.13,138,142,false,,Recycling
2025-05-19,Administration,Paper,11.77,138,142,false,,Recycling
2025-05-19,Administration,Glass,0.57,138,142,false,,Recycling
2025-05-19,Administration,Metal,1.01,138,142,false,,Recycling
2025-05-19,Administration,E-Waste,0.83,138,142,false,,Authorized Recycler
2025-05-19,Administration,Other,3.44,138,142,false,,Recycling
2025-05-20,Main Canteen,Food,60.51,923,902,false,,Composting
2025-05-20,Main Canteen,Plastic,15.3,923,902,false,,Recycling
2025-05-20,Main Canteen,Paper,9.51,923,902,false,,Recycling
2025-05-20,Main Canteen,Glass,3.35,923,902,false,,Recycling
2025-05-20,Main Canteen,Metal,2.55,923,902,false,,Recycling
2025-05-20,Main Canteen,E-Waste,0.57,923,902,false,,Authorized Recycler
2025-05-20,Main Canteen,Other,7.26,923,902,false,,Recycling
2025-05-20,Hostel A,Food,38.02,463,463,false,,Composting
2025-05-20,Hostel A,Plastic,10.25,463,463,false,,Recycling
2025-05-20,Hostel A,Paper,5.14,463,463,false,,Recycling
2025-05-20,Hostel A,Glass,2.6,463,463,false,,Recycling
2025-05-20,Hostel A,Metal,4.14,463,463,false,,Recycling
2025-05-20,Hostel A,E-Waste,0.41,463,463,false,,Authorized Recycler
2025-05-20,Hostel A,Other,4.84,463,463,false,,Recycling
2025-05-20,Hostel B,Food,30.88,387,402,false,,Composting
2025-05-20,Hostel B,Plastic,10.3,387,402,false,,Recycling
2025-05-20,Hostel B,Paper,4.26,387,402,false,,Recycling
2025-05-20,Hostel B,Glass,2.54,387,402,false,,Recycling
2025-05-20,Hostel B,Metal,1.36,387,402,false,,Recycling
2025-05-20,Hostel B,E-Waste,0.38,387,402,false,,Authorized Recycler
2025-05-20,Hostel B,Other,5.11,387,402,false,,Recycling
2025-05-20,Food Court,Food,54.75,595,528,false,,Composting
2025-05-20,Food Court,Plastic,18.56,595,528,false,,Recycling
2025-05-20,Food Court,Paper,7.55,595,528,false,,Recycling
2025-05-20,Food Court,Glass,4.61,595,528,false,,Recycling
2025-05-20,Food Court,Metal,1.91,595,528,false,,Recycling
2025-05-20,Food Court,E-Waste,0.26,595,528,false,,Authorized Recycler
2025-05-20,Food Court,Other,5.47,595,528,false,,Recycling
2025-05-20,Academic Block,Food,5.7,1169,1212,false,,Composting
2025-05-20,Academic Block,Plastic,7.89,1169,1212,false,,Recycling
2025-05-20,Academic Block,Paper,18.78,1169,1212,false,,Recycling
2025-05-20,Academic Block,Glass,1.2,1169,1212,false,,Recycling
2025-05-20,Academic Block,Metal,1.21,1169,1212,false,,Recycling
2025-05-20,Academic Block,E-Waste,1.5,1169,1212,false,,Authorized Recycler
2025-05-20,Academic Block,Other,6.26,1169,1212,false,,Recycling
2025-05-20,Administration,Food,4.06,154,142,false,,Composting
2025-05-20,Administration,Plastic,3.18,154,142,false,,Recycling
2025-05-20,Administration,Paper,12.31,154,142,false,,Recycling
2025-05-20,Administration,Glass,0.53,154,142,false,,Recycling
2025-05-20,Administration,Metal,0.89,154,142,false,,Recycling
2025-05-20,Administration,E-Waste,0.99,154,142,false,,Authorized Recycler
2025-05-20,Administration,Other,3.58,154,142,false,,Recycling
2025-05-21,Main Canteen,Food,57.16,877,770,false,,Composting
2025-05-21,Main Canteen,Plastic,14.01,877,770,false,,Recycling
2025-05-21,Main Canteen,Paper,10.51,877,770,false,,Recycling
2025-05-21,Main Canteen,Glass,3.36,877,770,false,,Recycling
2025-05-21,Main Canteen,Metal,2.2,877,770,false,,Recycling
2025-05-21,Main Canteen,E-Waste,0.68,877,770,false,,Authorized Recycler
2025-05-21,Main Canteen,Other,7.41,877,770,false,,Recycling
2025-05-21,Hostel A,Food,41.54,429,370,false,,Composting
2025-05-21,Hostel A,Plastic,10.32,429,370,false,,Recycling
2025-05-21,Hostel A,Paper,6.56,429,370,false,,Recycling
2025-05-21,Hostel A,Glass,2.35,429,370,false,,Recycling
2025-05-21,Hostel A,Metal,1.34,429,370,false,,Recycling
2025-05-21,Hostel A,E-Waste,0.33,429,370,false,,Authorized Recycler
2025-05-21,Hostel A,Other,4.8,429,370,false,,Recycling
2025-05-21,Hostel B,Food,37.85,419,371,false,,Composting
2025-05-21,Hostel B,Plastic,9.79,419,371,false,,Recycling
2025-05-21,Hostel B,Paper,4.9,419,371,false,,Recycling
2025-05-21,Hostel B,Glass,2.13,419,371,false,,Recycling
2025-05-21,Hostel B,Metal,1.36,419,371,false,,Recycling
2025-05-21,Hostel B,E-Waste,0.35,419,371,false,,Authorized Recycler
2025-05-21,Hostel B,Other,4.38,419,371,false,,Recycling
2025-05-21,Food Court,Food,45.54,645,642,false,,Composting
2025-05-21,Food Court,Plastic,18.06,645,642,false,,Recycling
2025-05-21,Food Court,Paper,6.19,645,642,false,,Recycling
2025-05-21,Food Court,Glass,5.09,645,642,false,,Recycling
2025-05-21,Food Court,Metal,1.72,645,642,false,,Recycling
2025-05-21,Food Court,E-Waste,0.23,645,642,false,,Authorized Recycler
2025-05-21,Food Court,Other,6.61,645,642,false,,Recycling
2025-05-21,Academic Block,Food,5.85,1115,1105,false,,Composting
2025-05-21,Academic Block,Plastic,6.27,1115,1105,false,,Recycling
2025-05-21,Academic Block,Paper,19.45,1115,1105,false,,Recycling
2025-05-21,Academic Block,Glass,1.17,1115,1105,false,,Recycling
2025-05-21,Academic Block,Metal,1.29,1115,1105,false,,Recycling
2025-05-21,Academic Block,E-Waste,1.44,1115,1105,false,,Authorized Recycler
2025-05-21,Academic Block,Other,6.47,1115,1105,false,,Recycling
2025-05-21,Administration,Food,4,142,122,false,,Composting
2025-05-21,Administration,Plastic,3.87,142,122,false,,Recycling
2025-05-21,Administration,Paper,12.83,142,122,false,,Recycling
2025-05-21,Administration,Glass,0.59,142,122,false,,Recycling
2025-05-21,Administration,Metal,1.03,142,122,false,,Recycling
2025-05-21,Administration,E-Waste,1.02,142,122,false,,Authorized Recycler
2025-05-21,Administration,Other,3.68,142,122,false,,Recycling
2025-05-22,Main Canteen,Food,65.19,830,805,false,,Composting
2025-05-22,Main Canteen,Plastic,14.74,830,805,false,,Recycling
2025-05-22,Main Canteen,Paper,11.07,830,805,false,,Recycling
2025-05-22,Main Canteen,Glass,3.39,830,805,false,,Recycling
2025-05-22,Main Canteen,Metal,2.61,830,805,false,,Recycling
2025-05-22,Main Canteen,E-Waste,0.68,830,805,false,,Authorized Recycler
2025-05-22,Main Canteen,Other,7.4,830,805,false,,Recycling
2025-05-22,Hostel A,Food,33.14,452,432,false,,Composting
2025-05-22,Hostel A,Plastic,26.32,452,432,false,,Recycling
2025-05-22,Hostel A,Paper,5.55,452,432,false,,Recycling
2025-05-22,Hostel A,Glass,2.78,452,432,false,,Recycling
2025-05-22,Hostel A,Metal,1.04,452,432,false,,Recycling
2025-05-22,Hostel A,E-Waste,0.38,452,432,false,,Authorized Recycler
2025-05-22,Hostel A,Other,5.13,452,432,false,,Recycling
2025-05-22,Hostel B,Food,31.2,433,405,false,,Composting
2025-05-22,Hostel B,Plastic,10.05,433,405,false,,Recycling
2025-05-22,Hostel B,Paper,4.64,433,405,false,,Recycling
2025-05-22,Hostel B,Glass,2.22,433,405,false,,Recycling
2025-05-22,Hostel B,Metal,1.06,433,405,false,,Recycling
2025-05-22,Hostel B,E-Waste,0.35,433,405,false,,Authorized Recycler
2025-05-22,Hostel B,Other,5.55,433,405,false,,Recycling
2025-05-22,Food Court,Food,55.52,595,514,false,,Composting
2025-05-22,Food Court,Plastic,20.07,595,514,false,,Recycling
2025-05-22,Food Court,Paper,6.19,595,514,false,,Recycling
2025-05-22,Food Court,Glass,5.02,595,514,false,,Recycling
2025-05-22,Food Court,Metal,1.62,595,514,false,,Recycling
2025-05-22,Food Court,E-Waste,0.21,595,514,false,,Authorized Recycler
2025-05-22,Food Court,Other,6.2,595,514,false,,Recycling
2025-05-22,Academic Block,Food,5.34,1145,995,false,,Composting
2025-05-22,Academic Block,Plastic,6.6,1145,995,false,,Recycling
2025-05-22,Academic Block,Paper,16.36,1145,995,false,,Recycling
2025-05-22,Academic Block,Glass,1.14,1145,995,false,,Recycling
2025-05-22,Academic Block,Metal,1.32,1145,995,false,,Recycling
2025-05-22,Academic Block,E-Waste,1.67,1145,995,false,,Authorized Recycler
2025-05-22,Academic Block,Other,5.25,1145,995,false,,Recycling
2025-05-22,Administration,Food,3.48,156,142,false,,Composting
2025-05-22,Administration,Plastic,3.84,156,142,false,,Recycling
2025-05-22,Administration,Paper,11.46,156,142,false,,Recycling
2025-05-22,Administration,Glass,0.67,156,142,false,,Recycling
2025-05-22,Administration,Metal,0.98,156,142,false,,Recycling
2025-05-22,Administration,E-Waste,1.09,156,142,false,,Authorized Recycler
2025-05-22,Administration,Other,3.9,156,142,false,,Recycling
2025-05-23,Main Canteen,Food,72.76,960,989,false,,Composting
2025-05-23,Main Canteen,Plastic,14.2,960,989,false,,Recycling
2025-05-23,Main Canteen,Paper,8.77,960,989,false,,Recycling
2025-05-23,Main Canteen,Glass,3.49,960,989,false,,Recycling
2025-05-23,Main Canteen,Metal,2.21,960,989,false,,Recycling
2025-05-23,Main Canteen,E-Waste,0.64,960,989,false,,Authorized Recycler
2025-05-23,Main Canteen,Other,8.18,960,989,false,,Recycling
2025-05-23,Hostel A,Food,38.43,444,442,false,,Composting
2025-05-23,Hostel A,Plastic,11.86,444,442,false,,Recycling
2025-05-23,Hostel A,Paper,5.87,444,442,false,,Recycling
2025-05-23,Hostel A,Glass,2.49,444,442,false,,Recycling
2025-05-23,Hostel A,Metal,1.15,444,442,false,,Recycling
2025-05-23,Hostel A,E-Waste,0.36,444,442,false,,Authorized Recycler
2025-05-23,Hostel A,Other,5.16,444,442,false,,Recycling
2025-05-23,Hostel B,Food,28.88,443,389,false,,Composting
2025-05-23,Hostel B,Plastic,9.35,443,389,false,,Recycling
2025-05-23,Hostel B,Paper,5.13,443,389,false,,Recycling
2025-05-23,Hostel B,Glass,2.27,443,389,false,,Recycling
2025-05-23,Hostel B,Metal,1.37,443,389,false,,Recycling
2025-05-23,Hostel B,E-Waste,0.33,443,389,false,,Authorized Recycler
2025-05-23,Hostel B,Other,5.11,443,389,false,,Recycling
2025-05-23,Food Court,Food,51.32,617,596,false,,Composting
2025-05-23,Food Court,Plastic,18.23,617,596,false,,Recycling
2025-05-23,Food Court,Paper,8.34,617,596,false,,Recycling
2025-05-23,Food Court,Glass,4.87,617,596,false,,Recycling
2025-05-23,Food Court,Metal,1.6,617,596,false,,Recycling
2025-05-23,Food Court,E-Waste,0.22,617,596,false,,Authorized Recycler
2025-05-23,Food Court,Other,6.95,617,596,false,,Recycling
2025-05-23,Academic Block,Food,6.18,1257,1261,false,,Composting
2025-05-23,Academic Block,Plastic,7.18,1257,1261,false,,Recycling
2025-05-23,Academic Block,Paper,19.16,1257,1261,false,,Recycling
2025-05-23,Academic Block,Glass,1.22,1257,1261,false,,Recycling
2025-05-23,Academic Block,Metal,1.12,1257,1261,false,,Recycling
2025-05-23,Academic Block,E-Waste,1.6,1257,1261,false,,Authorized Recycler
2025-05-23,Academic Block,Other,5.76,1257,1261,false,,Recycling
2025-05-23,Administration,Food,4,155,151,false,,Composting
2025-05-23,Administration,Plastic,3.49,155,151,false,,Recycling
2025-05-23,Administration,Paper,26.09,155,151,false,,Recycling
2025-05-23,Administration,Glass,0.68,155,151,false,,Recycling
2025-05-23,Administration,Metal,0.95,155,151,false,,Recycling
2025-05-23,Administration,E-Waste,1,155,151,false,,Authorized Recycler
2025-05-23,Administration,Other,3.72,155,151,false,,Recycling
2025-05-24,Main Canteen,Food,54.05,705,645,false,,Composting
2025-05-24,Main Canteen,Plastic,11.17,705,645,false,,Recycling
2025-05-24,Main Canteen,Paper,8.13,705,645,false,,Recycling
2025-05-24,Main Canteen,Glass,2.97,705,645,false,,Recycling
2025-05-24,Main Canteen,Metal,1.67,705,645,false,,Recycling
2025-05-24,Main Canteen,E-Waste,0.4,705,645,false,,Authorized Recycler
2025-05-24,Main Canteen,Other,4.71,705,645,false,,Recycling
2025-05-24,Hostel A,Food,29.31,358,333,false,,Composting
2025-05-24,Hostel A,Plastic,9,358,333,false,,Recycling
2025-05-24,Hostel A,Paper,5.03,358,333,false,,Recycling
2025-05-24,Hostel A,Glass,1.63,358,333,false,,Recycling
2025-05-24,Hostel A,Metal,0.91,358,333,false,,Recycling
2025-05-24,Hostel A,E-Waste,0.27,358,333,false,,Authorized Recycler
2025-05-24,Hostel A,Other,3.83,358,333,false,,Recycling
2025-05-24,Hostel B,Food,22.45,309,294,false,,Composting
2025-05-24,Hostel B,Plastic,7.56,309,294,false,,Recycling
2025-05-24,Hostel B,Paper,3.98,309,294,false,,Recycling
2025-05-24,Hostel B,Glass,1.57,309,294,false,,Recycling
2025-05-24,Hostel B,Metal,0.87,309,294,false,,Recycling
2025-05-24,Hostel B,E-Waste,0.24,309,294,false,,Authorized Recycler
2025-05-24,Hostel B,Other,3.8,309,294,false,,Recycling
2025-05-24,Food Court,Food,37.97,426,393,false,,Composting
2025-05-24,Food Court,Plastic,12.6,426,393,false,,Recycling
2025-05-24,Food Court,Paper,5.33,426,393,false,,Recycling
2025-05-24,Food Court,Glass,3.87,426,393,false,,Recycling
2025-05-24,Food Court,Metal,1.23,426,393,false,,Recycling
2025-05-24,Food Court,E-Waste,0.18,426,393,false,,Authorized Recycler
2025-05-24,Food Court,Other,4.77,426,393,false,,Recycling
2025-05-24,Academic Block,Food,4.65,933,957,false,,Composting
2025-05-24,Academic Block,Plastic,5.99,933,957,false,,Recycling
2025-05-24,Academic Block,Paper,11.97,933,957,false,,Recycling
2025-05-24,Academic Block,Glass,0.81,933,957,false,,Recycling
2025-05-24,Academic Block,Metal,0.92,933,957,false,,Recycling
2025-05-24,Academic Block,E-Waste,0.99,933,957,false,,Authorized Recycler
2025-05-24,Academic Block,Other,4.5,933,957,false,,Recycling
2025-05-24,Administration,Food,2.92,105,104,false,,Composting
2025-05-24,Administration,Plastic,3.06,105,104,false,,Recycling
2025-05-24,Administration,Paper,10.23,105,104,false,,Recycling
2025-05-24,Administration,Glass,0.42,105,104,false,,Recycling
2025-05-24,Administration,Metal,0.79,105,104,false,,Recycling
2025-05-24,Administration,E-Waste,0.68,105,104,false,,Authorized Recycler
2025-05-24,Administration,Other,2.43,105,104,false,,Recycling
2025-05-25,Main Canteen,Food,49.88,664,627,false,,Composting
2025-05-25,Main Canteen,Plastic,11.43,664,627,false,,Recycling
2025-05-25,Main Canteen,Paper,6.5,664,627,false,,Recycling
2025-05-25,Main Canteen,Glass,3.08,664,627,false,,Recycling
2025-05-25,Main Canteen,Metal,1.64,664,627,false,,Recycling
2025-05-25,Main Canteen,E-Waste,0.43,664,627,false,,Authorized Recycler
2025-05-25,Main Canteen,Other,6.14,664,627,false,,Recycling
2025-05-25,Hostel A,Food,25.32,364,356,false,,Composting
2025-05-25,Hostel A,Plastic,8.87,364,356,false,,Recycling
2025-05-25,Hostel A,Paper,4.54,364,356,false,,Recycling
2025-05-25,Hostel A,Glass,1.71,364,356,false,,Recycling
2025-05-25,Hostel A,Metal,1.01,364,356,false,,Recycling
2025-05-25,Hostel A,E-Waste,0.31,364,356,false,,Authorized Recycler
2025-05-25,Hostel A,Other,3.95,364,356,false,,Recycling
2025-05-25,Hostel B,Food,27.61,313,272,false,,Composting
2025-05-25,Hostel B,Plastic,6.25,313,272,false,,Recycling
2025-05-25,Hostel B,Paper,4.17,313,272,false,,Recycling
2025-05-25,Hostel B,Glass,1.68,313,272,false,,Recycling
2025-05-25,Hostel B,Metal,0.88,313,272,false,,Recycling
2025-05-25,Hostel B,E-Waste,0.29,313,272,false,,Authorized Recycler
2025-05-25,Hostel B,Other,3.85,313,272,false,,Recycling
2025-05-25,Food Court,Food,41.43,425,389,false,,Composting
2025-05-25,Food Court,Plastic,13.54,425,389,false,,Recycling
2025-05-25,Food Court,Paper,5.81,425,389,false,,Recycling
2025-05-25,Food Court,Glass,3.2,425,389,false,,Recycling
2025-05-25,Food Court,Metal,1.53,425,389,false,,Recycling
2025-05-25,Food Court,E-Waste,0.17,425,389,false,,Authorized Recycler
2025-05-25,Food Court,Other,4.49,425,389,false,,Recycling
2025-05-25,Academic Block,Food,4.49,875,809,false,,Composting
2025-05-25,Academic Block,Plastic,5.23,875,809,false,,Recycling
2025-05-25,Academic Block,Paper,11.15,875,809,false,,Recycling
2025-05-25,Academic Block,Glass,0.86,875,809,false,,Recycling
2025-05-25,Academic Block,Metal,0.81,875,809,false,,Recycling
2025-05-25,Academic Block,E-Waste,1.09,875,809,false,,Authorized Recycler
2025-05-25,Academic Block,Other,4.24,875,809,false,,Recycling
2025-05-25,Administration,Food,3.05,106,97,false,,Composting
2025-05-25,Administration,Plastic,2.87,106,97,false,,Recycling
2025-05-25,Administration,Paper,9.57,106,97,false,,Recycling
2025-05-25,Administration,Glass,0.47,106,97,false,,Recycling
2025-05-25,Administration,Metal,0.8,106,97,false,,Recycling
2025-05-25,Administration,E-Waste,0.64,106,97,false,,Authorized Recycler
2025-05-25,Administration,Other,3.13,106,97,false,,Recycling
2025-05-26,Main Canteen,Food,71.36,841,814,false,,Composting
2025-05-26,Main Canteen,Plastic,13.98,841,814,false,,Recycling
2025-05-26,Main Canteen,Paper,10.6,841,814,false,,Recycling
2025-05-26,Main Canteen,Glass,4.09,841,814,false,,Recycling
2025-05-26,Main Canteen,Metal,2.11,841,814,false,,Recycling
2025-05-26,Main Canteen,E-Waste,0.57,841,814,false,,Authorized Recycler
2025-05-26,Main Canteen,Other,8.31,841,814,false,,Recycling
2025-05-26,Hostel A,Food,40.19,443,441,false,,Composting
2025-05-26,Hostel A,Plastic,10.07,443,441,false,,Recycling
2025-05-26,Hostel A,Paper,6.54,443,441,false,,Recycling
2025-05-26,Hostel A,Glass,2.68,443,441,false,,Recycling
2025-05-26,Hostel A,Metal,1.05,443,441,false,,Recycling
2025-05-26,Hostel A,E-Waste,0.36,443,441,false,,Authorized Recycler
2025-05-26,Hostel A,Other,5.04,443,441,false,,Recycling
2025-05-26,Hostel B,Food,36.51,436,378,false,,Composting
2025-05-26,Hostel B,Plastic,9.72,436,378,false,,Recycling
2025-05-26,Hostel B,Paper,5.1,436,378,false,,Recycling
2025-05-26,Hostel B,Glass,2.11,436,378,false,,Recycling
2025-05-26,Hostel B,Metal,1.33,436,378,false,,Recycling
2025-05-26,Hostel B,E-Waste,0.32,436,378,false,,Authorized Recycler
2025-05-26,Hostel B,Other,5.15,436,378,false,,Recycling
2025-05-26,Food Court,Food,47.95,637,659,false,,Composting
2025-05-26,Food Court,Plastic,20.93,637,659,false,,Recycling
2025-05-26,Food Court,Paper,6.36,637,659,false,,Recycling
2025-05-26,Food Court,Glass,5.6,637,659,false,,Recycling
2025-05-26,Food Court,Metal,1.7,637,659,false,,Recycling
2025-05-26,Food Court,E-Waste,0.26,637,659,false,,Authorized Recycler
2025-05-26,Food Court,Other,5.35,637,659,false,,Recycling
2025-05-26,Academic Block,Food,5.3,1274,1182,false,,Composting
2025-05-26,Academic Block,Plastic,6.36,1274,1182,false,,Recycling
2025-05-26,Academic Block,Paper,15.28,1274,1182,false,,Recycling
2025-05-26,Academic Block,Glass,1.24,1274,1182,false,,Recycling
2025-05-26,Academic Block,Metal,1.13,1274,1182,false,,Recycling
2025-05-26,Academic Block,E-Waste,1.42,1274,1182,false,,Authorized Recycler
2025-05-26,Academic Block,Other,6.05,1274,1182,false,,Recycling
2025-05-26,Administration,Food,4.2,162,138,false,,Composting
2025-05-26,Administration,Plastic,3.29,162,138,false,,Recycling
2025-05-26,Administration,Paper,12.57,162,138,false,,Recycling
2025-05-26,Administration,Glass,0.56,162,138,false,,Recycling
2025-05-26,Administration,Metal,1.11,162,138,false,,Recycling
2025-05-26,Administration,E-Waste,0.95,162,138,false,,Authorized Recycler
2025-05-26,Administration,Other,3.62,162,138,false,,Recycling
2025-05-27,Main Canteen,Food,73.25,856,899,false,,Composting
2025-05-27,Main Canteen,Plastic,12.55,856,899,false,,Recycling
2025-05-27,Main Canteen,Paper,8.85,856,899,false,,Recycling
2025-05-27,Main Canteen,Glass,3.18,856,899,false,,Recycling
2025-05-27,Main Canteen,Metal,2.25,856,899,false,,Recycling
2025-05-27,Main Canteen,E-Waste,0.57,856,899,false,,Authorized Recycler
2025-05-27,Main Canteen,Other,7.38,856,899,false,,Recycling
2025-05-27,Hostel A,Food,40.14,446,380,false,,Composting
2025-05-27,Hostel A,Plastic,11.1,446,380,false,,Recycling
2025-05-27,Hostel A,Paper,6.96,446,380,false,,Recycling
2025-05-27,Hostel A,Glass,2.17,446,380,false,,Recycling
2025-05-27,Hostel A,Metal,1.19,446,380,false,,Recycling
2025-05-27,Hostel A,E-Waste,0.33,446,380,false,,Authorized Recycler
2025-05-27,Hostel A,Other,4.92,446,380,false,,Recycling
2025-05-27,Hostel B,Food,32.41,423,428,false,,Composting
2025-05-27,Hostel B,Plastic,9.38,423,428,false,,Recycling
2025-05-27,Hostel B,Paper,4.42,423,428,false,,Recycling
2025-05-27,Hostel B,Glass,2.68,423,428,false,,Recycling
2025-05-27,Hostel B,Metal,1.39,423,428,false,,Recycling
2025-05-27,Hostel B,E-Waste,0.39,423,428,false,,Authorized Recycler
2025-05-27,Hostel B,Other,5.59,423,428,false,,Recycling
2025-05-27,Food Court,Food,48.23,618,585,false,,Composting
2025-05-27,Food Court,Plastic,16.3,618,585,false,,Recycling
2025-05-27,Food Court,Paper,8.05,618,585,false,,Recycling
2025-05-27,Food Court,Glass,5.25,618,585,false,,Recycling
2025-05-27,Food Court,Metal,1.89,618,585,false,,Recycling
2025-05-27,Food Court,E-Waste,0.26,618,585,false,,Authorized Recycler
2025-05-27,Food Court,Other,6.87,618,585,false,,Recycling
2025-05-27,Academic Block,Food,6.58,1246,1123,false,,Composting
2025-05-27,Academic Block,Plastic,6.89,1246,1123,false,,Recycling
2025-05-27,Academic Block,Paper,18.91,1246,1123,false,,Recycling
2025-05-27,Academic Block,Glass,1.12,1246,1123,false,,Recycling
2025-05-27,Academic Block,Metal,1.12,1246,1123,false,,Recycling
2025-05-27,Academic Block,E-Waste,1.38,1246,1123,false,,Authorized Recycler
2025-05-27,Academic Block,Other,5.98,1246,1123,false,,Recycling
2025-05-27,Administration,Food,3.56,139,122,false,,Composting
2025-05-27,Administration,Plastic,3.94,139,122,false,,Recycling
2025-05-27,Administration,Paper,10.61,139,122,false,,Recycling
2025-05-27,Administration,Glass,0.61,139,122,false,,Recycling
2025-05-27,Administration,Metal,0.98,139,122,false,,Recycling
2025-05-27,Administration,E-Waste,1.01,139,122,false,,Authorized Recycler
2025-05-27,Administration,Other,4.11,139,122,false,,Recycling
2025-05-28,Main Canteen,Food,58.73,833,714,false,,Composting
2025-05-28,Main Canteen,Plastic,16.8,833,714,false,,Recycling
2025-05-28,Main Canteen,Paper,10.25,833,714,false,,Recycling
2025-05-28,Main Canteen,Glass,3.93,833,714,false,,Recycling
2025-05-28,Main Canteen,Metal,2.12,833,714,false,,Recycling
2025-05-28,Main Canteen,E-Waste,1.93,833,714,false,,Authorized Recycler
2025-05-28,Main Canteen,Other,7.51,833,714,false,,Recycling
2025-05-28,Hostel A,Food,39.94,472,454,false,,Composting
2025-05-28,Hostel A,Plastic,9.51,472,454,false,,Recycling
2025-05-28,Hostel A,Paper,5.33,472,454,false,,Recycling
2025-05-28,Hostel A,Glass,2.75,472,454,false,,Recycling
2025-05-28,Hostel A,Metal,1.14,472,454,false,,Recycling
2025-05-28,Hostel A,E-Waste,0.34,472,454,false,,Authorized Recycler
2025-05-28,Hostel A,Other,5.19,472,454,false,,Recycling
2025-05-28,Hostel B,Food,35.22,428,440,false,,Composting
2025-05-28,Hostel B,Plastic,9.72,428,440,false,,Recycling
2025-05-28,Hostel B,Paper,4.72,428,440,false,,Recycling
2025-05-28,Hostel B,Glass,2.45,428,440,false,,Recycling
2025-05-28,Hostel B,Metal,1.25,428,440,false,,Recycling
2025-05-28,Hostel B,E-Waste,0.41,428,440,false,,Authorized Recycler
2025-05-28,Hostel B,Other,4.61,428,440,false,,Recycling
2025-05-28,Food Court,Food,49.84,584,535,false,,Composting
2025-05-28,Food Court,Plastic,17.32,584,535,false,,Recycling
2025-05-28,Food Court,Paper,6.4,584,535,false,,Recycling
2025-05-28,Food Court,Glass,5.09,584,535,false,,Recycling
2025-05-28,Food Court,Metal,2.04,584,535,false,,Recycling
2025-05-28,Food Court,E-Waste,0.22,584,535,false,,Authorized Recycler
2025-05-28,Food Court,Other,6.08,584,535,false,,Recycling
2025-05-28,Academic Block,Food,6.8,1163,1190,false,,Composting
2025-05-28,Academic Block,Plastic,7.18,1163,1190,false,,Recycling
2025-05-28,Academic Block,Paper,19.42,1163,1190,false,,Recycling
2025-05-28,Academic Block,Glass,1.26,1163,1190,false,,Recycling
2025-05-28,Academic Block,Metal,1.34,1163,1190,false,,Recycling
2025-05-28,Academic Block,E-Waste,1.31,1163,1190,false,,Authorized Recycler
2025-05-28,Academic Block,Other,6.36,1163,1190,false,,Recycling
2025-05-28,Administration,Food,3.35,161,151,false,,Composting
2025-05-28,Administration,Plastic,3.48,161,151,false,,Recycling
2025-05-28,Administration,Paper,11.18,161,151,false,,Recycling
2025-05-28,Administration,Glass,0.61,161,151,false,,Recycling
2025-05-28,Administration,Metal,0.84,161,151,false,,Recycling
2025-05-28,Administration,E-Waste,1.1,161,151,false,,Authorized Recycler
2025-05-28,Administration,Other,3.48,161,151,false,,Recycling
2025-05-29,Main Canteen,Food,118.17,834,855,true,,Composting
2025-05-29,Main Canteen,Plastic,28.01,834,855,true,,Recycling
2025-05-29,Main Canteen,Paper,21.29,834,855,true,,Recycling
2025-05-29,Main Canteen,Glass,7.19,834,855,true,,Recycling
2025-05-29,Main Canteen,Metal,5.21,834,855,true,,Recycling
2025-05-29,Main Canteen,E-Waste,1.02,834,855,true,,Authorized Recycler
2025-05-29,Main Canteen,Other,14.32,834,855,true,,Recycling
2025-05-29,Hostel A,Food,58.37,433,369,true,,Composting
2025-05-29,Hostel A,Plastic,20.73,433,369,true,,Recycling
2025-05-29,Hostel A,Paper,10.08,433,369,true,,Recycling
2025-05-29,Hostel A,Glass,4.54,433,369,true,,Recycling
2025-05-29,Hostel A,Metal,2.14,433,369,true,,Recycling
2025-05-29,Hostel A,E-Waste,0.71,433,369,true,,Authorized Recycler
2025-05-29,Hostel A,Other,8.73,433,369,true,,Recycling
2025-05-29,Hostel B,Food,65.77,431,440,true,,Composting
2025-05-29,Hostel B,Plastic,18.08,431,440,true,,Recycling
2025-05-29,Hostel B,Paper,8.74,431,440,true,,Recycling
2025-05-29,Hostel B,Glass,3.95,431,440,true,,Recycling
2025-05-29,Hostel B,Metal,2.08,431,440,true,,Recycling
2025-05-29,Hostel B,E-Waste,0.75,431,440,true,,Authorized Recycler
2025-05-29,Hostel B,Other,10.28,431,440,true,,Recycling
2025-05-29,Food Court,Food,82.55,600,542,true,,Composting
2025-05-29,Food Court,Plastic,27.85,600,542,true,,Recycling
2025-05-29,Food Court,Paper,14.38,600,542,true,,Recycling
2025-05-29,Food Court,Glass,9.7,600,542,true,,Recycling
2025-05-29,Food Court,Metal,3.59,600,542,true,,Recycling
2025-05-29,Food Court,E-Waste,0.37,600,542,true,,Authorized Recycler
2025-05-29,Food Court,Other,10.55,600,542,true,,Recycling
2025-05-29,Academic Block,Food,11.85,1120,960,true,,Composting
2025-05-29,Academic Block,Plastic,12.3,1120,960,true,,Recycling
2025-05-29,Academic Block,Paper,24.78,1120,960,true,,Recycling
2025-05-29,Academic Block,Glass,2.63,1120,960,true,,Recycling
2025-05-29,Academic Block,Metal,2.17,1120,960,true,,Recycling
2025-05-29,Academic Block,E-Waste,3.08,1120,960,true,,Authorized Recycler
2025-05-29,Academic Block,Other,10.43,1120,960,true,,Recycling
2025-05-29,Administration,Food,6.37,160,148,true,,Composting
2025-05-29,Administration,Plastic,6.29,160,148,true,,Recycling
2025-05-29,Administration,Paper,21.19,160,148,true,,Recycling
2025-05-29,Administration,Glass,1.08,160,148,true,,Recycling
2025-05-29,Administration,Metal,1.62,160,148,true,,Recycling
2025-05-29,Administration,E-Waste,1.41,160,148,true,,Authorized Recycler
2025-05-29,Administration,Other,6.75,160,148,true,,Recycling
2025-05-30,Main Canteen,Food,69.59,897,940,false,,Composting
2025-05-30,Main Canteen,Plastic,16.27,897,940,false,,Recycling
2025-05-30,Main Canteen,Paper,9.11,897,940,false,,Recycling
2025-05-30,Main Canteen,Glass,3.69,897,940,false,,Recycling
2025-05-30,Main Canteen,Metal,2.58,897,940,false,,Recycling
2025-05-30,Main Canteen,E-Waste,0.65,897,940,false,,Authorized Recycler
2025-05-30,Main Canteen,Other,7.37,897,940,false,,Recycling
2025-05-30,Hostel A,Food,32.93,466,463,false,,Composting
2025-05-30,Hostel A,Plastic,12.51,466,463,false,,Recycling
2025-05-30,Hostel A,Paper,5.75,466,463,false,,Recycling
2025-05-30,Hostel A,Glass,2.76,466,463,false,,Recycling
2025-05-30,Hostel A,Metal,1.1,466,463,false,,Recycling
2025-05-30,Hostel A,E-Waste,0.4,466,463,false,,Authorized Recycler
2025-05-30,Hostel A,Other,4.66,466,463,false,,Recycling
2025-05-30,Hostel B,Food,33.62,418,363,false,,Composting
2025-05-30,Hostel B,Plastic,10.54,418,363,false,,Recycling
2025-05-30,Hostel B,Paper,4.46,418,363,false,,Recycling
2025-05-30,Hostel B,Glass,2.56,418,363,false,,Recycling
2025-05-30,Hostel B,Metal,1.22,418,363,false,,Recycling
2025-05-30,Hostel B,E-Waste,0.39,418,363,false,,Authorized Recycler
2025-05-30,Hostel B,Other,5.27,418,363,false,,Recycling
2025-05-30,Food Court,Food,46.46,637,628,false,,Composting
2025-05-30,Food Court,Plastic,16,637,628,false,,Recycling
2025-05-30,Food Court,Paper,6.83,637,628,false,,Recycling
2025-05-30,Food Court,Glass,4.72,637,628,false,,Recycling
2025-05-30,Food Court,Metal,2.07,637,628,false,,Recycling
2025-05-30,Food Court,E-Waste,0.28,637,628,false,,Authorized Recycler
2025-05-30,Food Court,Other,5.56,637,628,false,,Recycling
2025-05-30,Academic Block,Food,5.83,1233,1248,false,,Composting
2025-05-30,Academic Block,Plastic,6.49,1233,1248,false,,Recycling
2025-05-30,Academic Block,Paper,17.77,1233,1248,false,,Recycling
2025-05-30,Academic Block,Glass,1.3,1233,1248,false,,Recycling
2025-05-30,Academic Block,Metal,1.21,1233,1248,false,,Recycling
2025-05-30,Academic Block,E-Waste,1.3,1233,1248,false,,Authorized Recycler
2025-05-30,Academic Block,Other,5.9,1233,1248,false,,Recycling
2025-05-30,Administration,Food,3.67,152,152,false,,Composting
2025-05-30,Administration,Plastic,3.91,152,152,false,,Recycling
2025-05-30,Administration,Paper,13.39,152,152,false,,Recycling
2025-05-30,Administration,Glass,0.54,152,152,false,,Recycling
2025-05-30,Administration,Metal,0.85,152,152,false,,Recycling
2025-05-30,Administration,E-Waste,0.97,152,152,false,,Authorized Recycler
2025-05-30,Administration,Other,3.37,152,152,false,,Recycling
